Gene_set,Term,Overlap,P-value,Adjusted P-value,Old P-value,Old Adjusted P-value,Odds Ratio,Combined Score,Genes
GO_Molecular_Function_2023,Chemokine Receptor Binding (GO:0042379),20/50,4.079165121285571e-05,0.0348125648276853,0,0,3.513094489838676,35.50696237875125,CX3CR1;CCL25;CCL13;CXCL9;CXCL8;CCL22;CCL20;CXCL13;CXCL10;CXCL11;CXCL12;CCL5;CCRL2;ENC1;CCL4;CCL3;XCL1;CCL2;CCL18;CCL17
GO_Molecular_Function_2023,Cytokine Receptor Activity (GO:0004896),26/76,7.584436781630796e-05,0.0348125648276853,0,0,2.742115869017632,26.013979162657822,CX3CR1;CNTFR;IL2RG;IL1RL2;CXCR3;LEPR;IL21R;CCR8;IL12B;CCR5;IL13RA2;IL12RB1;CCR4;CCR2;CCR1;GPR17;IL10RA;IL31RA;GFRA1;LIFR;CD4;IL17REL;IL2RA;IL2RB;IL6ST;IL7R
GO_Molecular_Function_2023,Chemokine Activity (GO:0008009),18/46,0.0001370932116918292,0.0419505227776997,0,0,3.385902727925341,30.11709513972606,CCL25;CCL13;CXCL9;CXCL8;CCL22;CCL20;CXCL13;CXCL10;CXCL11;CXCL12;CCL5;CCL4;ENC1;CCL3;CCL2;XCL1;CCL18;CCL17
GO_Molecular_Function_2023,Chemokine Receptor Activity (GO:0004950),10/19,0.0002483868301212306,0.0426134823142197,0,0,5.844124199387357,48.50928866518563,CCR1;CX3CR1;GPR17;CXCR3;CXCR4;CCR8;CCR7;CCR5;CCR4;CCR2
GO_Molecular_Function_2023,G Protein-Coupled Chemoattractant Receptor Activity (GO:0001637),8/13,0.0002572764826197233,0.0426134823142197,0,0,8.412273011897307,69.5304584975357,CCR1;CX3CR1;GPR17;CXCR3;CCR8;CCR5;CCR4;CCR2
GO_Molecular_Function_2023,DNA Secondary Structure Binding (GO:0000217),14/33,0.00027851949224980246,0.0426134823142197,0,0,3.8781285082216206,31.746447268547307,GEN1;BLM;XRCC2;HMGA1;HMGB3;NR0B1;SMC6;RAD51AP1;RECQL4;RAD51B;NEIL3;HAND2;CLSPN;MAPT
GO_Molecular_Function_2023,Phosphotyrosine Residue Binding (GO:0001784),15/39,0.0006055352647911258,0.0794116247254647,0,0,3.2895356134295577,24.37347779206184,SYK;IRS1;SLA;SAMSN1;SHD;VAV1;SHF;FGR;SHE;HCK;ZAP70;LCK;ABL2;PTPN6;PFN1
GO_Molecular_Function_2023,Non-Membrane Spanning Protein Tyrosine Kinase Activity (GO:0004715),14/36,0.0008037228144750332,0.09222719296101,0,0,3.348693966008897,23.863650823547136,BLK;ITK;SYK;RIPK2;PTK6;FGR;HCK;ZAP70;MELK;LCK;BTK;ABL2;CSK;JAK3
GO_Molecular_Function_2023,Protein Phosphorylated Amino Acid Binding (GO:0045309),16/45,0.0010983111933837,0.112027741725145,0,0,2.9039115094053725,19.78719947018774,SYK;IRS1;SLA;SAMSN1;YWHAZ;SHD;VAV1;SHF;FGR;SHE;HCK;ZAP70;LCK;ABL2;PTPN6;PFN1
GO_Molecular_Function_2023,Carbonate Dehydratase Activity (GO:0004089),7/13,0.0018756158006595,0.163565740297215,0,0,6.131664058424621,38.49960417120967,CA12;CA11;CA3;CA4;CA6;CA9;CA5BP1
GO_Molecular_Function_2023,Platelet-Derived Growth Factor Binding (GO:0048407),6/10,0.0019599380645635,0.163565740297215,0,0,7.882040050062578,49.14327754953787,PDGFRA;COL3A1;COL1A2;COL5A1;COL4A1;PDGFA
GO_Molecular_Function_2023,Amyloid-Beta Binding (GO:0001540),23/79,0.0023924774522684,0.1830245250985344,0,0,2.1630004943153733,13.054629116465756,C1QA;GRIA2;MSR1;NLGN1;COL25A1;ITGA2;ITGB2;LILRB1;FPR2;LILRB2;LILRB3;GRIN2B;MARCO;CALCR;CD36;TLR6;APOE;EPHB2;CRYAB;APBA2;ITM2A;GRIA3;GRIA4
GO_Molecular_Function_2023,Metalloendopeptidase Activity (GO:0004222),27/101,0.0040446921166267,0.2856174894664093,0,0,1.921889763779528,10.59028496372375,ADAMDEC1;ADAM21;ADAMTS16;ADAMTS4;ADAMTS15;ADAMTS5;ADAMTS14;MMP24;ADAMTS19;ADAMTS17;CLCA4;ADAMTS7;MME;MMP1;MMP3;ECEL1;ADAM33;MMP8;MMP9;ADAM19;MMP12;MMP11;MMP13;ADAM12;ADAM8;TRABD2B;PAPPA2
GO_Molecular_Function_2023,Semaphorin Receptor Binding (GO:0030215),9/22,0.0046371276895458,0.3031693176859594,0,0,3.639331229371944,19.55652915206608,SEMA5A;SEMA5B;SEMA7A;SEMA3C;SEMA4D;SH3BP1;SEMA3D;SEMA6D;SEMA3G
GO_Molecular_Function_2023,Phospholipase Binding (GO:0043274),7/15,0.0052342799807969,0.3031693176859594,0,0,4.598200312989046,24.152166621790457,SYK;BANK1;LCK;CLEC6A;WAS;BTK;ARHGAP6
GO_Molecular_Function_2023,Cytokine Activity (GO:0005125),42/178,0.0053150809044888,0.3031693176859594,0,0,1.6283600148920327,8.528058542419153,CCL13;CXCL9;CSF2;CXCL8;CXCL13;FGF2;WNT11;CCL5;ENC1;CCL4;CCL3;IL12B;TNFSF11;CCL2;NDP;CCL18;WNT2;CCL17;IL10;CCL25;GDF10;CCL22;TSLP;CCL20;CD70;IL18;BMP8A;OSM;IL19;BMP8B;NRG1;INHBA;WNT16;BMP7;BMP5;BMP4;CXCL10;CXCL11;CXCL12;IFNG;SCGB3A1;XCL1
GO_Molecular_Function_2023,Voltage-Gated Sodium Channel Activity (GO:0005248),8/19,0.0061278285936956,0.3031693176859594,0,0,3.822394261968464,19.474773165303237,SCN4A;SCN5A;SCN2A;SCN3B;SCN3A;SCN4B;HCN2;SCN2B
GO_Molecular_Function_2023,Metallopeptidase Activity (GO:0008237),31/124,0.0064255313940296,0.3031693176859594,0,0,1.756018080521392,8.863459019326196,ADAMDEC1;PSMD14;ADAM21;CXCR4;ADAMTS16;ADAMTS4;ADAMTS15;ADAMTS5;ADAMTS14;MMP24;ADAMTS19;ADAMTS17;CLCA4;ADAMTS7;MME;MMP1;MMP3;ECEL1;ADAM33;MMP8;MMP9;ADAM19;MMP12;MMP11;DEPDC1B;MMP13;ADAM12;DPEP1;ADAM8;TRABD2B;PAPPA2
GO_Molecular_Function_2023,Lipase Activator Activity (GO:0060229),6/12,0.0064541159677234,0.3031693176859594,0,0,5.254067584480601,26.49645837003561,LCK;CCL5;BTK;CCL3;ARHGAP6;GPIHBP1
GO_Molecular_Function_2023,Tumor Necrosis Factor Receptor Superfamily Binding (GO:0032813),10/27,0.0066446854438729,0.3031693176859594,0,0,3.092473831637918,15.505471827145753,TNFSF18;EDA;CD40LG;STAT1;TNFSF4;DAB2IP;TNFSF11;TNFSF9;TRAF1;MYD88
GO_Molecular_Function_2023,CCR Chemokine Receptor Binding (GO:0048020),14/44,0.0069352458294173,0.3031693176859594,0,0,2.4545378502718527,12.201848290042872,CCL25;CCL13;CCL22;CCL20;CXCL13;CCL5;CCL4;CCRL2;CCL3;CCL2;XCL1;CCL18;CCL17;CCR2
GO_Molecular_Function_2023,MHC Class II Receptor Activity (GO:0032395),5/9,0.0074911729266914,0.3072752875807722,0,0,6.566312167657179,32.13572804637524,HLA-DRA;HLA-DOB;HLA-DQA2;HLA-DQB2;HLA-DPA1
GO_Molecular_Function_2023,CXCR Chemokine Receptor Binding (GO:0045236),7/16,0.0080333408517848,0.3072752875807722,0,0,4.087045731177186,19.71654124610501,CXCL10;CXCL9;CXCL11;CXCL8;CXCL12;CXCL13;YARS1
GO_Molecular_Function_2023,Ionotropic Glutamate Receptor Activity (GO:0004970),7/16,0.0080333408517848,0.3072752875807722,0,0,4.087045731177186,19.71654124610501,GRIA2;GRIK5;GRIK3;GRIK1;GRIN2B;GRIA3;GRIA4
GO_Molecular_Function_2023,Chemorepellent Activity (GO:0045499),9/24,0.0090153801279575,0.3310447582985995,0,0,3.1537112433448167,14.850268848691732,SEMA5A;SEMA5B;SEMA7A;SEMA3C;SEMA4D;SEMA3D;SEMA6D;SEMA3G;NRG1
GO_Molecular_Function_2023,Chemokine Binding (GO:0019956),7/17,0.0117958310396945,0.3974197843647157,0,0,3.6781220657276994,16.33089548561792,CCR1;CX3CR1;ITGA4;CXCR3;CXCR4;CCR5;FGF2
GO_Molecular_Function_2023,Protein Tyrosine Kinase Activity (GO:0004713),25/99,0.0117997921560915,0.3974197843647157,0,0,1.7784073024866227,7.895547526846857,BLK;RET;ITK;CCL13;DYRK2;TTBK1;IGF1R;ABL2;CSK;EPHB2;JAK3;NTRK1;PDGFRA;SYK;RIPK2;INSRR;PTK6;FGR;HCK;ZAP70;MELK;LCK;KIT;BTK;FGFR1
GO_Molecular_Function_2023,MHC Class II Protein Complex Binding (GO:0023026),9/25,0.0121217363422789,0.3974197843647157,0,0,2.9564281240212966,13.045993122523054,HSPA8;CD4;HLA-DMB;HLA-DRA;HLA-DOB;HLA-DQA2;MS4A1;HLA-DQB2;HLA-DPA1
GO_Molecular_Function_2023,Phospholipase Activator Activity (GO:0016004),5/10,0.0130224232424968,0.4122270529866257,0,0,5.252736940882077,22.80256463484967,LCK;CCL5;BTK;CCL3;ARHGAP6
GO_Molecular_Function_2023,MHC Protein Binding (GO:0042287),11/34,0.013926133562787,0.4261396870212832,0,0,2.51420435191367,10.74567945996306,LAG3;CD4;TRBV7-9;CLEC7A;CD8A;TRAV8-4;TAP1;LILRB1;LILRB2;PILRA;TRAV29DV5
GO_Molecular_Function_2023,C-C Chemokine Binding (GO:0019957),4/7,0.015266784142368,0.4514275168037308,0,0,7.002293099854075,29.284120388878044,CCR1;CXCR4;CCR7;CCR5
GO_Molecular_Function_2023,Hyaluronic Acid Binding (GO:0005540),6/14,0.0157360354441387,0.4514275168037308,0,0,3.940081351689612,16.358437421271752,CEMIP;ITIH2;TNFAIP6;STAB2;LYVE1;IMPG1
GO_Molecular_Function_2023,Single-Stranded DNA Helicase Activity (GO:0017116),8/22,0.0166049282427178,0.4619189129337869,0,0,3.002773056624027,12.305531377397852,PIF1;POLQ;RFC4;RAD51;MCM4;DNA2;MCM6;MCM2
GO_Molecular_Function_2023,G Protein-Coupled Receptor Activity (GO:0004930),53/250,0.0176852772749621,0.4775024864239792,0,0,1.4183102201488509,5.722914044441176,GPR27;VIPR1;PTGDR2;GPR65;MRGPRF;AKR1B1;PTH1R;GPR62;GRPR;GPR174;GRM4;GPER1;GRM8;CCR7;CMKLR2;GPR135;MRGPRX3;MRGPRX2;GPR31;PDGFRL;ADGRB3;PGR;CX3CR1;ADCYAP1R1;NPR1;C5AR2;PTAFR;C5AR1;GPR88;CXCR5;LPAR2;CXCR4;FPR2;CXCR6;P2RY8;P2RY6;CNR2;DRD2;S1PR4;TAS1R3;NTSR1;GPR17;GABBR2;GABBR1;P2RY10;GPR55;TSHR;GPR141;GPR183;ADGRD2;NMUR1;LGR6;F2RL3
GO_Molecular_Function_2023,SH2 Domain Binding (GO:0042169),10/31,0.019057328694697,0.4998465069066264,0,0,2.502834467120181,9.91198420769778,AFAP1L2;IRS1;SIT1;LCK;SIGLEC10;LILRB1;LAX1;PAG1;SH2B2;SLAMF1
GO_Molecular_Function_2023,Carboxylic Acid Transmembrane Transporter Activity (GO:0046943),16/59,0.0205478835767394,0.5152419235714345,0,0,1.9568168878377787,7.602228389069066,SLC36A1;ABCC1;SLC43A2;SLC7A14;SLC16A12;SLC6A12;SLC16A11;SLC16A10;SLC7A3;SLC5A6;SLC7A5;SLC7A6;SLC16A9;SLC16A3;SLC16A4;SLC38A5
GO_Molecular_Function_2023,Complement Receptor Activity (GO:0004875),5/11,0.0207668313422037,0.5152419235714345,0,0,4.377020123032009,16.958318938944625,CR2;C5AR2;C5AR1;FPR3;FPR2
GO_Molecular_Function_2023,Lipoprotein Particle Binding (GO:0071813),8/23,0.0219673061442888,0.530683869485714,0,0,2.8024212064287206,10.700204693243228,MSR1;STAB2;PCSK9;CD36;LCP1;MAPT;HSPD1;GPIHBP1
GO_Molecular_Function_2023,Monocarboxylic Acid Transmembrane Transporter Activity (GO:0008028),10/32,0.0238447414661372,0.5612685298952311,0,0,2.3889268626110733,8.925488404378095,SLC5A6;SLC27A1;SLC16A12;SLC16A11;SLC6A12;SLC16A10;SLC16A9;SLC16A3;SLC16A4;SLC26A6
GO_Molecular_Function_2023,Cytokine Receptor Binding (GO:0005126),24/100,0.0244906513209548,0.5620604478159132,0,0,1.6616210128846345,6.163723018195495,TNFSF18;IL10;CCL25;TSLP;SYK;IL18;OSM;LIFR;VEGFD;TGFBR3;MYDGF;CXCL12;IL23A;TNFSF4;CCL5;CCRL2;IL12B;TNFSF11;TNFSF9;XCL1;IL6ST;CD300LF;IL12RB1;JAK3
GO_Molecular_Function_2023,"Endodeoxyribonuclease Activity, Producing 5'-Phosphomonoesters (GO:0016888)",4/8,0.0267003077038455,0.5978264017592734,0,0,5.25140712945591,19.026269135912436,GEN1;FEN1;EXO1;DNA2
GO_Molecular_Function_2023,Platelet-Derived Growth Factor Receptor Binding (GO:0005161),5/12,0.0309902168536421,0.634503655518346,0,0,3.7515081102819607,13.03305321262888,PDGFRA;PDGFD;PDGFA;PTPRJ;VEGFD
GO_Molecular_Function_2023,5'-Flap Endonuclease Activity (GO:0017108),3/5,0.0317943008211807,0.634503655518346,0,0,7.875586120662707,27.15870848813117,GEN1;FEN1;EXO1
GO_Molecular_Function_2023,Double-Stranded Methylated DNA Binding (GO:0010385),3/5,0.0317943008211807,0.634503655518346,0,0,7.875586120662707,27.15870848813117,EGR1;WT1;MACROH2A1
GO_Molecular_Function_2023,Myosin Light Chain Binding (GO:0032027),3/5,0.0317943008211807,0.634503655518346,0,0,7.875586120662707,27.15870848813117,MYLK2;MYOC;IQGAP3
GO_Molecular_Function_2023,Sterol Esterase Activity (GO:0004771),3/5,0.0317943008211807,0.634503655518346,0,0,7.875586120662707,27.15870848813117,LIPE;NCEH1;LCAT
GO_Molecular_Function_2023,Transmitter-Gated Monoatomic Ion Channel Activity Involved In Regulation Of Postsynaptic Membrane Potential (GO:1904315),10/34,0.0359051576967364,0.6908717261545064,0,0,2.189588554720133,7.284485945832171,CHRNA1;GRIA2;CHRNB4;GRIK5;CHRNA6;GRIK3;GRIK1;GRIN2B;GRIA3;GRIA4
GO_Molecular_Function_2023,Adenylyltransferase Activity (GO:0070566),8/25,0.0361240118250722,0.6908717261545064,0,0,2.4724299237540976,8.210439078196744,OAS1;FLAD1;OAS2;OAS3;NMNAT2;TENT5B;TENT5C;OASL
GO_Molecular_Function_2023,Neurotransmitter Receptor Activity Involved In Regulation Of Postsynaptic Membrane Potential (GO:0099529),7/21,0.0394665897670113,0.7333570447931235,0,0,2.62660406885759,8.489974416433743,GRIA2;GRIK5;GRIK3;GRIK1;GRIN2B;GRIA3;GRIA4
GO_Molecular_Function_2023,Aromatic Amino Acid Transmembrane Transporter Activity (GO:0015173),4/9,0.0420676405383778,0.7333570447931235,0,0,4.20087554721701,13.31037531272632,SLC7A5;SLC43A2;SLC16A10;SLC38A5
GO_Molecular_Function_2023,Inhibitory MHC Class I Receptor Activity (GO:0032396),4/9,0.0420676405383778,0.7333570447931235,0,0,4.20087554721701,13.31037531272632,LILRB1;LILRB2;LILRB4;LILRA4
GO_Molecular_Function_2023,Phosphate Ion Binding (GO:0042301),4/9,0.0420676405383778,0.7333570447931235,0,0,4.20087554721701,13.31037531272632,RPH3A;PNP;MTHFD2;PDE2A
GO_Molecular_Function_2023,Histone Acetyltransferase Binding (GO:0035035),6/17,0.0423397858104962,0.7333570447931235,0,0,2.865001706678803,9.059215823093046,EGR1;PCNA;STAT1;PAX6;FOXP3;GLI3
GO_Molecular_Function_2023,Growth Factor Receptor Binding (GO:0070851),22/96,0.0483349316844908,0.8216938386363445,0,0,1.5635220125786164,4.7368474720221405,KLB;IL10;ARF4;PDGFRA;KL;TSLP;SLA;PDGFA;TGFA;PTPRJ;VEGFD;FGF1;FGF2;ESM1;FGF9;PDGFD;IL12B;IL6ST;CD300LF;IL12RB1;CNOT9;FGF10
GO_Molecular_Function_2023,Kinase Binding (GO:0019900),87/460,0.0513828448609579,0.8291515537252588,0,0,1.2298658656763304,3.6507964601967657,MYOM1;TFRC;ITGB2;KIF14;PTPN22;PTPRJ;KIF11;FOXM1;CD3E;CKS1B;TTC28;SPRED3;POTEKP;TCL1A;SIT1;WWC3;FBXO5;SCN5A;TNS2;BORA;PARP1;FCRL3;UNC5C;PAX6;ACSL3;CDC25C;LAX1;YWHAZ;CDC25A;CIT;SGO1;ACTA2;CCNA2;FGR;TIAM1;LCK;CKS2;DCX;JTB;HCLS1;CD226;SIK1;VDAC1;IRF5;KIF20A;MAPT;ATF5;AGAP2;WAS;THY1;NOD2;PTN;HIF1A;MACROH2A1;AURKB;RELB;AURKA;CCNB1;SOCS1;RACGAP1;IRAK1;SASH1;TCF7L2;GSN;CDKN2A;CAV2;RCC2;CAV1;PLK1;SH2D1A;IL31RA;DAB2IP;CDC6;ESR1;WARS1;TPX2;GARS1;PER1;CD4;PTPRC;NR4A3;PRC1;SPRY2;PTPN6;CNOT9;FERMT2;CDK5R1
GO_Molecular_Function_2023,Microtubule Binding (GO:0008017),48/239,0.0536959746931587,0.8291515537252588,0,0,1.3232361797700585,3.869694695964928,KIF14;KIF12;SPATA4;SKA1;KIF15;RACGAP1;KIF5C;KIF5A;CCDC181;MAP6;KIF21A;KIF21B;UBASH3A;KIF1A;FSD1;GTSE1;DLGAP5;ENKD1;DST;SPAG5;RCC2;STARD9;PLK1;KIF23;CFAP157;KNSTRN;DCDC1;EML4;CLIP3;CENPE;KIF18A;KIF18B;CDK5;NAV3;KIFC1;KIF26A;REEP4;PRC1;CCDC88C;DCX;CCDC170;BIRC5;KIF2C;KIF20A;MAPT;GAPDH;SPC24;SPACA9
GO_Molecular_Function_2023,Hydro-Lyase Activity (GO:0016836),12/46,0.054341883498674,0.8291515537252588,0,0,1.8547667342799188,5.401933949291571,CA12;CA11;CA3;GMDS;CBS;CYP2S1;CA4;CA6;CA9;ECHDC3;CA5BP1;ENO4
GO_Molecular_Function_2023,E-box Binding (GO:0070888),13/51,0.054798154206638,0.8291515537252588,0,0,1.7979567922628774,5.2214441052488345,TCF15;BHLHE41;SCX;TCF21;OLIG1;BHLHA15;GATA3;ASCL2;PER1;HAND2;ATOH8;BMAL2;NEUROG2
GO_Molecular_Function_2023,Flap Endonuclease Activity (GO:0048256),3/6,0.0560993432925518,0.8291515537252588,0,0,5.250078149421694,15.123538775480128,GEN1;FEN1;EXO1
GO_Molecular_Function_2023,Lipoprotein Lipase Activity (GO:0004465),3/6,0.0560993432925518,0.8291515537252588,0,0,5.250078149421694,15.123538775480128,LCP1;LIPK;PNPLA2
GO_Molecular_Function_2023,Nitric-Oxide Synthase Binding (GO:0050998),3/6,0.0560993432925518,0.8291515537252588,0,0,5.250078149421694,15.123538775480128,CAV1;NOS1AP;SCN5A
GO_Molecular_Function_2023,Primary Amine Oxidase Activity (GO:0008131),3/6,0.0560993432925518,0.8291515537252588,0,0,5.250078149421694,15.123538775480128,AOC3;IL4I1;MAOB
GO_Molecular_Function_2023,Receptor Ligand Activity (GO:0048018),62/319,0.0569025576085961,0.8291515537252588,0,0,1.2708394260080795,3.642753180180255,CD86;SEMA5A;SEMA5B;CXCL9;CSF2;EDA;CD80;CXCL13;FGF1;FGF2;TNFSF13B;FGF9;IL12B;TNFSF11;IL10;EDN2;SEMA6D;IL18;IL19;NRG1;WNT16;IFNG;VGF;GRN;SEMA7A;SEMA3C;SEMA3D;SEMA3G;PDGFA;TGFA;PTN;PTHLH;NTF4;WNT11;CCL5;CCL4;CCL3;NDP;WNT2;JAG2;CCL25;GDF10;TSLP;SEMA4D;CD70;BDNF;IGF2;BMP8A;OSM;BMP8B;VEGFD;INHBA;BMP7;BMP5;BMP4;CXCL10;PYY;TAFA5;TAFA3;LEP;SCGB3A1;FGF10
GO_Molecular_Function_2023,Sodium Channel Activity (GO:0005272),10/37,0.0610011993855012,0.8351573367924175,0,0,1.945952845075652,5.44256108542606,GRIK5;GRIK3;GRIK1;PKD2L1;SCN4A;SCN5A;SCN2A;SCN3A;SCN4B;HCN2
GO_Molecular_Function_2023,Dipeptidyl-Peptidase Activity (GO:0008239),4/10,0.0614311418425474,0.8351573367924175,0,0,3.5005211590577443,9.76588826650834,DPP6;NAALAD2;PRSS16;DPP3
GO_Molecular_Function_2023,Ligand-Gated Monoatomic Ion Channel Activity Involved In Regulation Of Presynaptic Membrane Potential (GO:0099507),4/10,0.0614311418425474,0.8351573367924175,0,0,3.5005211590577443,9.76588826650834,GRIK5;GRIN2B;GRIA3;GRIA4
GO_Molecular_Function_2023,Calmodulin-Dependent Protein Kinase Activity (GO:0004683),7/23,0.0624589161052628,0.8351573367924175,0,0,2.2980046948356807,6.37293297298364,CAMK2B;MYLK2;CAMK1D;DAPK1;CAMK4;CAMK2A;MAPKAPK2
GO_Molecular_Function_2023,High Voltage-Gated Calcium Channel Activity (GO:0008331),7/23,0.0624589161052628,0.8351573367924175,0,0,2.2980046948356807,6.37293297298364,SCN4A;SCN5A;CACNA1F;SCN2A;CACNA1E;SCN3A;CACNA1G
GO_Molecular_Function_2023,Exopeptidase Activity (GO:0008238),13/52,0.0627732638765542,0.8351573367924175,0,0,1.751750810076304,4.849242191592571,CTSA;CPB1;MME;CTSZ;PRSS16;CXCR4;GGH;DPP3;DPP6;DPEP2;CTSH;DPEP1;NAALAD2
GO_Molecular_Function_2023,DNA Polymerase Binding (GO:0070182),6/19,0.0700918921088268,0.9062585486746904,0,0,2.4239433907769325,6.442715859501847,FANCI;CDT1;PCNA;RAD51;FANCD2;SMARCA4
GO_Molecular_Function_2023,Microtubule Plus-End Binding (GO:0051010),6/19,0.0700918921088268,0.9062585486746904,0,0,2.4239433907769325,6.442715859501847,CLIP3;KIF18A;DST;KIF2C;UBASH3A;KNSTRN
GO_Molecular_Function_2023,Insulin-Like Growth Factor Binding (GO:0005520),5/15,0.0778872870736671,0.929791945437203,0,0,2.6255864873318737,6.701789908604937,IGFBP1;LRP2;IGFALS;IGFBP6;IGF1R
GO_Molecular_Function_2023,MHC Class I Receptor Activity (GO:0032393),4/11,0.0846679109673349,0.929791945437203,0,0,3.0002680246582685,7.407717570693018,LILRB1;LILRB2;LILRB4;LILRA4
GO_Molecular_Function_2023,Toll-like Receptor Binding (GO:0035325),4/11,0.0846679109673349,0.929791945437203,0,0,3.0002680246582685,7.407717570693018,DAB2IP;TLR10;TLR6;MYD88
GO_Molecular_Function_2023,"3',5'-cyclic-GMP Phosphodiesterase Activity (GO:0047555)",3/7,0.0867237949470208,0.929791945437203,0,0,3.937324163801188,9.626863814727976,PDE1C;PDE2A;PDE5A
GO_Molecular_Function_2023,MHC Class Ib Protein Binding (GO:0023029),3/7,0.0867237949470208,0.929791945437203,0,0,3.937324163801188,9.626863814727976,TAP1;LILRB1;LILRB2
GO_Molecular_Function_2023,Alpha-(1->3)-Fucosyltransferase Activity (GO:0046920),3/7,0.0867237949470208,0.929791945437203,0,0,3.937324163801188,9.626863814727976,FUT7;FUT9;FUT3
GO_Molecular_Function_2023,Androsterone Dehydrogenase Activity (GO:0047023),3/7,0.0867237949470208,0.929791945437203,0,0,3.937324163801188,9.626863814727976,DHRS9;RDH5;HSD17B6
GO_Molecular_Function_2023,Bubble DNA Binding (GO:0000405),3/7,0.0867237949470208,0.929791945437203,0,0,3.937324163801188,9.626863814727976,RECQL4;BLM;NEIL3
GO_Molecular_Function_2023,Dehydroascorbic Acid Transmembrane Transporter Activity (GO:0033300),3/7,0.0867237949470208,0.929791945437203,0,0,3.937324163801188,9.626863814727976,SLC2A1;SLC2A3;SLC2A6
GO_Molecular_Function_2023,Fructose Transmembrane Transporter Activity (GO:0005353),3/7,0.0867237949470208,0.929791945437203,0,0,3.937324163801188,9.626863814727976,SLC2A3;SLC2A5;SLC2A6
GO_Molecular_Function_2023,Peptidyl-Proline 4-Dioxygenase Activity (GO:0031545),3/7,0.0867237949470208,0.929791945437203,0,0,3.937324163801188,9.626863814727976,EGLN3;P4HA1;P4HA3
GO_Molecular_Function_2023,Procollagen-Proline Dioxygenase Activity (GO:0019798),3/7,0.0867237949470208,0.929791945437203,0,0,3.937324163801188,9.626863814727976,P4HA1;P4HA3;P3H2
GO_Molecular_Function_2023,Purine Nucleotide Transmembrane Transporter Activity (GO:0015216),3/7,0.0867237949470208,0.929791945437203,0,0,3.937324163801188,9.626863814727976,ABCC4;SLC17A9;SLC25A5
GO_Molecular_Function_2023,Fibroblast Growth Factor Binding (GO:0017134),6/20,0.0871046920562085,0.929791945437203,0,0,2.2506704809583407,5.493086591011257,KLB;KL;SCN5A;CXCL13;FGFR4;FGFR1
GO_Molecular_Function_2023,Pyridoxal Phosphate Binding (GO:0030170),6/20,0.0871046920562085,0.929791945437203,0,0,2.2506704809583407,5.493086591011257,SDS;CBS;PSAT1;PYGM;ACCS;THNSL2
GO_Molecular_Function_2023,Serine-Type Endopeptidase Activity (GO:0004252),26/125,0.0926723573284361,0.9778531497414296,0,0,1.3808551510062843,3.284619498150497,CFD;PCSK9;PLAT;KLK3;CTSS;KLK6;PLAU;CTSH;ELANE;F10;MMP1;F12;GZMA;MMP3;OVCH2;GZMB;MMP8;MMP9;GZMH;MMP12;GZMK;MMP11;MMP13;CNTN1;ADAM8;MASP2
GO_Molecular_Function_2023,"3',5'-Cyclic-Nucleotide Phosphodiesterase Activity (GO:0004114)",5/16,0.0989453590144744,0.9981520832449176,0,0,2.3867546279182186,5.521010995602059,PDE11A;PDE1C;PDE2A;PDE5A;PDE8B
GO_Molecular_Function_2023,Four-Way Junction DNA Binding (GO:0000400),5/16,0.0989453590144744,0.9981520832449176,0,0,2.3867546279182186,5.521010995602059,GEN1;RAD51B;BLM;XRCC2;HMGB3
GO_Molecular_Function_2023,Glutamate Receptor Activity (GO:0008066),5/16,0.0989453590144744,0.9981520832449176,0,0,2.3867546279182186,5.521010995602059,GRIA2;GRM4;GRM8;GRIK3;GRIA4
GO_Molecular_Function_2023,Hexose Transmembrane Transporter Activity (GO:0015149),5/16,0.0989453590144744,0.9981520832449176,0,0,2.3867546279182186,5.521010995602059,SLC2A1;SLC2A3;SLC2A4;SLC2A5;SLC2A6
GO_Molecular_Function_2023,Amino Acid Transmembrane Transporter Activity (GO:0015171),13/56,0.1021400325987638,0.9999946343044456,0,0,1.5884180358353934,3.6238336466651626,SLC36A1;SLC43A2;SLC7A14;SLC6A12;SLC1A3;SLC16A10;SLC7A10;SLC7A3;SLC7A5;SLC7A6;SLC7A7;SLC38A5;SLC25A13
GO_Molecular_Function_2023,Protein Serine/Threonine Kinase Activator Activity (GO:0043539),13/56,0.1021400325987638,0.9999946343044456,0,0,1.5884180358353934,3.6238336466651626,SH2D1A;DAB2IP;IGF2;STK4;CKS1B;TCL1A;CCNB1;DBF4;CD40LG;CKS2;CCNYL1;SPRY2;CDK5R1
GO_Molecular_Function_2023,Cyclin-Dependent Protein Serine/Threonine Kinase Regulator Activity (GO:0016538),11/46,0.106953270351142,0.9999946343044456,0,0,1.6510095357478622,3.69060606737092,CCNA2;CCNB2;CCNB1;CDKN2A;CCNE1;CCNF;CKS2;CCNYL1;CKS1B;CDK5R1;MCM2
GO_Molecular_Function_2023,"Phosphatidylinositol-3,4,5-Trisphosphate Binding (GO:0005547)",9/36,0.1101471345855739,0.9999946343044456,0,0,1.750809061488673,3.862176624346641,ARHGAP9;JPH2;OBSCN;RACGAP1;ARAP2;BTK;DAPP1;FERMT2;MYO1G
GO_Molecular_Function_2023,"Oxidoreductase Activity, Acting On NAD(P)H, Oxygen As Acceptor (GO:0050664)",4/12,0.1115067747882712,0.9999946343044456,0,0,2.625078173858661,5.758555052567073,NCF1;NOX4;CYBA;KMO
GO_Molecular_Function_2023,Endopeptidase Activity (GO:0004175),62/335,0.1197287471545614,0.9999946343044456,0,0,1.1952007652644596,2.5368453392017494,ADAMDEC1;CTSZ;PCSK9;PLAT;CTSS;ADAMTS4;ADAMTS5;IMMP2L;MMP24;CASP8;CTSL;PLAU;CTSH;CTSF;CTSD;CTSC;CTSB;ADAMTS7;USP6;MME;MMP1;MST1;USP2;MMP3;OVCH2;MMP8;MMP9;MMP12;ADAM19;MMP11;MMP13;ESPL1;ADAM12;ADAM8;MASP2;TRABD2B;PAPPA2;CFD;HTRA4;ADAM21;KLK3;USP18;KLK6;ADAMTS16;ADAMTS15;ADAMTS14;ADAMTS19;ADAMTS17;ELANE;CLCA4;F10;F12;GZMA;ECEL1;ADAM33;GZMB;PSMB9;GZMH;GZMK;CNTN1;REN;LGMN
GO_Molecular_Function_2023,"DNA Binding, Bending (GO:0008301)",5/17,0.122531025643907,0.9999946343044456,0,0,2.18772807840684,4.592896661231061,TOP2A;LEF1;FOXI1;HMGA1;HMGB3
GO_Molecular_Function_2023,Calcium-Dependent Protein Serine/Threonine Kinase Activity (GO:0009931),3/8,0.1227379114379347,0.9999946343044456,0,0,3.149671772428884,6.607079070402228,CAMK4;MAPKAPK2;CCL3
GO_Molecular_Function_2023,aminoacyl-tRNA Ligase Activity (GO:0004812),9/37,0.1259440473800549,0.9999946343044456,0,0,1.6881794997986668,3.497768714732118,GARS1;EPRS1;MARS2;MARS1;DARS2;YARS1;TARS1;WARS1;VARS1
GO_Molecular_Function_2023,Growth Factor Activity (GO:0008083),18/85,0.125989129964699,0.9999946343044456,0,0,1.4117134178354458,2.9244485479261724,IL10;JAG2;GRN;BDNF;IGF2;OSM;PDGFA;TGFA;NRG1;VEGFD;PTN;INHBA;FGF1;FGF2;NTF4;FGF9;IL12B;FGF10
GO_Molecular_Function_2023,"Oxidoreductase Activity, Acting On Paired Donors, With Incorporation Or Reduction Of Molecular Oxygen, NAD(P)H As One Donor, And Incorporation Of One Atom Of Oxygen (GO:0016709)",7/27,0.1284314855111633,0.9999946343044456,0,0,1.837965571205008,3.7721664748074346,CYP27B1;SQLE;MICAL2;FMO2;CYP46A1;CYP4F11;KMO
GO_Molecular_Function_2023,Protein Homodimerization Activity (GO:0042803),117/662,0.1291569581642626,0.9999946343044456,0,0,1.1310133376949727,2.314875404740632,CDA;TFRC;IKZF3;GEN1;GBP5;PDGFRA;ST6GAL1;G6PD;ACOT7;SDS;TPM2;SLC11A1;TAP1;HOGA1;KNSTRN;FOXP3;FOXP2;POU3F3;TYROBP;ABCG2;BLM;PDGFA;STK4;CORO1A;FBLN5;IRAK1;STC2;SYNDIG1;HMOX1;NDP;APOE;ECT2;S100A11;RAB11FIP4;GSTM3;GSTM2;RBPMS;CAV2;PDE2A;NR0B1;GGCT;MLXIPL;NR4A3;EPRS1;COL9A3;CNOT9;FGFR1;TOP2A;MYOM1;TENM2;CITED1;HSPB6;PTPRO;PLEK;BHLHE41;CGAS;PTH1R;IMPA2;GLIPR2;KYNU;ABCD1;CR2;TPI1;FCER1G;HMGCS1;MME;PARP1;RIPK2;TESC;DARS2;CIP2A;ADRA2C;HAND2;KIT;CAT;CASQ2;XCL1;RDH5;LCP1;LCT;CRYAB;CAMK2B;BCL2A1;ODC1;CAMK2A;CST7;RASIP1;TYMP;MTHFD1L;CBS;CCL5;UCP2;BAK1;GBP1;PDLIM4;GBP4;NTRK1;NTRK2;AOC1;NLGN4X;GCH1;STAT1;GZMA;DAB2IP;LILRB1;LILRB2;TBX18;WARS1;CENPF;CD4;GALE;GLB1;C16ORF89;BAX;S100P;MIXL1;MAD2L1
GO_Molecular_Function_2023,Serine-Type Peptidase Activity (GO:0008236),28/142,0.1376486051148552,0.9999946343044456,0,0,1.2910600382493729,2.560238133604334,CFD;PCSK9;PLAT;KLK3;CTSS;KLK6;PLAU;NAALAD2;CTSH;ELANE;F10;MMP1;F12;GZMA;MMP3;OVCH2;PRSS16;GZMB;MMP8;MMP9;GZMH;MMP12;GZMK;MMP11;MMP13;CNTN1;ADAM8;MASP2
GO_Molecular_Function_2023,DNA Replication Origin Binding (GO:0003688),4/13,0.141566455357609,0.9999946343044456,0,0,2.333263845458968,4.561498205794786,ORC1;MCM10;CDC6;HSPD1
GO_Molecular_Function_2023,MHC Class I Protein Binding (GO:0042288),4/13,0.141566455357609,0.9999946343044456,0,0,2.333263845458968,4.561498205794786,CD8A;LILRB1;LILRB2;PILRA
GO_Molecular_Function_2023,Arylsulfatase Activity (GO:0004065),4/13,0.141566455357609,0.9999946343044456,0,0,2.333263845458968,4.561498205794786,ARSI;ARSG;SULF1;ARSB
GO_Molecular_Function_2023,Phosphatidate Phosphatase Activity (GO:0008195),4/13,0.141566455357609,0.9999946343044456,0,0,2.333263845458968,4.561498205794786,PLPPR1;PLPP4;PLPPR3;LPIN3
GO_Molecular_Function_2023,Protein Tyrosine Phosphatase Activity (GO:0004725),16/76,0.1483723761712924,0.9999946343044456,0,0,1.4009625444653693,2.673078717785958,PTPRN;PTPRO;PTPN21;PTPN22;PTPRJ;DUSP15;CDC25C;CDC25A;MTMR7;PTPRC;UBASH3B;PTPRZ1;PTPN6;PTPN7;TNS2;CDKN3
GO_Molecular_Function_2023,Nucleobase-Containing Compound Kinase Activity (GO:0019205),5/18,0.1484394123096082,0.9999946343044456,0,0,2.0193209980510574,3.852013122402057,CMPK2;AK5;TK1;AK7;NME1
GO_Molecular_Function_2023,Protein Kinase Activator Activity (GO:0030295),18/88,0.1596787539109204,0.9999946343044456,0,0,1.3509691313711414,2.478476174606324,AFAP1L2;SH2D1A;AGAP2;DAB2IP;IGF2;NRG1;NOD2;STK4;TCL1A;DBF4;GPRC5A;WNT11;CD40LG;SPRY2;NCKAP1L;CD36;IL6ST;CDK5R1
GO_Molecular_Function_2023,"DNA Endonuclease Activity, Producing 3'-Phosphomonoesters (GO:0016889)",3/9,0.1630730630548627,0.9999946343044456,0,0,2.6245701781806816,4.759807458543457,GEN1;EME1;DNASE2B
GO_Molecular_Function_2023,cAMP Response Element Binding (GO:0035497),3/9,0.1630730630548627,0.9999946343044456,0,0,2.6245701781806816,4.759807458543457,NR4A3;CREB3L1;CREB3L2
GO_Molecular_Function_2023,Glycine Transmembrane Transporter Activity (GO:0015187),3/9,0.1630730630548627,0.9999946343044456,0,0,2.6245701781806816,4.759807458543457,SLC36A1;SLC6A2;SLC38A5
GO_Molecular_Function_2023,Non-Membrane Spanning Protein Tyrosine Phosphatase Activity (GO:0004726),3/9,0.1630730630548627,0.9999946343044456,0,0,2.6245701781806816,4.759807458543457,PTPN22;PTPN6;PTPN7
GO_Molecular_Function_2023,Tumor Necrosis Factor Receptor Binding (GO:0005164),3/9,0.1630730630548627,0.9999946343044456,0,0,2.6245701781806816,4.759807458543457,STAT1;TNFSF11;TRAF1
GO_Molecular_Function_2023,Transcription Coactivator Binding (GO:0001223),8/34,0.16604703710697,0.9999946343044456,0,0,1.6157217860411348,2.9010028975504456,THRB;STAT1;HAND2;AKR1B1;PGR;HIF1A;ESR1;CIT
GO_Molecular_Function_2023,Metal Ion Transmembrane Transporter Activity (GO:0046873),7/29,0.1707509787708604,0.9999946343044456,0,0,1.6706786171574903,2.95300639987392,SLC12A3;TUSC3;KCNA1;SLC11A1;ATP2A3;ITPR1;TMEM165
GO_Molecular_Function_2023,Protein Tyrosine Kinase Activator Activity (GO:0030296),7/29,0.1707509787708604,0.9999946343044456,0,0,1.6706786171574903,2.95300639987392,ANGPT4;AFAP1L2;CCL5;NRG1;NOD2;CD36;IL6ST
GO_Molecular_Function_2023,3'-5' DNA Helicase Activity (GO:0043138),4/14,0.174391478146185,0.9999946343044456,0,0,2.099812382739212,3.6672228636788007,RECQL4;BLM;MCM6;MCM2
GO_Molecular_Function_2023,Acetylcholine Receptor Regulator Activity (GO:0030548),4/14,0.174391478146185,0.9999946343044456,0,0,2.099812382739212,3.6672228636788007,LYNX1;LYPD1;LYPD6;GPIHBP1
GO_Molecular_Function_2023,Cyclin-Dependent Protein Serine/Threonine Kinase Activator Activity (GO:0061575),4/14,0.174391478146185,0.9999946343044456,0,0,2.099812382739212,3.6672228636788007,CKS2;CCNYL1;CKS1B;CDK5R1
GO_Molecular_Function_2023,Nucleoside Diphosphate Kinase Activity (GO:0004550),4/14,0.174391478146185,0.9999946343044456,0,0,2.099812382739212,3.6672228636788007,CMPK2;AK5;AK7;NME1
GO_Molecular_Function_2023,Phospholipase A1 Activity (GO:0008970),4/14,0.174391478146185,0.9999946343044456,0,0,2.099812382739212,3.6672228636788007,LIPG;PLAAT3;LCP1;PLAAT5
GO_Molecular_Function_2023,Glucose Transmembrane Transporter Activity (GO:0005355),6/24,0.174522325383167,0.9999946343044456,0,0,1.750104297037964,3.0551616327490967,SLC5A9;SLC2A1;SLC2A3;SLC2A4;SLC2A5;SLC2A6
GO_Molecular_Function_2023,Transmitter-Gated Monoatomic Ion Channel Activity (GO:0022824),9/40,0.1799299684119711,0.9999946343044456,0,0,1.5245345160280048,2.614862649144996,GRIA2;GLRA3;GRIK5;GRIK3;GRIK1;GRIN2B;GRIA3;GRIA4;GABRG1
GO_Molecular_Function_2023,4-galactosyl-N-acetylglucosaminide 3-alpha-L-fucosyltransferase Activity (GO:0017083),2/5,0.1836631200680544,0.9999946343044456,0,0,3.4989583333333334,5.9295169777317165,FUT7;FUT9
GO_Molecular_Function_2023,ADP-D-ribose Modification-Dependent Protein Binding (GO:0160002),2/5,0.1836631200680544,0.9999946343044456,0,0,3.4989583333333334,5.9295169777317165,CGAS;MACROH2A1
GO_Molecular_Function_2023,L-leucine Transmembrane Transporter Activity (GO:0015190),2/5,0.1836631200680544,0.9999946343044456,0,0,3.4989583333333334,5.9295169777317165,SLC7A5;SLC43A2
GO_Molecular_Function_2023,[Heparan Sulfate]-Glucosamine 3-Sulfotransferase 1 Activity (GO:0008467),2/5,0.1836631200680544,0.9999946343044456,0,0,3.4989583333333334,5.9295169777317165,HS3ST3A1;HS3ST2
GO_Molecular_Function_2023,Acetylcholine Receptor Inhibitor Activity (GO:0030550),2/5,0.1836631200680544,0.9999946343044456,0,0,3.4989583333333334,5.9295169777317165,LYPD1;LYPD6
GO_Molecular_Function_2023,"alpha-N-acetylneuraminate Alpha-2,8-Sialyltransferase Activity (GO:0003828)",2/5,0.1836631200680544,0.9999946343044456,0,0,3.4989583333333334,5.9295169777317165,ST8SIA2;ST8SIA4
GO_Molecular_Function_2023,Beta-Glucosidase Activity (GO:0008422),2/5,0.1836631200680544,0.9999946343044456,0,0,3.4989583333333334,5.9295169777317165,KL;LCT
GO_Molecular_Function_2023,Ciliary Neurotrophic Factor Receptor Binding (GO:0005127),2/5,0.1836631200680544,0.9999946343044456,0,0,3.4989583333333334,5.9295169777317165,LIFR;IL6ST
GO_Molecular_Function_2023,Epinephrine Binding (GO:0051379),2/5,0.1836631200680544,0.9999946343044456,0,0,3.4989583333333334,5.9295169777317165,ADRA2C;ADRA2B
GO_Molecular_Function_2023,Malate Dehydrogenase Activity (GO:0016615),2/5,0.1836631200680544,0.9999946343044456,0,0,3.4989583333333334,5.9295169777317165,ME3;ME2
GO_Molecular_Function_2023,Neuropeptide Y Receptor Activity (GO:0004983),2/5,0.1836631200680544,0.9999946343044456,0,0,3.4989583333333334,5.9295169777317165,NPY5R;NPY2R
GO_Molecular_Function_2023,Oligosaccharyl Transferase Activity (GO:0004576),2/5,0.1836631200680544,0.9999946343044456,0,0,3.4989583333333334,5.9295169777317165,RPN2;PSMD2
GO_Molecular_Function_2023,"Oxidoreductase Activity, Acting On Paired Donors, With Incorporation Or Reduction Of Molecular Oxygen, Another Compound As One Donor, And Incorporation Of One Atom Of Oxygen (GO:0016716)",2/5,0.1836631200680544,0.9999946343044456,0,0,3.4989583333333334,5.9295169777317165,FAXDC2;MSMO1
GO_Molecular_Function_2023,Phosphatidylcholine-Sterol O-acyltransferase Activator Activity (GO:0060228),2/5,0.1836631200680544,0.9999946343044456,0,0,3.4989583333333334,5.9295169777317165,APOC1;APOE
GO_Molecular_Function_2023,Pyruvate Transmembrane Transporter Activity (GO:0050833),2/5,0.1836631200680544,0.9999946343044456,0,0,3.4989583333333334,5.9295169777317165,SLC16A11;SLC16A3
GO_Molecular_Function_2023,rDNA Binding (GO:0000182),2/5,0.1836631200680544,0.9999946343044456,0,0,3.4989583333333334,5.9295169777317165,BEND3;MACROH2A1
GO_Molecular_Function_2023,Retinyl-Palmitate Esterase Activity (GO:0050253),2/5,0.1836631200680544,0.9999946343044456,0,0,3.4989583333333334,5.9295169777317165,LIPE;PNPLA2
GO_Molecular_Function_2023,Thiamine Transmembrane Transporter Activity (GO:0015234),2/5,0.1836631200680544,0.9999946343044456,0,0,3.4989583333333334,5.9295169777317165,SLC25A19;SLC19A3
GO_Molecular_Function_2023,Vasopressin Receptor Activity (GO:0005000),2/5,0.1836631200680544,0.9999946343044456,0,0,3.4989583333333334,5.9295169777317165,OXTR;AVPR2
GO_Molecular_Function_2023,GTPase Activator Activity (GO:0005096),39/211,0.1853136517963226,0.9999946343044456,0,0,1.1918586270026248,2.0091226122281824,ARHGAP9;ARHGAP11A;ARHGAP11B;FAM13A;AGAP11;AGAP2;THY1;ARHGAP15;IQGAP3;ARHGAP6;RGPD1;ARHGAP4;ARHGAP22;RGS2;ARHGAP20;WNT11;RACGAP1;SH3BP1;RGS1;TAGAP;TBC1D10C;NCKAP1L;ECT2;RGS6;RANBP1;STARD13;ARAP2;ARHGAP29;TBC1D9;GMIP;ARHGAP45;SGSM1;TBC1D2;ARHGAP30;ADGRB3;TBC1D7;RGS10;RGS11;DOCK1
GO_Molecular_Function_2023,Protease Binding (GO:0002020),24/125,0.1945582656329421,0.9999946343044456,0,0,1.2484593959710637,2.043757488040319,CCBE1;CSTB;NTRK2;ITGA3;RIPK2;CD70;SERPINE1;FN1;TNFAIP3;BRCA2;SERPINA5;COMP;COL1A1;ADAMTS4;COL3A1;COL1A2;SELL;NLRP7;BANK1;CNTN1;ELANE;TIMP4;CD177;F2RL3
GO_Molecular_Function_2023,L-amino Acid Transmembrane Transporter Activity (GO:0015179),13/63,0.1994984220959432,0.9999946343044456,0,0,1.3654687989965506,2.201065999499803,SLC36A1;SLC43A2;SLC1A3;SLC16A10;SLC7A10;SLC7A3;SLC7A5;SLC7A6;SLC7A7;UCP2;SLC17A7;SLC38A5;SLC25A13
GO_Molecular_Function_2023,FAD Binding (GO:0071949),6/25,0.2005334804259529,0.9999946343044456,0,0,1.6578947368421053,2.663862259868206,SQLE;AOC1;AIFM1;TXNRD1;MICAL2;KMO
GO_Molecular_Function_2023,"Phosphatidylinositol-3,4-Bisphosphate Binding (GO:0043325)",6/25,0.2005334804259529,0.9999946343044456,0,0,1.6578947368421053,2.663862259868206,OBSCN;NCF1;PLEK;DAPP1;PLEKHA4;MYO1G
GO_Molecular_Function_2023,Channel Activity (GO:0015267),11/52,0.2009612085950689,0.9999946343044456,0,0,1.408893916579404,2.2607722986336203,CHRNA1;P2RX6;P2RX5;GSDMA;BCL2A1;TRPA1;AQP9;MCUB;TRPV2;BAX;KCNK3
GO_Molecular_Function_2023,Actinin Binding (GO:0042805),5/20,0.2061926740891667,0.9999946343044456,0,0,1.749869669481806,2.7629466287487223,MAGI1;CSRP1;SYNPO2;PKD2L1;PDLIM4
GO_Molecular_Function_2023,Phosphatidylinositol Phospholipase C Activity (GO:0004435),5/20,0.2061926740891667,0.9999946343044456,0,0,1.749869669481806,2.7629466287487223,CCR1;CCL5;PLCH1;PLCH2;CCR5
GO_Molecular_Function_2023,Sialyltransferase Activity (GO:0008373),5/20,0.2061926740891667,0.9999946343044456,0,0,1.749869669481806,2.7629466287487223,ST6GAL1;ST6GAL2;ST8SIA2;ST8SIA4;ST3GAL1
GO_Molecular_Function_2023,ABC-type Xenobiotic Transporter Activity (GO:0008559),3/10,0.2066338951353387,0.9999946343044456,0,0,2.2494976108605367,3.5470228462010738,ABCC1;ABCA8;ABCG2
GO_Molecular_Function_2023,BMP Receptor Binding (GO:0070700),3/10,0.2066338951353387,0.9999946343044456,0,0,2.2494976108605367,3.5470228462010738,BMP4;SCUBE3;BMP5
GO_Molecular_Function_2023,L-arginine Transmembrane Transporter Activity (GO:0061459),3/10,0.2066338951353387,0.9999946343044456,0,0,2.2494976108605367,3.5470228462010738,SLC7A6;SLC7A7;SLC7A3
GO_Molecular_Function_2023,cGMP Binding (GO:0030553),3/10,0.2066338951353387,0.9999946343044456,0,0,2.2494976108605367,3.5470228462010738,PDE11A;PDE2A;PDE5A
GO_Molecular_Function_2023,Dipeptidase Activity (GO:0016805),3/10,0.2066338951353387,0.9999946343044456,0,0,2.2494976108605367,3.5470228462010738,DPEP2;DPEP1;NAALAD2
GO_Molecular_Function_2023,Estrogen Response Element Binding (GO:0034056),3/10,0.2066338951353387,0.9999946343044456,0,0,2.2494976108605367,3.5470228462010738,PGR;ESR1;NR3C2
GO_Molecular_Function_2023,"Inositol 1,4,5 Trisphosphate Binding (GO:0070679)",3/10,0.2066338951353387,0.9999946343044456,0,0,2.2494976108605367,3.5470228462010738,RPH3A;TRPM2;ITPR1
GO_Molecular_Function_2023,Protein Serine/Threonine Phosphatase Inhibitor Activity (GO:0004865),3/10,0.2066338951353387,0.9999946343044456,0,0,2.2494976108605367,3.5470228462010738,PPP1R14A;PPP1R14B;PPP1R1A
GO_Molecular_Function_2023,"Racemase And Epimerase Activity, Acting On Carbohydrates And Derivatives (GO:0016857)",3/10,0.2066338951353387,0.9999946343044456,0,0,2.2494976108605367,3.5470228462010738,GALE;DSEL;GFUS
GO_Molecular_Function_2023,Transmembrane Receptor Protein Serine/Threonine Kinase Binding (GO:0070696),3/10,0.2066338951353387,0.9999946343044456,0,0,2.2494976108605367,3.5470228462010738,BMP4;SCUBE3;BMP5
GO_Molecular_Function_2023,Neuropeptide Receptor Activity (GO:0008188),8/36,0.2088853339633208,0.9999946343044456,0,0,1.5001341801592272,2.349164850429453,GAL;NPY5R;NPY2R;NPY1R;NMUR1;SSTR1;GRPR;NTSR1
GO_Molecular_Function_2023,Acidic Amino Acid Transmembrane Transporter Activity (GO:0015172),4/15,0.2094839162795325,0.9999946343044456,0,0,1.9088066405139577,2.9836715305648878,UCP2;SLC1A3;SLC17A7;SLC25A13
GO_Molecular_Function_2023,Death Receptor Binding (GO:0005123),4/15,0.2094839162795325,0.9999946343044456,0,0,1.9088066405139577,2.9836715305648878,NTF4;EDA;DAB2IP;MYD88
GO_Molecular_Function_2023,Sulfuric Ester Hydrolase Activity (GO:0008484),4/15,0.2094839162795325,0.9999946343044456,0,0,1.9088066405139577,2.9836715305648878,ARSI;ARSG;SULF1;ARSB
GO_Molecular_Function_2023,Voltage-Gated Calcium Channel Activity (GO:0005245),10/47,0.2105429619088945,0.9999946343044456,0,0,1.419172932330827,2.2111644583446366,CATSPER1;CACNA2D1;CACNA2D2;SCN4A;SCN5A;CACNA1F;SCN2A;CACNA1E;SCN3A;CACNA1G
GO_Molecular_Function_2023,O-acyltransferase Activity (GO:0008374),7/31,0.2182295282872667,0.9999946343044456,0,0,1.5312728221178926,2.330915568558285,GPAM;SOAT1;LPCAT1;LCAT;LRAT;LCLAT1;PNPLA2
GO_Molecular_Function_2023,Monoatomic Ion Channel Activity (GO:0005216),8/37,0.231765689388393,0.9999946343044456,0,0,1.4483190464880271,2.117483545206766,CHRNA1;P2RX5;MCUB;TRPV2;PKD2L1;TRPM3;KCNK3;CALHM6
GO_Molecular_Function_2023,"Oxidoreductase Activity, Acting On Single Donors With Incorporation Of Molecular Oxygen, Incorporation Of Two Atoms Of Oxygen (GO:0016702)",5/21,0.2374529037917065,0.9999946343044456,0,0,1.6404050672505477,2.3585513990049525,TDO2;BCO2;CDO1;IDO2;IDO1
GO_Molecular_Function_2023,Triglyceride Lipase Activity (GO:0004806),5/21,0.2374529037917065,0.9999946343044456,0,0,1.6404050672505477,2.3585513990049525,LIPE;LIPG;LCP1;LIPK;PNPLA2
GO_Molecular_Function_2023,Syntaxin-1 Binding (GO:0017075),4/16,0.2463301032509598,0.9999946343044456,0,0,1.749635188659579,2.451383698134107,PRRT2;UNC13A;STXBP1;VAMP2
GO_Molecular_Function_2023,5'-(N(7)-methylguanosine 5'-triphospho)-[mRNA] Hydrolase Activity (GO:0140933),2/6,0.2474450157303589,0.9999946343044456,0,0,2.6240625,3.664678779388389,NUDT7;NUDT1
GO_Molecular_Function_2023,L-serine Transmembrane Transporter Activity (GO:0015194),2/6,0.2474450157303589,0.9999946343044456,0,0,2.6240625,3.664678779388389,SLC7A10;SLC38A5
GO_Molecular_Function_2023,NAD(P)H Oxidase H2O2-forming Activity (GO:0016174),2/6,0.2474450157303589,0.9999946343044456,0,0,2.6240625,3.664678779388389,NOX4;KMO
GO_Molecular_Function_2023,Roundabout Binding (GO:0048495),2/6,0.2474450157303589,0.9999946343044456,0,0,2.6240625,3.664678779388389,LRTM2;TGFB1I1
GO_Molecular_Function_2023,Adenylate Kinase Activity (GO:0004017),2/6,0.2474450157303589,0.9999946343044456,0,0,2.6240625,3.664678779388389,AK5;AK7
GO_Molecular_Function_2023,Aldehyde-Lyase Activity (GO:0016832),2/6,0.2474450157303589,0.9999946343044456,0,0,2.6240625,3.664678779388389,ALDOC;HOGA1
GO_Molecular_Function_2023,Aspartic-Type Endopeptidase Inhibitor Activity (GO:0019828),2/6,0.2474450157303589,0.9999946343044456,0,0,2.6240625,3.664678779388389,NLRP7;GAPDH
GO_Molecular_Function_2023,Cell-Matrix Adhesion Mediator Activity (GO:0098634),2/6,0.2474450157303589,0.9999946343044456,0,0,2.6240625,3.664678779388389,ITGA10;ITGA2
GO_Molecular_Function_2023,Extracellularly ATP-gated Monoatomic Cation Channel Activity (GO:0004931),2/6,0.2474450157303589,0.9999946343044456,0,0,2.6240625,3.664678779388389,P2RX6;P2RX5
GO_Molecular_Function_2023,mRNA 5'-Phosphatase Activity (GO:0140818),2/6,0.2474450157303589,0.9999946343044456,0,0,2.6240625,3.664678779388389,NUDT7;NUDT1
GO_Molecular_Function_2023,Minor Groove Of Adenine-Thymine-Rich DNA Binding (GO:0003680),2/6,0.2474450157303589,0.9999946343044456,0,0,2.6240625,3.664678779388389,HMGA1;MAPT
GO_Molecular_Function_2023,Nucleotide Receptor Activity (GO:0016502),2/6,0.2474450157303589,0.9999946343044456,0,0,2.6240625,3.664678779388389,P2RX6;P2RX5
GO_Molecular_Function_2023,Patched Binding (GO:0005113),2/6,0.2474450157303589,0.9999946343044456,0,0,2.6240625,3.664678779388389,CCNB1;CAV1
GO_Molecular_Function_2023,Peroxisome Proliferator Activated Receptor Binding (GO:0042975),2/6,0.2474450157303589,0.9999946343044456,0,0,2.6240625,3.664678779388389,ASXL3;HMGA1
GO_Molecular_Function_2023,Phosphatidylinositol 3-Kinase Regulatory Subunit Binding (GO:0036312),2/6,0.2474450157303589,0.9999946343044456,0,0,2.6240625,3.664678779388389,NLRC3;PIK3AP1
GO_Molecular_Function_2023,Retinol Binding (GO:0019841),2/6,0.2474450157303589,0.9999946343044456,0,0,2.6240625,3.664678779388389,CYP27C1;E2F1
GO_Molecular_Function_2023,Sugar-Phosphatase Activity (GO:0050308),2/6,0.2474450157303589,0.9999946343044456,0,0,2.6240625,3.664678779388389,PFKFB4;TIGAR
GO_Molecular_Function_2023,Ubiquitin Ligase Activator Activity (GO:1990757),2/6,0.2474450157303589,0.9999946343044456,0,0,2.6240625,3.664678779388389,CDC20;ENTREP1
GO_Molecular_Function_2023,D-glucose Transmembrane Transporter Activity (GO:0055056),3/11,0.2523711412130259,0.9999946343044456,0,0,1.968193185370428,2.709915629109477,SLC2A3;SLC2A4;SLC2A6
GO_Molecular_Function_2023,Carbohydrate Kinase Activity (GO:0019200),3/11,0.2523711412130259,0.9999946343044456,0,0,1.968193185370428,2.709915629109477,HK3;POMK;HK2
GO_Molecular_Function_2023,Cytidine Deaminase Activity (GO:0004126),3/11,0.2523711412130259,0.9999946343044456,0,0,1.968193185370428,2.709915629109477,CDA;APOBEC3H;APOBEC3B
GO_Molecular_Function_2023,Fucosyltransferase Activity (GO:0008417),3/11,0.2523711412130259,0.9999946343044456,0,0,1.968193185370428,2.709915629109477,FUT7;FUT9;FUT3
GO_Molecular_Function_2023,Neurexin Family Protein Binding (GO:0042043),3/11,0.2523711412130259,0.9999946343044456,0,0,1.968193185370428,2.709915629109477,NLGN1;NLGN4X;SYTL4
GO_Molecular_Function_2023,Phospholipid Scramblase Activity (GO:0017128),3/11,0.2523711412130259,0.9999946343044456,0,0,1.968193185370428,2.709915629109477,VMP1;ATG9B;PLSCR4
GO_Molecular_Function_2023,Sequence-Specific mRNA Binding (GO:1990825),3/11,0.2523711412130259,0.9999946343044456,0,0,1.968193185370428,2.709915629109477,NOVA1;RBM24;LARP6
GO_Molecular_Function_2023,Signaling Receptor Complex Adaptor Activity (GO:0030159),9/44,0.2647813609824261,0.9999946343044456,0,0,1.349979866672632,1.7939218884993304,CARD10;IRS1;TRAT1;MAGI2;G3BP2;CD3G;SORBS1;CD3E;SH2B2
GO_Molecular_Function_2023,Tubulin Binding (GO:0015631),56/322,0.2691363169876232,0.9999946343044456,0,0,1.1063003981664268,1.452060507878875,DIXDC1;KIF14;KIF12;BRCA2;KIF15;KIF5C;STMN1;KIF5A;KIF21A;KIF21B;KIF1A;GTSE1;DLGAP5;DST;STARD9;UNC5C;KIF23;EML4;CLIP3;NAV3;KIFC1;DCX;EFHC1;BIRC5;KIF2C;KIF20A;TTLL12;MAPT;ATF5;GAPDH;SPACA9;SPATA4;SKA1;RACGAP1;CCDC181;MAP6;FSD1;CCT5;ENKD1;SPAG5;RCC2;PLK1;CFAP157;DCDC1;CENPE;KIF18A;KIF18B;CDK5;KIF26A;REEP4;PRC1;CCDC88C;CCDC170;SPC24;TTLL9;CDK5R1
GO_Molecular_Function_2023,Cysteine-Type Endopeptidase Inhibitor Activity (GO:0004869),5/22,0.2698892966068831,0.9999946343044456,0,0,1.543818653517084,2.022006317913044,CSTB;CST2;CST1;PTTG1;CST7
GO_Molecular_Function_2023,Fibroblast Growth Factor Receptor Binding (GO:0005104),5/22,0.2698892966068831,0.9999946343044456,0,0,1.543818653517084,2.022006317913044,KLB;KL;FGF9;FGF2;FGF10
GO_Molecular_Function_2023,Transmembrane Receptor Protein Tyrosine Kinase Activity (GO:0004714),10/50,0.2722311977386658,0.9999946343044456,0,0,1.3125,1.7076984514251767,RET;NTRK1;PDGFRA;NTRK2;INSRR;KIT;CRIM1;FGFR4;IGF1R;FGFR1
GO_Molecular_Function_2023,PDZ Domain Binding (GO:0030165),12/62,0.2833053438344292,0.9999946343044456,0,0,1.2600376175548589,1.5891972563745822,TGFBR3;NLGN1;TMEM88;USHBP1;CCDC88C;KIF14;CRIM1;ARHGAP29;FZD8;PDZK1;SLC26A6;CIT
GO_Molecular_Function_2023,Basic Amino Acid Transmembrane Transporter Activity (GO:0015174),4/17,0.2844221247515439,0.9999946343044456,0,0,1.6149516524751046,2.0304719130545803,SLC7A6;SLC7A7;SLC38A5;SLC7A3
GO_Molecular_Function_2023,Calcium-Release Channel Activity (GO:0015278),4/17,0.2844221247515439,0.9999946343044456,0,0,1.6149516524751046,2.0304719130545803,TRPA1;ITPR1;MCOLN2;RYR3
GO_Molecular_Function_2023,"Hydrolase Activity, Acting On Carbon-Nitrogen (But Not Peptide) Bonds, In Cyclic Amidines (GO:0016814)",4/17,0.2844221247515439,0.9999946343044456,0,0,1.6149516524751046,2.0304719130545803,CDA;APOBEC3H;AICDA;APOBEC3B
GO_Molecular_Function_2023,Intracellular Calcium Activated Chloride Channel Activity (GO:0005229),4/17,0.2844221247515439,0.9999946343044456,0,0,1.6149516524751046,2.0304719130545803,TTYH3;ANO4;CLCA4;ANO3
GO_Molecular_Function_2023,Nuclear Retinoic Acid Receptor Binding (GO:0042974),4/17,0.2844221247515439,0.9999946343044456,0,0,1.6149516524751046,2.0304719130545803,CYP27B1;ARID5A;HMGA1;PRAME
GO_Molecular_Function_2023,Protein Phosphatase 1 Binding (GO:0008157),4/17,0.2844221247515439,0.9999946343044456,0,0,1.6149516524751046,2.0304719130545803,PPP1R3G;PPP1R3C;LILRB1;LILRB2
GO_Molecular_Function_2023,Neuropeptide Binding (GO:0042923),6/28,0.285530413681153,0.9999946343044456,0,0,1.4315621799977245,1.7943296676443832,NPY5R;PTGDR2;MRGPRX2;NPY1R;NMUR1;SSTR1
GO_Molecular_Function_2023,L-glutamate Transmembrane Transporter Activity (GO:0005313),3/12,0.2993259261018502,0.9999946343044456,0,0,1.7494008544336772,2.1101662267683965,SLC1A3;SLC17A7;SLC25A13
GO_Molecular_Function_2023,Insulin-Like Growth Factor I Binding (GO:0031994),3/12,0.2993259261018502,0.9999946343044456,0,0,1.7494008544336772,2.1101662267683965,IGFBP1;IGFBP6;LRP2
GO_Molecular_Function_2023,Intracellular Ligand-Gated Monoatomic Ion Channel Activity (GO:0005217),3/12,0.2993259261018502,0.9999946343044456,0,0,1.7494008544336772,2.1101662267683965,TRPA1;ITPR1;RYR3
GO_Molecular_Function_2023,"Intramolecular Oxidoreductase Activity, Transposing C=C Bonds (GO:0016863)",3/12,0.2993259261018502,0.9999946343044456,0,0,1.7494008544336772,2.1101662267683965,IDI1;DCT;GLB1
GO_Molecular_Function_2023,Ligand-Gated Monoatomic Ion Channel Activity (GO:0015276),5/23,0.3031896304069723,0.9999946343044456,0,0,1.4579640635317832,1.739929686283355,CHRNB4;GRIK5;GRIN2B;GRIA3;GRIA4
GO_Molecular_Function_2023,Phospholipase C Activity (GO:0004629),5/23,0.3031896304069723,0.9999946343044456,0,0,1.4579640635317832,1.739929686283355,CCR1;CCL5;PLCH1;PLCH2;CCR5
GO_Molecular_Function_2023,5'-3' DNA Helicase Activity (GO:0043139),2/7,0.3117334981471001,0.9999946343044456,0,0,2.099125,2.446754014661735,PIF1;DNA2
GO_Molecular_Function_2023,ATP-gated Ion Channel Activity (GO:0035381),2/7,0.3117334981471001,0.9999946343044456,0,0,2.099125,2.446754014661735,P2RX6;P2RX5
GO_Molecular_Function_2023,CD4 Receptor Binding (GO:0042609),2/7,0.3117334981471001,0.9999946343044456,0,0,2.099125,2.446754014661735,LCK;PLSCR4
GO_Molecular_Function_2023,GPI Anchor Binding (GO:0034235),2/7,0.3117334981471001,0.9999946343044456,0,0,2.099125,2.446754014661735,DPEP1;THY1
GO_Molecular_Function_2023,Acetylcholine Receptor Binding (GO:0033130),2/7,0.3117334981471001,0.9999946343044456,0,0,2.099125,2.446754014661735,LYNX1;NRXN1
GO_Molecular_Function_2023,Alcohol Dehydrogenase [NAD(P)+] Activity (GO:0018455),2/7,0.3117334981471001,0.9999946343044456,0,0,2.099125,2.446754014661735,DHRS9;ADHFE1
GO_Molecular_Function_2023,Armadillo Repeat Domain Binding (GO:0070016),2/7,0.3117334981471001,0.9999946343044456,0,0,2.099125,2.446754014661735,TCF7L2;LEF1
GO_Molecular_Function_2023,Calcium-Dependent Protein Kinase Activity (GO:0010857),2/7,0.3117334981471001,0.9999946343044456,0,0,2.099125,2.446754014661735,CAMK4;MAPKAPK2
GO_Molecular_Function_2023,Deoxycytidine Deaminase Activity (GO:0047844),2/7,0.3117334981471001,0.9999946343044456,0,0,2.099125,2.446754014661735,APOBEC3H;APOBEC3B
GO_Molecular_Function_2023,Dinucleotide Phosphatase Activity (GO:0004551),2/7,0.3117334981471001,0.9999946343044456,0,0,2.099125,2.446754014661735,CILP2;NUDT6
GO_Molecular_Function_2023,Glucosidase Activity (GO:0015926),2/7,0.3117334981471001,0.9999946343044456,0,0,2.099125,2.446754014661735,KL;LCT
GO_Molecular_Function_2023,Glycogen Binding (GO:2001069),2/7,0.3117334981471001,0.9999946343044456,0,0,2.099125,2.446754014661735,PPP1R3G;PPP1R3C
GO_Molecular_Function_2023,Immunoglobulin Receptor Binding (GO:0034987),2/7,0.3117334981471001,0.9999946343044456,0,0,2.099125,2.446754014661735,FGR;IGHA2
GO_Molecular_Function_2023,Inorganic Phosphate Transmembrane Transporter Activity (GO:0005315),2/7,0.3117334981471001,0.9999946343044456,0,0,2.099125,2.446754014661735,SLC20A1;SLC17A7
GO_Molecular_Function_2023,Interleukin-17 Receptor Activity (GO:0030368),2/7,0.3117334981471001,0.9999946343044456,0,0,2.099125,2.446754014661735,IL17REL;IL6ST
GO_Molecular_Function_2023,Manganese Ion Transmembrane Transporter Activity (GO:0005384),2/7,0.3117334981471001,0.9999946343044456,0,0,2.099125,2.446754014661735,SLC11A1;TMEM165
GO_Molecular_Function_2023,Natural Killer Cell Lectin-Like Receptor Binding (GO:0046703),2/7,0.3117334981471001,0.9999946343044456,0,0,2.099125,2.446754014661735,ULBP2;ULBP1
GO_Molecular_Function_2023,Neurotrophin Binding (GO:0043121),2/7,0.3117334981471001,0.9999946343044456,0,0,2.099125,2.446754014661735,NTRK1;NTRK2
GO_Molecular_Function_2023,Nucleotide Transmembrane Transporter Activity (GO:0015215),2/7,0.3117334981471001,0.9999946343044456,0,0,2.099125,2.446754014661735,ABCC4;SLC25A19
GO_Molecular_Function_2023,"Oxidoreductase Activity, Acting On The CH-NH2 Group Of Donors, Oxygen As Acceptor (GO:0016641)",2/7,0.3117334981471001,0.9999946343044456,0,0,2.099125,2.446754014661735,AOC3;MAOB
GO_Molecular_Function_2023,Peptide Transmembrane Transporter Activity (GO:1904680),2/7,0.3117334981471001,0.9999946343044456,0,0,2.099125,2.446754014661735,TAP1;SLC15A3
GO_Molecular_Function_2023,Sodium Channel Inhibitor Activity (GO:0019871),2/7,0.3117334981471001,0.9999946343044456,0,0,2.099125,2.446754014661735,PCSK9;SCN3B
GO_Molecular_Function_2023,Protein Kinase Binding (GO:0019901),86/511,0.3223232447875802,0.9999946343044456,0,0,1.0632621007324623,1.2038257451046497,TOP2A;TFRC;IRS1;ITGB2;PLEK;KIF14;PTPRJ;KIF11;FOXM1;CD3E;CKS1B;SPRED3;POTEKP;TCL1A;FBXO5;SCN5A;BORA;PARP1;PRKCB;FCRL3;UNC5C;PAX6;ACSL3;CDC25C;LAX1;YWHAZ;CDC25A;CIT;ACTA2;CCNA2;FGR;LCK;BANK1;MAPKAPK2;CEACAM4;CKS2;DCX;JTB;HCLS1;CD226;SIK1;VDAC1;IRF5;KIF20A;MAPT;AGAP2;ADCY4;WAS;THY1;NOD2;PTN;HIF1A;MACROH2A1;RELB;AURKA;CCNB1;SOCS1;RACGAP1;IRAK1;CSK;SASH1;TCF7L2;GCH1;CDKN2A;CAVIN2;CAV2;RCC2;CAV1;PLK1;SH2D1A;IL31RA;DAB2IP;MICAL2;ESR1;WARS1;TPX2;GARS1;CD4;PTPRC;NR4A3;PRC1;NOX4;SPRY2;PTPN6;FERMT2;CDK5R1
GO_Molecular_Function_2023,Ankyrin Binding (GO:0030506),4/18,0.3232743225790855,0.9999946343044456,0,0,1.499508621459841,1.6933261392530887,SPTBN4;OBSCN;PTPRC;SCN5A
GO_Molecular_Function_2023,Glutamate Receptor Binding (GO:0035254),4/18,0.3232743225790855,0.9999946343044456,0,0,1.499508621459841,1.6933261392530887,NETO1;HOMER2;CAMK2A;SYNDIG1
GO_Molecular_Function_2023,Intracellular Chloride Channel Activity (GO:0061778),4/18,0.3232743225790855,0.9999946343044456,0,0,1.499508621459841,1.6933261392530887,TTYH3;ANO4;CLCA4;ANO3
GO_Molecular_Function_2023,Ligand-Gated Calcium Channel Activity (GO:0099604),4/18,0.3232743225790855,0.9999946343044456,0,0,1.499508621459841,1.6933261392530887,TRPA1;ITPR1;GRIN2B;RYR3
GO_Molecular_Function_2023,Nucleoside Monophosphate Kinase Activity (GO:0050145),4/18,0.3232743225790855,0.9999946343044456,0,0,1.499508621459841,1.6933261392530887,CMPK2;AK5;AK7;CARD11
GO_Molecular_Function_2023,Chemoattractant Activity (GO:0042056),7/35,0.3240542376848135,0.9999946343044456,0,0,1.312206572769953,1.478652597906772,BMP4;CXCL10;CCL5;CCL3;VEGFD;FGF2;FGF10
GO_Molecular_Function_2023,G Protein-Coupled Peptide Receptor Activity (GO:0008528),14/77,0.346389772730248,0.9999946343044456,0,0,1.1665272549839676,1.2367412620845966,GLP1R;CX3CR1;OXTR;VIPR1;NPR1;AVPR2;NPY1R;FPR3;PTH1R;FPR2;GPR84;GRPR;EDNRB;NMUR1
GO_Molecular_Function_2023,"3',5'-cyclic-AMP Phosphodiesterase Activity (GO:0004115)",3/13,0.3466537582685114,0.9999946343044456,0,0,1.5743669896842762,1.6679297494891565,PDE1C;PDE2A;PDE8B
GO_Molecular_Function_2023,K63-linked Deubiquitinase Activity (GO:0061578),3/13,0.3466537582685114,0.9999946343044456,0,0,1.5743669896842762,1.6679297494891565,DEPDC1B;PSMD14;TNFAIP3
GO_Molecular_Function_2023,fatty-acyl-CoA Binding (GO:0000062),3/13,0.3466537582685114,0.9999946343044456,0,0,1.5743669896842762,1.6679297494891565,ACBD4;ACOT7;SOAT1
GO_Molecular_Function_2023,Insulin-Like Growth Factor Receptor Binding (GO:0005159),3/13,0.3466537582685114,0.9999946343044456,0,0,1.5743669896842762,1.6679297494891565,SOCS1;IRS1;IGF2
GO_Molecular_Function_2023,Lipid Phosphatase Activity (GO:0042577),3/13,0.3466537582685114,0.9999946343044456,0,0,1.5743669896842762,1.6679297494891565,PLPPR1;PLPPR3;SGPP2
GO_Molecular_Function_2023,"Oxidoreductase Activity, Acting On The CH-NH Group Of Donors, NAD Or NADP As Acceptor (GO:0016646)",3/13,0.3466537582685114,0.9999946343044456,0,0,1.5743669896842762,1.6679297494891565,ALDH1L1;PYCR1;PYCR3
GO_Molecular_Function_2023,Sodium:Chloride Symporter Activity (GO:0015378),3/13,0.3466537582685114,0.9999946343044456,0,0,1.5743669896842762,1.6679297494891565,SLC12A3;SLC6A12;SLC6A2
GO_Molecular_Function_2023,Transmembrane Receptor Protein Tyrosine Kinase Adaptor Activity (GO:0005068),3/13,0.3466537582685114,0.9999946343044456,0,0,1.5743669896842762,1.6679297494891565,IRS1;TRAT1;SH2B2
GO_Molecular_Function_2023,Lipase Activity (GO:0016298),8/42,0.3560737021291945,0.9999946343044456,0,0,1.2349626137242624,1.275244057540238,LIPE;NCEH1;ABHD3;LIPG;LCAT;LCP1;PLA1A;PNPLA2
GO_Molecular_Function_2023,Promoter-Specific Chromatin Binding (GO:1990841),8/42,0.3560737021291945,0.9999946343044456,0,0,1.2349626137242624,1.275244057540238,EGR1;DNMT1;RBL1;STAT1;PRDM1;IKZF3;MACROH2A1;EZH2
GO_Molecular_Function_2023,NAD-retinol Dehydrogenase Activity (GO:0004745),4/19,0.3624352862590921,0.9999946343044456,0,0,1.399457994579946,1.420322991440326,DHRS9;AKR1A1;RDH5;HSD17B6
GO_Molecular_Function_2023,Cysteine-Type Endopeptidase Inhibitor Activity Involved In Apoptotic Process (GO:0043027),4/19,0.3624352862590921,0.9999946343044456,0,0,1.399457994579946,1.420322991440326,TNFAIP8;CD27;DPEP1;BIRC3
GO_Molecular_Function_2023,Single-Stranded DNA Binding (GO:0003697),17/96,0.3656647005571684,0.9999946343044456,0,0,1.129594817479085,1.136415857903209,BLM;MCM10;SMC6;BRCA2;POU4F1;HSPD1;RAD51B;RAD51AP1;RECQL4;NEIL3;CDC45;RAD51;MCM4;MAPT;MCM6;SHOC1;MCM2
GO_Molecular_Function_2023,Nuclear Androgen Receptor Binding (GO:0050681),5/25,0.3711784236779437,0.9999946343044456,0,0,1.312011260556772,1.3002981562098097,PRKCB;TGFB1I1;TCF21;CALR;SMARCA4
GO_Molecular_Function_2023,L-aspartate Transmembrane Transporter Activity (GO:0015183),2/8,0.3747320114844364,0.9999946343044456,0,0,1.7491666666666668,1.716884299468978,UCP2;SLC25A13
GO_Molecular_Function_2023,L-lysine Transmembrane Transporter Activity (GO:0015189),2/8,0.3747320114844364,0.9999946343044456,0,0,1.7491666666666668,1.716884299468978,SLC7A6;SLC7A3
GO_Molecular_Function_2023,Adenylate Cyclase Binding (GO:0008179),2/8,0.3747320114844364,0.9999946343044456,0,0,1.7491666666666668,1.716884299468978,AKAP12;ADCY5
GO_Molecular_Function_2023,Adenylate Cyclase Inhibiting G Protein-Coupled Glutamate Receptor Activity (GO:0001640),2/8,0.3747320114844364,0.9999946343044456,0,0,1.7491666666666668,1.716884299468978,GRM4;GRM8
GO_Molecular_Function_2023,Alcohol Dehydrogenase (NAD+) Activity (GO:0004022),2/8,0.3747320114844364,0.9999946343044456,0,0,1.7491666666666668,1.716884299468978,DHRS9;ADHFE1
GO_Molecular_Function_2023,Chloride:Monoatomic Cation Symporter Activity (GO:0015377),2/8,0.3747320114844364,0.9999946343044456,0,0,1.7491666666666668,1.716884299468978,SLC12A3;SLC12A8
GO_Molecular_Function_2023,Cyclic-Nucleotide Phosphodiesterase Activity (GO:0004112),2/8,0.3747320114844364,0.9999946343044456,0,0,1.7491666666666668,1.716884299468978,PDE11A;PDE5A
GO_Molecular_Function_2023,Long-Chain Fatty Acid Binding (GO:0036041),2/8,0.3747320114844364,0.9999946343044456,0,0,1.7491666666666668,1.716884299468978,FABP4;UCP1
GO_Molecular_Function_2023,Metal-Dependent Deubiquitinase Activity (GO:0140492),2/8,0.3747320114844364,0.9999946343044456,0,0,1.7491666666666668,1.716884299468978,DEPDC1B;PSMD14
GO_Molecular_Function_2023,Potassium:Chloride Symporter Activity (GO:0015379),2/8,0.3747320114844364,0.9999946343044456,0,0,1.7491666666666668,1.716884299468978,SLC12A3;SLC12A8
GO_Molecular_Function_2023,Retinal Binding (GO:0016918),2/8,0.3747320114844364,0.9999946343044456,0,0,1.7491666666666668,1.716884299468978,CYP27C1;ALDH1A2
GO_Molecular_Function_2023,Serine Transmembrane Transporter Activity (GO:0022889),2/8,0.3747320114844364,0.9999946343044456,0,0,1.7491666666666668,1.716884299468978,SLC7A10;SLC38A5
GO_Molecular_Function_2023,Single-Stranded DNA Exodeoxyribonuclease Activity (GO:0008297),2/8,0.3747320114844364,0.9999946343044456,0,0,1.7491666666666668,1.716884299468978,ISG20;EXO1
GO_Molecular_Function_2023,Superoxide-Generating NAD(P)H Oxidase Activity (GO:0016175),2/8,0.3747320114844364,0.9999946343044456,0,0,1.7491666666666668,1.716884299468978,NCF1;NOX4
GO_Molecular_Function_2023,Adenyl Nucleotide Binding (GO:0030554),6/31,0.3764954061143906,0.9999946343044456,0,0,1.259549436795995,1.2303901536382296,IFIH1;G6PD;BDH2;CAT;DHCR7;NUDT6
GO_Molecular_Function_2023,Potassium Ion Transmembrane Transporter Activity (GO:0015079),6/31,0.3764954061143906,0.9999946343044456,0,0,1.259549436795995,1.2303901536382296,KCNK9;KCNA1;KCNA2;KCNC4;SLC12A8;KCNK3
GO_Molecular_Function_2023,1-Phosphatidylinositol-3-Kinase Regulator Activity (GO:0046935),3/14,0.3936343666533614,0.9999946343044456,0,0,1.4311574639802211,1.3343150513064306,SOCS1;SLA2;PIK3R5
GO_Molecular_Function_2023,Acetylgalactosaminyltransferase Activity (GO:0008376),3/14,0.3936343666533614,0.9999946343044456,0,0,1.4311574639802211,1.3343150513064306,CHPF;CHPF2;B4GALNT3
GO_Molecular_Function_2023,Calcium-Dependent Cysteine-Type Endopeptidase Activity (GO:0004198),3/14,0.3936343666533614,0.9999946343044456,0,0,1.4311574639802211,1.3343150513064306,CAPN14;CAPN11;CAPN9
GO_Molecular_Function_2023,Muscle Alpha-Actinin Binding (GO:0051371),3/14,0.3936343666533614,0.9999946343044456,0,0,1.4311574639802211,1.3343150513064306,SYNPO2;PKD2L1;PDLIM4
GO_Molecular_Function_2023,Purinergic Nucleotide Receptor Activity (GO:0001614),3/14,0.3936343666533614,0.9999946343044456,0,0,1.4311574639802211,1.3343150513064306,P2RX6;P2RX5;PTAFR
GO_Molecular_Function_2023,Transaminase Activity (GO:0008483),3/14,0.3936343666533614,0.9999946343044456,0,0,1.4311574639802211,1.3343150513064306,PSAT1;ACCS;BCAT1
GO_Molecular_Function_2023,Actin Binding (GO:0003779),31/183,0.3957154951119631,0.9999946343044456,0,0,1.0706111304751946,0.9925205111839724,SPTBN4;PLEKHH2;SYNPO2;CXCR4;FMN2;NOD2;CORO1A;SLC6A2;COTL1;ABL2;MYOZ3;CCR5;TMSB10;GBP1;PDLIM4;TMOD1;GSN;TPM2;MICAL2;SORBS1;CORO2B;SSH3;ANLN;KIF18A;PARVG;TNNT3;LCP1;MAPT;PFN1;FERMT2;MYO1F
GO_Molecular_Function_2023,Cysteine-Type Endopeptidase Activator Activity Involved In Apoptotic Process (GO:0008656),4/20,0.4014959276466294,0.9999946343044456,0,0,1.3119136960600375,1.1971971923635722,CTSL;ATP2A3;CTSH;CTSS
GO_Molecular_Function_2023,Deaminase Activity (GO:0019239),4/20,0.4014959276466294,0.9999946343044456,0,0,1.3119136960600375,1.1971971923635722,CDA;APOBEC3H;AICDA;APOBEC3B
GO_Molecular_Function_2023,"Phosphotransferase Activity, Phosphate Group As Acceptor (GO:0016776)",4/20,0.4014959276466294,0.9999946343044456,0,0,1.3119136960600375,1.1971971923635722,CMPK2;AK5;AK7;NME1
GO_Molecular_Function_2023,Voltage-Gated Potassium Channel Activity (GO:0005249),14/80,0.4035661248892364,0.9999946343044456,0,0,1.1133036766662865,1.0102283738348363,KCNJ6;KCNJ10;KCNC2;KCNB1;KCNIP2;KCNJ12;KCNH8;KCNA1;KCNC4;KCNA2;KCNA3;KCNJ15;KCNJ16;HCN2
GO_Molecular_Function_2023,Excitatory Extracellular Ligand-Gated Monoatomic Ion Channel Activity (GO:0005231),5/26,0.4053053723116593,0.9999946343044456,0,0,1.249460059281767,1.1284054845725815,CHRNA1;P2RX6;CHRNB4;P2RX5;CHRNA6
GO_Molecular_Function_2023,Inward Rectifier Potassium Channel Activity (GO:0005242),5/26,0.4053053723116593,0.9999946343044456,0,0,1.249460059281767,1.1284054845725815,KCNJ6;KCNJ10;KCNJ12;KCNJ15;KCNJ16
GO_Molecular_Function_2023,Sulfotransferase Activity (GO:0008146),7/38,0.4079654146037634,0.9999946343044456,0,0,1.1850068150840527,1.0624449686338584,HS3ST3A1;CHST11;WSCD1;WSCD2;CHST13;SULT1C4;HS3ST2
GO_Molecular_Function_2023,Sequence-Specific Double-Stranded DNA Binding (GO:1990837),117/715,0.4125103450407895,0.9999946343044456,0,0,1.0274117398351068,0.909766925641596,SPI1;GFI1;PRDM5;FOXI1;PRDM1;NR3C2;HOXA9;BASP1;CREB3L1;CREB3L2;DPF1;HOXA2;HOXA6;HOXA5;MNX1;HOXA4;EOMES;HES6;NKX2-8;ZBTB32;ARID5A;BHLHA15;POU3F1;FOXP3;RUNX2;ISL2;RFX6;ZSCAN23;LMX1B;ATF5;ZNF396;GATA4;GATA3;FOXO4;MACROH2A1;ORC1;ZBED2;ALX4;ZBED4;EGR1;BCL11B;SNAI3;NR2F1;CDC6;NR1D1;POU2F2;FOXN1;ESR1;NFATC4;POU6F1;FOSL1;MEIS3P1;HOXD9;SUV39H2;CALCOCO1;THRB;ONECUT2;THRA;BHLHE41;TCF21;AKR1B1;MCM10;HOXC13;MEOX2;HOXC11;GLI3;HOXC10;HEY1;SIX2;HEY2;MYBL2;NKX3-2;EN2;EN1;PAX6;ETV1;KLF15;ETV7;ELF4;IRF4;HAND2;IRF1;TFEC;IRF7;IRF8;KIF2C;IRF5;YAP1;CEBPE;LEF1;ASCL2;HOXD10;BARX2;HSPD1;CDC45;TBX21;BEND3;E2F1;E2F2;E2F3;RXRG;E2F7;E2F8;TCF7L2;SKOR1;POU4F1;MEIS2;TBX3;TBX18;BATF;PER2;PER1;TBX15;TEF;WT1;MIXL1;NEUROG2
GO_Molecular_Function_2023,Ligand-Gated Monoatomic Cation Channel Activity (GO:0099094),13/75,0.424643074414216,0.9999946343044456,0,0,1.10039551280106,0.9424956757985692,CHRNA1;CHRNB4;KCNJ6;KCNJ10;KCNJ12;GRIK5;CHRNA6;GRIK3;KCNJ15;KCNJ16;GRIK1;P2RX6;P2RX5
GO_Molecular_Function_2023,Endopeptidase Inhibitor Activity (GO:0004866),19/112,0.4304226012712138,0.9999946343044456,0,0,1.072211581013381,0.9038612381375662,SERPINA11;CSTB;ITIH2;SERPINE2;PROS1;SERPINE1;NRG1;SERPINA6;SERPINB7;CST7;SERPINA5;CST2;PCSK1N;CST1;PTTG1;NLRP7;SPOCK2;GAPDH;TIMP4
GO_Molecular_Function_2023,Double-Stranded DNA Binding (GO:0003690),106/650,0.43357828518088,0.9999946343044456,0,0,1.0229779411764706,0.8548851831708146,GFI1;FOXI1;PRDM1;NR3C2;HOXA9;CREB3L1;DPF1;HOXA2;HOXA6;HOXA5;MNX1;HOXA4;EOMES;HES6;NKX2-8;ZBTB32;BHLHA15;POU3F1;FOXP3;RUNX2;ISL2;NEIL3;ZSCAN23;DPEP1;LMX1B;ZNF396;GATA4;GATA3;FOXO4;MACROH2A1;RAD51AP1;ALX4;EGR1;BCL11B;SNAI3;PYHIN1;NR2F1;NR1D1;POU2F2;ESR1;H1-2;NFATC4;POU6F1;FOSL1;MEIS3P1;HOXD9;FEN1;THRB;ONECUT2;BHLHE41;TCF21;CGAS;HMGB3;HOXC13;MEOX2;HOXC11;GLI3;HOXC10;HEY1;SIX2;HEY2;MYBL2;NKX3-2;EN2;EN1;PAX6;ETV1;KLF15;RAD51B;ETV7;AIM2;ELF4;IRF4;HAND2;TFEC;IRF7;IRF8;IRF5;MAPT;CEBPE;UHRF1;LEF1;ASCL2;HOXD10;BARX2;TBX21;E2F1;E2F2;E2F3;RXRG;E2F7;E2F8;SKOR1;STAT1;POU4F1;MEIS2;TBX3;TBX18;BATF;TBX15;RAD51;TEF;WT1;MNDA;MIXL1;NEUROG2
GO_Molecular_Function_2023,G Protein-Coupled Purinergic Nucleotide Receptor Activity (GO:0045028),2/9,0.4352059740466335,0.9999946343044456,0,0,1.4991964285714283,1.2472352647234994,P2RY6;PTAFR
GO_Molecular_Function_2023,GDP Phosphatase Activity (GO:0004382),2/9,0.4352059740466335,0.9999946343044456,0,0,1.4991964285714283,1.2472352647234994,ENTPD7;GBP1
GO_Molecular_Function_2023,STAT Family Protein Binding (GO:0097677),2/9,0.4352059740466335,0.9999946343044456,0,0,1.4991964285714283,1.2472352647234994,H2BC9;SPI1
GO_Molecular_Function_2023,Branched-Chain Amino Acid Transmembrane Transporter Activity (GO:0015658),2/9,0.4352059740466335,0.9999946343044456,0,0,1.4991964285714283,1.2472352647234994,SLC7A5;SLC43A2
GO_Molecular_Function_2023,Cardiolipin Binding (GO:1901612),2/9,0.4352059740466335,0.9999946343044456,0,0,1.4991964285714283,1.2472352647234994,MME;UCP1
GO_Molecular_Function_2023,co-SMAD Binding (GO:0070410),2/9,0.4352059740466335,0.9999946343044456,0,0,1.4991964285714283,1.2472352647234994,GARS1;GATA4
GO_Molecular_Function_2023,Eukaryotic Initiation Factor 4E Binding (GO:0008190),2/9,0.4352059740466335,0.9999946343044456,0,0,1.4991964285714283,1.2472352647234994,EIF4EBP1;C8ORF88
GO_Molecular_Function_2023,Glutathione Binding (GO:0043295),2/9,0.4352059740466335,0.9999946343044456,0,0,1.4991964285714283,1.2472352647234994,GSTM3;GSTM2
GO_Molecular_Function_2023,Histone H3 Kinase Activity (GO:0140996),2/9,0.4352059740466335,0.9999946343044456,0,0,1.4991964285714283,1.2472352647234994,PRKCB;HASPIN
GO_Molecular_Function_2023,"Intramolecular Transferase Activity, Phosphotransferases (GO:0016868)",2/9,0.4352059740466335,0.9999946343044456,0,0,1.4991964285714283,1.2472352647234994,PMM2;PGM5
GO_Molecular_Function_2023,Omega Peptidase Activity (GO:0008242),2/9,0.4352059740466335,0.9999946343044456,0,0,1.4991964285714283,1.2472352647234994,GGT7;GGH
GO_Molecular_Function_2023,"Phosphatidylinositol-4,5-Bisphosphate Phosphatase Activity (GO:0106019)",2/9,0.4352059740466335,0.9999946343044456,0,0,1.4991964285714283,1.2472352647234994,PIP4P2;INPP5J
GO_Molecular_Function_2023,Prostaglandin Receptor Activity (GO:0004955),2/9,0.4352059740466335,0.9999946343044456,0,0,1.4991964285714283,1.2472352647234994,PTGDR2;PTGER3
GO_Molecular_Function_2023,Protein Serine Kinase Activity (GO:0106310),2/9,0.4352059740466335,0.9999946343044456,0,0,1.4991964285714283,1.2472352647234994,SIK2;TTBK1
GO_Molecular_Function_2023,Purine Nucleobase Transmembrane Transporter Activity (GO:0005345),2/9,0.4352059740466335,0.9999946343044456,0,0,1.4991964285714283,1.2472352647234994,SLC25A5;SLC28A3
GO_Molecular_Function_2023,Retinoic Acid 4-Hydroxylase Activity (GO:0008401),2/9,0.4352059740466335,0.9999946343044456,0,0,1.4991964285714283,1.2472352647234994,CYP2S1;CYP3A4
GO_Molecular_Function_2023,Store-Operated Calcium Channel Activity (GO:0015279),2/9,0.4352059740466335,0.9999946343044456,0,0,1.4991964285714283,1.2472352647234994,TRPM2;ORAI2
GO_Molecular_Function_2023,Superoxide-Generating NADPH Oxidase Activator Activity (GO:0016176),2/9,0.4352059740466335,0.9999946343044456,0,0,1.4991964285714283,1.2472352647234994,NCF2;NOXA1
GO_Molecular_Function_2023,Frizzled Binding (GO:0005109),6/33,0.4377119631637337,0.9999946343044456,0,0,1.1661104157975246,0.9634336659153212,WNT11;MYOC;CCDC88C;NDP;WNT16;WNT2
GO_Molecular_Function_2023,Voltage-Gated Monoatomic Ion Channel Activity (GO:0005244),5/27,0.4391817826771856,0.9999946343044456,0,0,1.1925953308499446,0.981317369886671,HVCN1;KCNA3;VDAC1;CACNA1E;GRIN2B
GO_Molecular_Function_2023,Phosphatase Activity (GO:0016791),14/83,0.4612545911207373,0.9999946343044456,0,0,1.064708235593621,0.8238766946850237,PLPPR1;PLPPR3;PTPRO;PDXP;PTPN22;PTPRJ;ATP1A2;DUSP15;SGPP2;PLPP4;NOCT;ACP5;CILP2;LPIN3
GO_Molecular_Function_2023,Sodium Channel Regulator Activity (GO:0017080),6/34,0.4679433514051735,0.9999946343044456,0,0,1.1243965671374934,0.8538757869325584,FXYD1;PCSK9;SCN3B;SCN4B;SGK2;SCN2B
GO_Molecular_Function_2023,Delayed Rectifier Potassium Channel Activity (GO:0005251),5/28,0.472584240330155,0.9999946343044456,0,0,1.1406753614121934,0.8549809680343082,KCNC2;KCNB1;KCNA2;KCNC4;KCNA3
GO_Molecular_Function_2023,Glutathione Transferase Activity (GO:0004364),5/28,0.472584240330155,0.9999946343044456,0,0,1.1406753614121934,0.8549809680343082,GSTM3;GSTM2;GSTO2;SH3BGRL3;GSTT2B
GO_Molecular_Function_2023,SH3 Domain Binding (GO:0017124),10/59,0.476165471733144,0.9999946343044456,0,0,1.0708531532913916,0.7945621764386025,AFAP1L2;NCF1;ADAM12;NOXA1;WAS;DAB2IP;PTPN22;CYBA;MAPT;CD3E
GO_Molecular_Function_2023,Peptidase Activator Activity Involved In Apoptotic Process (GO:0016505),4/22,0.4779175834782999,0.9999946343044456,0,0,1.1660065318601904,0.8608824222638359,CTSL;ATP2A3;CTSH;CTSS
GO_Molecular_Function_2023,"Steroid Dehydrogenase Activity, Acting On The CH-OH Group Of Donors, NAD Or NADP As Acceptor (GO:0033764)",4/22,0.4779175834782999,0.9999946343044456,0,0,1.1660065318601904,0.8608824222638359,DHRS9;AKR1C1;RDH5;HSD17B6
GO_Molecular_Function_2023,Nuclear Receptor Binding (GO:0016922),19/115,0.4795436826328992,0.9999946343044456,0,0,1.0385184312493454,0.7632282650301034,TCF7L2;PRKCB;STAT1;TGFB1I1;LEF1;ARID5A;HMGA1;TCF21;NR0B1;HIF1A;ESR1;RERG;SMARCA4;OASL;MED14;NR4A3;PRAME;CALR;DCAF13
GO_Molecular_Function_2023,Phosphatidylinositol Phosphate Binding (GO:1901981),18/109,0.4830822078888435,0.9999946343044456,0,0,1.037902424208957,0.7551450446896611,ARHGAP9;DENND1C;GSDMA;ARAP2;DAB2IP;DAPP1;PLEKHA4;SNX22;SNX20;RPH3A;JPH2;OBSCN;RACGAP1;RUFY4;BTK;MAPT;FERMT2;MYO1G
GO_Molecular_Function_2023,Acetylcholine-Gated Monoatomic Cation-Selective Channel Activity (GO:0022848),3/16,0.4842892934102661,0.9999946343044456,0,0,1.210835116743213,0.8779436534391524,CHRNA1;CHRNB4;CHRNA6
GO_Molecular_Function_2023,Low-Density Lipoprotein Particle Binding (GO:0030169),3/16,0.4842892934102661,0.9999946343044456,0,0,1.210835116743213,0.8779436534391524,MSR1;STAB2;PCSK9
GO_Molecular_Function_2023,Transmembrane Receptor Protein Phosphatase Activity (GO:0019198),3/16,0.4842892934102661,0.9999946343044456,0,0,1.210835116743213,0.8779436534391524,PTPRC;PTPRZ1;PTPRO
GO_Molecular_Function_2023,Transmembrane Receptor Protein Tyrosine Phosphatase Activity (GO:0005001),3/16,0.4842892934102661,0.9999946343044456,0,0,1.210835116743213,0.8779436534391524,PTPRC;PTPRZ1;PTPRO
GO_Molecular_Function_2023,Ubiquitin-Protein Transferase Activator Activity (GO:0097027),3/16,0.4842892934102661,0.9999946343044456,0,0,1.210835116743213,0.8779436534391524,CDC20;ENTREP1;HAVCR2
GO_Molecular_Function_2023,Neutral L-amino Acid Transmembrane Transporter Activity (GO:0015175),7/41,0.4912819797591215,0.9999946343044456,0,0,1.08025407346037,0.7677765601187636,SLC36A1;SLC7A5;SLC43A2;SLC1A3;SLC7A10;SLC38A5;SLC25A13
GO_Molecular_Function_2023,alditol:NADP+ 1-Oxidoreductase Activity (GO:0004032),2/10,0.4923489656053215,0.9999946343044456,0,0,1.31171875,0.9294413202831164,AKR1C1;AKR1B1
GO_Molecular_Function_2023,Calcium Channel Inhibitor Activity (GO:0019855),2/10,0.4923489656053215,0.9999946343044456,0,0,1.31171875,0.9294413202831164,MCUB;ITPR1
GO_Molecular_Function_2023,Nuclear Retinoid X Receptor Binding (GO:0046965),2/10,0.4923489656053215,0.9999946343044456,0,0,1.31171875,0.9294413202831164,CYP27B1;HMGA1
GO_Molecular_Function_2023,Transforming Growth Factor Beta Receptor Activity (GO:0005024),2/10,0.4923489656053215,0.9999946343044456,0,0,1.31171875,0.9294413202831164,TGFBR3;LTBP4
GO_Molecular_Function_2023,Vinculin Binding (GO:0017166),2/10,0.4923489656053215,0.9999946343044456,0,0,1.31171875,0.9294413202831164,SYNM;CORO2B
GO_Molecular_Function_2023,Calcium Channel Activity (GO:0005262),15/91,0.4949328180296973,0.9999946343044456,0,0,1.035580400640761,0.7283581254807981,CATSPER1;SLC24A2;TRPA1;CACNA2D1;TRPV2;CACNA2D2;PKD2L1;PKD1L2;CACNA1F;CACNA1E;MCOLN2;TRPM2;ORAI2;CACHD1;TRPM3
GO_Molecular_Function_2023,Inorganic Cation Transmembrane Transporter Activity (GO:0022890),6/35,0.497713499571751,0.9999946343044456,0,0,1.0855595356264296,0.7574281816528667,GRIA2;UCP2;GRIN2B;GRIA3;GRIA4;ATP6V1B1
GO_Molecular_Function_2023,Ion Channel Inhibitor Activity (GO:0008200),6/35,0.497713499571751,0.9999946343044456,0,0,1.0855595356264296,0.7574281816528667,ANKRD36C;MCUB;ITPR1;WNK4;PCSK9;SCN3B
GO_Molecular_Function_2023,ATP Binding (GO:0005524),45/279,0.5037620149844905,0.9999946343044456,0,0,1.008991008991009,0.6918160120569812,PIF1;BLM;DYRK2;HSPA4L;AGAP2;WNK4;KIF14;ABCB8;ATP1A2;AK5;STK4;SMC4;NUAK2;MTHFD1L;PDK4;PGK1;ABCD1;MAP4K1;HSPA8;DAPK1;PLK1;TAP1;DARS2;HASPIN;SYN2;GCK;SRPK1;NME1;ZAP70;P2RX6;P2RX5;RAD51;OAS1;KIFC1;OAS2;STK17B;OAS3;BTK;SIK1;SIK2;TRIP13;MCM6;TARS1;MYO1F;NEK11
GO_Molecular_Function_2023,Potassium Channel Activity (GO:0005267),13/79,0.5041887086912964,0.9999946343044456,0,0,1.0334578142668454,0.7077167260719675,KCNK9;KCNC2;GRIK5;KCNH8;KCNA1;KCNC4;KCNA2;GRIK3;GRIK1;PKD2L1;KCNMB1;HCN2;KCNK3
GO_Molecular_Function_2023,Actin Monomer Binding (GO:0003785),4/23,0.51470239712399,0.9999946343044456,0,0,1.1045719364076232,0.7336195831262508,ABL2;PFN1;CORO1A;TMSB10
GO_Molecular_Function_2023,Alpha-Actinin Binding (GO:0051393),4/23,0.51470239712399,0.9999946343044456,0,0,1.1045719364076232,0.7336195831262508,MAGI1;SYNPO2;PKD2L1;PDLIM4
GO_Molecular_Function_2023,Mitogen-Activated Protein Kinase Binding (GO:0051019),4/23,0.51470239712399,0.9999946343044456,0,0,1.1045719364076232,0.7336195831262508,GCH1;MAPKAPK2;MICAL2;PTPRJ
GO_Molecular_Function_2023,Transcription Corepressor Binding (GO:0001222),7/42,0.5183236225932258,0.9999946343044456,0,0,1.0493270735524256,0.6895710343460465,PER2;PER1;STAT1;LEF1;NR1D1;ESR1;EZH2
GO_Molecular_Function_2023,Transcription Coregulator Binding (GO:0001221),16/99,0.5259732107408205,0.9999946343044456,0,0,1.0113523774949138,0.6497989569681103,THRB;STAT1;LEF1;HMGA1;AKR1B1;PAX6;NR1D1;HIF1A;ESR1;SMARCA4;CIT;PER2;PER1;HAND2;PGR;EZH2
GO_Molecular_Function_2023,Protein Kinase C Binding (GO:0005080),6/36,0.5268854604481235,0.9999946343044456,0,0,1.0493116395494368,0.672369619330427,TOP2A;IRS1;CAVIN2;PRKCB;PLEK;ADCY4
GO_Molecular_Function_2023,Carboxylic Acid Binding (GO:0031406),3/17,0.5271179490137448,0.9999946343044456,0,0,1.1242799089001028,0.7199112146135063,MAG;AKR1C1;EPDR1
GO_Molecular_Function_2023,Neuropeptide Receptor Binding (GO:0071855),3/17,0.5271179490137448,0.9999946343044456,0,0,1.1242799089001028,0.7199112146135063,PYY;GAL;NMU
GO_Molecular_Function_2023,Phosphatidylinositol 3-Kinase Regulator Activity (GO:0035014),3/17,0.5271179490137448,0.9999946343044456,0,0,1.1242799089001028,0.7199112146135063,SOCS1;SLA2;PIK3R5
GO_Molecular_Function_2023,Calcium Ion Transmembrane Transporter Activity (GO:0015085),11/68,0.5361132054409397,0.9999946343044456,0,0,1.0124472887012266,0.631169699483931,SLC24A2;TRPM2;TRPA1;ATP2A3;ITPR1;TRPV2;PKD2L1;PKD1L2;MCOLN2;TRPM3;TMEM165
GO_Molecular_Function_2023,Heme Binding (GO:0020037),14/87,0.536900995481828,0.9999946343044456,0,0,1.0061274299169831,0.6257524707932558,HBB;NRG1;PXDNL;NR1D1;CYP46A1;TDO2;CBS;STC2;CYP2S1;CAT;FLVCR2;HMOX1;CYCS;NOX4
GO_Molecular_Function_2023,Receptor Antagonist Activity (GO:0048019),5/30,0.5372062339416398,0.9999946343044456,0,0,1.0492962152017515,0.6520045573679574,DKK4;IGSF1;CCL5;IL18BP;DKK3
GO_Molecular_Function_2023,Retinoid Binding (GO:0005501),5/30,0.5372062339416398,0.9999946343044456,0,0,1.0492962152017515,0.6520045573679574,CYP27C1;CRABP2;ALDH1A2;E2F1;SERPINA5
GO_Molecular_Function_2023,Cysteine-Type Endopeptidase Activity (GO:0004197),17/106,0.5379279201352383,0.9999946343044456,0,0,1.002074330164218,0.6213168536345476,USP6;USP2;CTSZ;USP18;CTSS;CAPN14;CAPN11;CAPN9;CASP8;ESPL1;CTSL;CTSH;CTSF;CTSD;CTSC;LGMN;CTSB
GO_Molecular_Function_2023,C2H2 Zinc Finger Domain Binding (GO:0070742),2/11,0.5456773387628171,0.9999946343044456,0,0,1.1659027777777775,0.7062192962056092,WT1;LEF1
GO_Molecular_Function_2023,"UDP-galactose:beta-N-acetylglucosamine Beta-1,3-Galactosyltransferase Activity (GO:0008499)",2/11,0.5456773387628171,0.9999946343044456,0,0,1.1659027777777775,0.7062192962056092,B3GNT7;B3GALT1
GO_Molecular_Function_2023,Calcium-Activated Potassium Channel Activity (GO:0015269),2/11,0.5456773387628171,0.9999946343044456,0,0,1.1659027777777775,0.7062192962056092,KCNMB1;PKD2L1
GO_Molecular_Function_2023,Dynactin Binding (GO:0034452),2/11,0.5456773387628171,0.9999946343044456,0,0,1.1659027777777775,0.7062192962056092,BICDL1;MAPT
GO_Molecular_Function_2023,Mechanosensitive Monoatomic Ion Channel Activity (GO:0008381),2/11,0.5456773387628171,0.9999946343044456,0,0,1.1659027777777775,0.7062192962056092,TMC8;TMC6
GO_Molecular_Function_2023,poly(A) RNA Polymerase Activity (GO:1990817),2/11,0.5456773387628171,0.9999946343044456,0,0,1.1659027777777775,0.7062192962056092,TENT5B;TENT5C
GO_Molecular_Function_2023,Sodium:Phosphate Symporter Activity (GO:0005436),2/11,0.5456773387628171,0.9999946343044456,0,0,1.1659027777777775,0.7062192962056092,SLC20A1;SLC17A7
GO_Molecular_Function_2023,Monoatomic Cation Transmembrane Transporter Activity (GO:0008324),6/37,0.5553392499856199,0.9999946343044456,0,0,1.0154023174128952,0.5972353655887258,UCP2;TRPV2;PKD2L1;TRPM3;CALHM6;ATP6V1B1
GO_Molecular_Function_2023,Peptidase Inhibitor Activity (GO:0030414),6/37,0.5553392499856199,0.9999946343044456,0,0,1.0154023174128952,0.5972353655887258,CSTB;PCSK1N;ITIH2;PROS1;GPC3;CST7
GO_Molecular_Function_2023,"Oxidoreductase Activity, Acting On The CH-OH Group Of Donors, NAD Or NADP As Acceptor (GO:0016616)",15/95,0.566746201828982,0.9999946343044456,0,0,0.983566049576404,0.5585117762152046,G6PD;ADH1A;AKR1C1;AKR1A1;DHDH;HSD17B13;KCNAB2;HSD17B6;LDHA;BDH2;DHRS9;RDH5;ME3;ME2;GFUS
GO_Molecular_Function_2023,GTPase Regulator Activity (GO:0030695),67/424,0.5678545513462261,0.9999946343044456,0,0,0.984231523550409,0.5569667420461828,ARHGAP9;DENND1C;ARHGAP11A;ARF4;ARHGAP11B;GPSM2;DOCK3;FAM13A;RASGRF1;ARHGAP6;SLC6A2;ARHGAP4;RGS2;RINL;RGS1;TAGAP;TBC1D10C;RCC1;ARHGEF40;MCF2L2;RGS6;DENND2A;ARAP2;TBC1D9;GMIP;VAV1;ARHGAP45;TIAM1;TBC1D2;OBSCN;ADGRB3;TBC1D7;ARHGEF4;DOCK2;DOCK1;NGEF;RAPGEF3;ARHGEF25;ARHGEF28;AGAP11;AGAP2;WAS;THY1;ARHGAP15;IQGAP3;RGPD1;RASGRP1;ARHGAP22;ARHGAP20;ALS2CL;WNT11;SH3BP1;RACGAP1;NCKAP1L;ECT2;CYTH1;RANBP1;STARD13;ARHGAP29;SGSM1;RABIF;ARHGAP30;CCDC88C;RGS10;RGL3;RGL4;RGS11
GO_Molecular_Function_2023,TBP-class Protein Binding (GO:0017025),3/18,0.5678866485331605,0.9999946343044456,0,0,1.0492653954360738,0.593709450919361,THRA;TAF13;ESR1
GO_Molecular_Function_2023,Cholesterol Transfer Activity (GO:0120020),3/18,0.5678866485331605,0.9999946343044456,0,0,1.0492653954360738,0.593709450919361,GRAMD1C;STARD4;APOB
GO_Molecular_Function_2023,Phospholipase A2 Activity (GO:0004623),5/31,0.5681121440502781,0.9999946343044456,0,0,1.0088785159163638,0.5704566795000414,PLA2G2D;PLAAT3;PLAAT5;PLA2G7;PNPLA2
GO_Molecular_Function_2023,Voltage-Gated Monoatomic Cation Channel Activity (GO:0022843),12/76,0.5693201852583248,0.9999946343044456,0,0,0.9835815047021944,0.5540635472354658,CATSPER1;KCNC2;CACNA2D1;KCNH8;HVCN1;KCNA1;KCNC4;KCNA2;CACNA2D2;CACNA1F;CACNA1E;HCN2
GO_Molecular_Function_2023,Kinase Activator Activity (GO:0019209),7/44,0.570686675906979,0.9999946343044456,0,0,0.9924882629107982,0.5567015030185383,WNT11;GPRC5A;TYROBP;AGAP2;NCKAP1L;MYD88;CDK5R1
GO_Molecular_Function_2023,11-Cis Retinal Binding (GO:0005502),1/5,0.5820761331254202,0.9999946343044456,0,0,1.3116213683223992,0.7097891852038679,CYP27C1
GO_Molecular_Function_2023,ATP-activated Inward Rectifier Potassium Channel Activity (GO:0015272),1/5,0.5820761331254202,0.9999946343044456,0,0,1.3116213683223992,0.7097891852038679,KCNJ10
GO_Molecular_Function_2023,C3HC4-type RING Finger Domain Binding (GO:0055131),1/5,0.5820761331254202,0.9999946343044456,0,0,1.3116213683223992,0.7097891852038679,HSPA8
GO_Molecular_Function_2023,CoA Carboxylase Activity (GO:0016421),1/5,0.5820761331254202,0.9999946343044456,0,0,1.3116213683223992,0.7097891852038679,ACACB
GO_Molecular_Function_2023,"N,N-dimethylaniline Monooxygenase Activity (GO:0004499)",1/5,0.5820761331254202,0.9999946343044456,0,0,1.3116213683223992,0.7097891852038679,FMO2
GO_Molecular_Function_2023,P-type Sodium Transporter Activity (GO:0008554),1/5,0.5820761331254202,0.9999946343044456,0,0,1.3116213683223992,0.7097891852038679,ATP1A2
GO_Molecular_Function_2023,P-type Sodium:Potassium-Exchanging Transporter Activity (GO:0005391),1/5,0.5820761331254202,0.9999946343044456,0,0,1.3116213683223992,0.7097891852038679,ATP1A2
GO_Molecular_Function_2023,Acetyltransferase Activator Activity (GO:0010698),1/5,0.5820761331254202,0.9999946343044456,0,0,1.3116213683223992,0.7097891852038679,CDK1
GO_Molecular_Function_2023,Alkaline Phosphatase Activity (GO:0004035),1/5,0.5820761331254202,0.9999946343044456,0,0,1.3116213683223992,0.7097891852038679,CILP2
GO_Molecular_Function_2023,Amino Acid:Proton Symporter Activity (GO:0005280),1/5,0.5820761331254202,0.9999946343044456,0,0,1.3116213683223992,0.7097891852038679,SLC36A1
GO_Molecular_Function_2023,Annealing Activity (GO:0140666),1/5,0.5820761331254202,0.9999946343044456,0,0,1.3116213683223992,0.7097891852038679,RECQL4
GO_Molecular_Function_2023,Apolipoprotein Receptor Binding (GO:0034190),1/5,0.5820761331254202,0.9999946343044456,0,0,1.3116213683223992,0.7097891852038679,PCSK9
GO_Molecular_Function_2023,arachidonate-CoA Ligase Activity (GO:0047676),1/5,0.5820761331254202,0.9999946343044456,0,0,1.3116213683223992,0.7097891852038679,ACSL3
GO_Molecular_Function_2023,Carnitine O-acyltransferase Activity (GO:0016406),1/5,0.5820761331254202,0.9999946343044456,0,0,1.3116213683223992,0.7097891852038679,CPT2
GO_Molecular_Function_2023,Chitinase Activity (GO:0004568),1/5,0.5820761331254202,0.9999946343044456,0,0,1.3116213683223992,0.7097891852038679,CHIT1
GO_Molecular_Function_2023,Chondroitin Sulfotransferase Activity (GO:0034481),1/5,0.5820761331254202,0.9999946343044456,0,0,1.3116213683223992,0.7097891852038679,CHST13
GO_Molecular_Function_2023,Chromo Shadow Domain Binding (GO:0070087),1/5,0.5820761331254202,0.9999946343044456,0,0,1.3116213683223992,0.7097891852038679,CHAF1A
GO_Molecular_Function_2023,Four-Way Junction Helicase Activity (GO:0009378),1/5,0.5820761331254202,0.9999946343044456,0,0,1.3116213683223992,0.7097891852038679,RECQL4
GO_Molecular_Function_2023,Fructose Binding (GO:0070061),1/5,0.5820761331254202,0.9999946343044456,0,0,1.3116213683223992,0.7097891852038679,SLC2A5
GO_Molecular_Function_2023,Gap Junction Channel Activity Involved In Cell Communication By Electrical Coupling (GO:1903763),1/5,0.5820761331254202,0.9999946343044456,0,0,1.3116213683223992,0.7097891852038679,GJB2
GO_Molecular_Function_2023,glucuronosyl-N-acetylgalactosaminyl-proteoglycan 4-beta-N-acetylgalactosaminyltransferase Activity (GO:0047238),1/5,0.5820761331254202,0.9999946343044456,0,0,1.3116213683223992,0.7097891852038679,CHPF2
GO_Molecular_Function_2023,Guanylyltransferase Activity (GO:0070568),1/5,0.5820761331254202,0.9999946343044456,0,0,1.3116213683223992,0.7097891852038679,GMPPB
GO_Molecular_Function_2023,High-Density Lipoprotein Particle Binding (GO:0008035),1/5,0.5820761331254202,0.9999946343044456,0,0,1.3116213683223992,0.7097891852038679,HSPD1
GO_Molecular_Function_2023,"Hydrolase Activity, Acting On Acid Anhydrides, In Phosphorus-Containing Anhydrides (GO:0016818)",1/5,0.5820761331254202,0.9999946343044456,0,0,1.3116213683223992,0.7097891852038679,NUDT1
GO_Molecular_Function_2023,"Intramolecular Oxidoreductase Activity, Interconverting Aldoses And Ketoses (GO:0016861)",1/5,0.5820761331254202,0.9999946343044456,0,0,1.3116213683223992,0.7097891852038679,TPI1
GO_Molecular_Function_2023,Keratin Filament Binding (GO:1990254),1/5,0.5820761331254202,0.9999946343044456,0,0,1.3116213683223992,0.7097891852038679,KRT14
GO_Molecular_Function_2023,Lysophosphatidic Acid Phosphatase Activity (GO:0052642),1/5,0.5820761331254202,0.9999946343044456,0,0,1.3116213683223992,0.7097891852038679,PLPPR1
GO_Molecular_Function_2023,rRNA (Adenine) Methyltransferase Activity (GO:0016433),1/5,0.5820761331254202,0.9999946343044456,0,0,1.3116213683223992,0.7097891852038679,TFB2M
GO_Molecular_Function_2023,Riboflavin Transmembrane Transporter Activity (GO:0032217),1/5,0.5820761331254202,0.9999946343044456,0,0,1.3116213683223992,0.7097891852038679,SLC52A2
GO_Molecular_Function_2023,Secondary Active Monocarboxylate Transmembrane Transporter Activity (GO:0015355),1/5,0.5820761331254202,0.9999946343044456,0,0,1.3116213683223992,0.7097891852038679,SLC16A3
GO_Molecular_Function_2023,Sulfatide Binding (GO:0120146),1/5,0.5820761331254202,0.9999946343044456,0,0,1.3116213683223992,0.7097891852038679,MANF
GO_Molecular_Function_2023,Uridine Transmembrane Transporter Activity (GO:0015213),1/5,0.5820761331254202,0.9999946343044456,0,0,1.3116213683223992,0.7097891852038679,SLC28A3
GO_Molecular_Function_2023,Uridylyltransferase Activity (GO:0070569),1/5,0.5820761331254202,0.9999946343044456,0,0,1.3116213683223992,0.7097891852038679,UAP1
GO_Molecular_Function_2023,Carboxypeptidase Activity (GO:0004180),6/38,0.5829718273822647,0.9999946343044456,0,0,0.9836123279098874,0.530773360427201,CTSA;CPA1;CPB1;CTSZ;NAALAD2;CPA4
GO_Molecular_Function_2023,Epidermal Growth Factor Receptor Binding (GO:0005154),4/25,0.5843385732089683,0.9999946343044456,0,0,0.9992554870603652,0.536874707519911,ARF4;SLA;TGFA;CNOT9
GO_Molecular_Function_2023,Phosphatidylinositol-4-Phosphate Binding (GO:0070273),4/25,0.5843385732089683,0.9999946343044456,0,0,0.9992554870603652,0.536874707519911,JPH2;GSDMA;OBSCN;DAB2IP
GO_Molecular_Function_2023,Wide Pore Channel Activity (GO:0022829),4/25,0.5843385732089683,0.9999946343044456,0,0,0.9992554870603652,0.536874707519911,GJC3;GJB2;GSDMA;GJB3
GO_Molecular_Function_2023,Transcription Regulatory Region Nucleic Acid Binding (GO:0001067),35/224,0.5910875530655745,0.9999946343044456,0,0,0.9711843197792044,0.5106400995882342,YAP1;SUV39H2;CALCOCO1;SPI1;THRA;GFI1;PRDM5;FOXI1;AKR1B1;GATA4;GATA3;HOXC13;MACROH2A1;BASP1;CREB3L1;TBX21;CREB3L2;ZBED2;ZBED4;EGR1;TCF7L2;ARID5A;PAX6;NR1D1;POU2F2;FOXN1;KLF15;TBX18;PER2;PER1;RFX6;WT1;HAND2;IRF1;ATF5
GO_Molecular_Function_2023,"DNA Exonuclease Activity, Producing 5'-Phosphomonoesters (GO:0016895)",2/12,0.5949475857647315,0.9999946343044456,0,0,1.04925,0.5448566054155447,FEN1;EXO1
GO_Molecular_Function_2023,GDP-dissociation Inhibitor Activity (GO:0005092),2/12,0.5949475857647315,0.9999946343044456,0,0,1.04925,0.5448566054155447,GPSM2;RANBP1
GO_Molecular_Function_2023,RNA Polymerase II Core Promoter Sequence-Specific DNA Binding (GO:0000979),2/12,0.5949475857647315,0.9999946343044456,0,0,1.04925,0.5448566054155447,H2AZ1;STAT1
GO_Molecular_Function_2023,Transmembrane Receptor Protein Tyrosine Kinase Activator Activity (GO:0030297),2/12,0.5949475857647315,0.9999946343044456,0,0,1.04925,0.5448566054155447,ANGPT4;NRG1
GO_Molecular_Function_2023,Vascular Endothelial Growth Factor Receptor Binding (GO:0005172),2/12,0.5949475857647315,0.9999946343044456,0,0,1.04925,0.5448566054155447,DAB2IP;VEGFD
GO_Molecular_Function_2023,Copper Ion Binding (GO:0005507),7/45,0.5958406929794239,0.9999946343044456,0,0,0.966312494852154,0.5003391594916222,AOC3;MOXD1;AOC1;DCT;SLC31A1;SCO2;SNCG
GO_Molecular_Function_2023,Damaged DNA Binding (GO:0003684),7/45,0.5958406929794239,0.9999946343044456,0,0,0.966312494852154,0.5003391594916222,POLQ;FEN1;NEIL3;PCNA;PARP1;AUNIP;SMC6
GO_Molecular_Function_2023,Protein Serine/Threonine Kinase Inhibitor Activity (GO:0030291),5/32,0.5979156925790838,0.9999946343044456,0,0,0.9714547202817456,0.4996245224282798,CDKN2A;SPRY2;PTPN6;MACROH2A1;CIT
GO_Molecular_Function_2023,Calcium Ion Binding (GO:0005509),54/346,0.6045388120456718,0.9999946343044456,0,0,0.9696567509703922,0.4880179700109119,RET;CLXN;TNFAIP6;DYSF;TCHH;PKD2L1;COMP;RPH3A;CALB2;EFHD2;ANXA9;TGM2;TESC;HPCAL1;MMP12;MMP13;MELK;PLSCR4;CASQ2;CDH12;DSG1;MICU3;ADAM8;PADI4;LCP1;CLEC4E;MYL9;DSC1;SLC25A13;CABP4;NRXN1;LTBP4;AOAH;LRP2;RASGRP1;SCUBE1;SPOCK2;CDH23;AOC3;AOC1;PLA2G2D;GSN;KCNIP2;KCNIP3;CABCOCO1;TUBB4A;SYT8;BAIAP3;GJB2;SELL;CLEC6A;CALU;CALR;CDK5R1
GO_Molecular_Function_2023,UDP-galactosyltransferase Activity (GO:0035250),3/19,0.6064087511048587,0.9999946343044456,0,0,0.9836276961550484,0.4920115705397366,B3GNT7;B3GALT1;B4GALT6
GO_Molecular_Function_2023,Postsynaptic Neurotransmitter Receptor Activity (GO:0098960),3/19,0.6064087511048587,0.9999946343044456,0,0,0.9836276961550484,0.4920115705397366,CHRNA1;CHRNB4;CHRNA6
GO_Molecular_Function_2023,Sterol Transfer Activity (GO:0120015),3/19,0.6064087511048587,0.9999946343044456,0,0,0.9836276961550484,0.4920115705397366,GRAMD1C;STARD4;APOB
GO_Molecular_Function_2023,Double-Stranded RNA Binding (GO:0003725),10/65,0.6069166987535196,0.9999946343044456,0,0,0.9536910457963088,0.4762387195020734,IFIH1;TFRC;OAS1;OAS2;OAS3;TLR8;ILF2;OASL;HSPD1;ADAD2
GO_Molecular_Function_2023,Adenyl Ribonucleotide Binding (GO:0032559),48/309,0.615010420092651,0.9999946343044456,0,0,0.9642635879270256,0.4687440239549037,PIF1;BLM;DYRK2;HSPA4L;AGAP2;WNK4;KIF14;ABCB8;ATP1A2;AK5;STK4;SMC4;IFIH1;NUAK2;MTHFD1L;PDK4;PGK1;ABCD1;CFAP45;MAP4K1;HSPA8;DAPK1;PDE2A;PLK1;TAP1;DARS2;HASPIN;SYN2;GCK;SRPK1;NME1;ZAP70;P2RX6;P2RX5;RAD51;OAS1;KIFC1;OAS2;STK17B;OAS3;BTK;SIK1;SIK2;TRIP13;MCM6;TARS1;MYO1F;NEK11
GO_Molecular_Function_2023,Zinc Ion Binding (GO:0008270),53/341,0.6167740491832563,0.9999946343044456,0,0,0.9648455417945732,0.4662640500255924,CDA;SUV39H2;ADAMDEC1;MT1M;PHF8;IFIH1;RPH3A;ADAMTS4;CSRP1;CA9;TK1;MME;PARP1;BHMT2;ZBTB32;NRG1;MMP8;MMP9;ZDHHC15;MMP12;MMP13;ZNF93;TET3;DPEP1;ADAM8;TARS1;PAPPA2;BLM;UHRF1;ADH1A;TMEM163;RASGRP1;ACMSD;DPP3;EGR1;AOC1;SEC24A;GCH1;LVRN;PDE2A;ADAM33;GRIN2B;RABIF;CD4;EPRS1;WT1;QPCT;MSRB3;CALR;ZNF214;CDO1;SEC24D;ADA
GO_Molecular_Function_2023,Monoatomic Cation Channel Activity (GO:0005261),16/105,0.6265289283487914,0.9999946343044456,0,0,0.9428327584869196,0.4408311967987587,SLC24A2;KCNK9;TRPA1;HVCN1;KCNA1;KCNC4;KCNA2;TRPV2;PKD2L1;PKD1L2;CACNA1E;MCOLN2;CALHM6;TRPM2;TRPM3;KCNK3
GO_Molecular_Function_2023,Monoatomic Anion Channel Activity (GO:0005253),8/53,0.6297892822718677,0.9999946343044456,0,0,0.9324706046058582,0.4311464223825564,CLIC3;TTYH3;GLRA3;FXYD1;VDAC1;SLC17A7;CLCA4;ANO3
GO_Molecular_Function_2023,Syntaxin Binding (GO:0019905),8/53,0.6297892822718677,0.9999946343044456,0,0,0.9324706046058582,0.4311464223825564,TMED9;UNC13A;PRRT2;DAPK1;STXBP1;SYT8;VAMP2;BAIAP3
GO_Molecular_Function_2023,Metal Ion Binding (GO:0046872),81/521,0.6334591478121891,0.9999946343044456,0,0,0.9648699426174594,0.4405207969437645,RET;CLXN;TOP2A;FEN1;DYRK2;TNFAIP6;DYSF;TCHH;PKD2L1;CISD3;RPH3A;COMP;CALB2;EFHD2;ANXA9;XXYLT1;TGM2;GEN1;POSTN;TESC;HPCAL1;NRG1;NME1;MMP12;MMP13;MELK;MTHFD2;PLSCR4;CASQ2;CDH12;DSG1;ADAM8;SIK1;MICU3;PADI4;LCP1;SIK2;CLEC4E;MYL9;DSC1;SLC25A13;PIF1;CABP4;NRXN1;LTBP4;PDXP;AOAH;LRP2;STK4;RASGRP1;NUAK2;SCUBE1;ACVR1C;SPOCK2;CDH23;ABL2;APOE;HMGCLL1;AOC3;AOC1;PLA2G2D;GSN;KCNIP2;KCNIP3;PLK1;PDE2A;IDH2;HSPE1;TUBB4A;CABCOCO1;SYT8;BAIAP3;SRPK1;GJB2;NUDT7;SELL;CLEC6A;CALU;S100P;CALR;CDK5R1
GO_Molecular_Function_2023,Monoatomic Ion Gated Channel Activity (GO:0022839),6/40,0.6354435543745919,0.9999946343044456,0,0,0.9256423470514614,0.419715872841982,CHRNB4;PACC1;KCNA3;TMC8;PKD2L1;TMC6
GO_Molecular_Function_2023,Phosphatidylinositol-3-Phosphate Binding (GO:0032266),6/40,0.6354435543745919,0.9999946343044456,0,0,0.9256423470514614,0.419715872841982,JPH2;OBSCN;RUFY4;DAB2IP;PLEKHA4;SNX20
GO_Molecular_Function_2023,"4 Iron, 4 Sulfur Cluster Binding (GO:0051539)",2/13,0.6400918799507267,0.9999946343044456,0,0,0.9538068181818182,0.4255347603638127,PRIM2;RSAD2
GO_Molecular_Function_2023,5'-3' Exonuclease Activity (GO:0008409),2/13,0.6400918799507267,0.9999946343044456,0,0,0.9538068181818182,0.4255347603638127,FEN1;EXO1
GO_Molecular_Function_2023,CARD Domain Binding (GO:0050700),2/13,0.6400918799507267,0.9999946343044456,0,0,0.9538068181818182,0.4255347603638127,RIPK2;NOD2
GO_Molecular_Function_2023,I-SMAD Binding (GO:0070411),2/13,0.6400918799507267,0.9999946343044456,0,0,0.9538068181818182,0.4255347603638127,GARS1;TGFB1I1
GO_Molecular_Function_2023,Caspase Binding (GO:0089720),2/13,0.6400918799507267,0.9999946343044456,0,0,0.9538068181818182,0.4255347603638127,RIPK2;NLRP7
GO_Molecular_Function_2023,Heparan Sulfate Sulfotransferase Activity (GO:0034483),2/13,0.6400918799507267,0.9999946343044456,0,0,0.9538068181818182,0.4255347603638127,HS3ST3A1;HS3ST2
GO_Molecular_Function_2023,Inhibitory Extracellular Ligand-Gated Monoatomic Ion Channel Activity (GO:0005237),2/13,0.6400918799507267,0.9999946343044456,0,0,0.9538068181818182,0.4255347603638127,GLRA3;GABRG1
GO_Molecular_Function_2023,Metalloendopeptidase Inhibitor Activity (GO:0008191),2/13,0.6400918799507267,0.9999946343044456,0,0,0.9538068181818182,0.4255347603638127,SPOCK2;TIMP4
GO_Molecular_Function_2023,Peptide Hormone Receptor Binding (GO:0051428),2/13,0.6400918799507267,0.9999946343044456,0,0,0.9538068181818182,0.4255347603638127,LEP;PTHLH
GO_Molecular_Function_2023,Phosphatidylglycerol Binding (GO:1901611),2/13,0.6400918799507267,0.9999946343044456,0,0,0.9538068181818182,0.4255347603638127,MME;UCP1
GO_Molecular_Function_2023,Sulfate Transmembrane Transporter Activity (GO:0015116),2/13,0.6400918799507267,0.9999946343044456,0,0,0.9538068181818182,0.4255347603638127,UCP2;SLC26A6
GO_Molecular_Function_2023,Kinase Activity (GO:0016301),16/106,0.6422802092680858,0.9999946343044456,0,0,0.9323010392690242,0.4127582054698646,IPPK;SYK;CAMK2A;CDC7;PKMYT1;GCK;CKMT2;IRAK1;CDK5;ITPKA;PGK1;CDK1;CCL3;POMK;SEPHS2;CDK5R1
GO_Molecular_Function_2023,Acetylcholine Receptor Activity (GO:0015464),3/20,0.6425698078473085,0.9999946343044456,0,0,0.9257120791423792,0.409423769669448,CHRNA1;CHRNB4;CHRNA6
GO_Molecular_Function_2023,Gap Junction Channel Activity (GO:0005243),3/20,0.6425698078473085,0.9999946343044456,0,0,0.9257120791423792,0.409423769669448,GJB2;GJC3;GJB3
GO_Molecular_Function_2023,"Oxidoreductase Activity, Acting On The Aldehyde Or Oxo Group Of Donors, NAD Or NADP As Acceptor (GO:0016620)",3/20,0.6425698078473085,0.9999946343044456,0,0,0.9257120791423792,0.409423769669448,ALDH1A2;AKR1B1;ALDH18A1
GO_Molecular_Function_2023,Solute:Proton Symporter Activity (GO:0015295),3/20,0.6425698078473085,0.9999946343044456,0,0,0.9257120791423792,0.409423769669448,SLC36A1;SLC15A3;SLC16A3
GO_Molecular_Function_2023,Acetyltransferase Activity (GO:0016407),4/27,0.6477957998207895,0.9999946343044456,0,0,0.9122549419474127,0.3960826281274458,LCAT;ESCO2;NAA15;SAT1
GO_Molecular_Function_2023,Protein Phosphatase Inhibitor Activity (GO:0004864),4/27,0.6477957998207895,0.9999946343044456,0,0,0.9122549419474127,0.3960826281274458,PPP1R14A;PPP1R14B;PPP1R1A;PTN
GO_Molecular_Function_2023,1-Alkyl-2-Acetylglycerophosphocholine Esterase Activity (GO:0003847),1/6,0.649002296313259,0.9999946343044456,0,0,1.0492346141830675,0.4536040844044051,PLA2G7
GO_Molecular_Function_2023,1-Phosphatidylinositol-4-Phosphate 3-Kinase Activity (GO:0035005),1/6,0.649002296313259,0.9999946343044456,0,0,1.0492346141830675,0.4536040844044051,PIK3C2G
GO_Molecular_Function_2023,ABC-type Glutathione S-conjugate Transporter Activity (GO:0015431),1/6,0.649002296313259,0.9999946343044456,0,0,1.0492346141830675,0.4536040844044051,ABCC4
GO_Molecular_Function_2023,CDP-alcohol Phosphatidyltransferase Activity (GO:0017169),1/6,0.649002296313259,0.9999946343044456,0,0,1.0492346141830675,0.4536040844044051,SELENOI
GO_Molecular_Function_2023,DEAD/H-box RNA Helicase Binding (GO:0017151),1/6,0.649002296313259,0.9999946343044456,0,0,1.0492346141830675,0.4536040844044051,GARS1
GO_Molecular_Function_2023,MHC Class II Protein Binding (GO:0042289),1/6,0.649002296313259,0.9999946343044456,0,0,1.0492346141830675,0.4536040844044051,LAG3
GO_Molecular_Function_2023,MutLalpha Complex Binding (GO:0032405),1/6,0.649002296313259,0.9999946343044456,0,0,1.0492346141830675,0.4536040844044051,PCNA
GO_Molecular_Function_2023,P-type Potassium Transmembrane Transporter Activity (GO:0008556),1/6,0.649002296313259,0.9999946343044456,0,0,1.0492346141830675,0.4536040844044051,ATP1A2
GO_Molecular_Function_2023,Acid Phosphatase Activity (GO:0003993),1/6,0.649002296313259,0.9999946343044456,0,0,1.0492346141830675,0.4536040844044051,ACP5
GO_Molecular_Function_2023,Alpha-Mannosidase Activity (GO:0004559),1/6,0.649002296313259,0.9999946343044456,0,0,1.0492346141830675,0.4536040844044051,MAN2B1
GO_Molecular_Function_2023,Arachidonic Acid Binding (GO:0050544),1/6,0.649002296313259,0.9999946343044456,0,0,1.0492346141830675,0.4536040844044051,GPR31
GO_Molecular_Function_2023,Aryl Sulfotransferase Activity (GO:0004062),1/6,0.649002296313259,0.9999946343044456,0,0,1.0492346141830675,0.4536040844044051,SULT1C4
GO_Molecular_Function_2023,"Beta-Galactoside (CMP) Alpha-2,3-Sialyltransferase Activity (GO:0003836)",1/6,0.649002296313259,0.9999946343044456,0,0,1.0492346141830675,0.4536040844044051,ST3GAL1
GO_Molecular_Function_2023,Carbohydrate:Proton Symporter Activity (GO:0005351),1/6,0.649002296313259,0.9999946343044456,0,0,1.0492346141830675,0.4536040844044051,SLC45A3
GO_Molecular_Function_2023,Fatty Acid Elongase Activity (GO:0009922),1/6,0.649002296313259,0.9999946343044456,0,0,1.0492346141830675,0.4536040844044051,ELOVL2
GO_Molecular_Function_2023,Galactosidase Activity (GO:0015925),1/6,0.649002296313259,0.9999946343044456,0,0,1.0492346141830675,0.4536040844044051,GLB1
GO_Molecular_Function_2023,Gamma-Aminobutyric Acid Transmembrane Transporter Activity (GO:0015185),1/6,0.649002296313259,0.9999946343044456,0,0,1.0492346141830675,0.4536040844044051,SLC6A12
GO_Molecular_Function_2023,Glucose:Sodium Symporter Activity (GO:0005412),1/6,0.649002296313259,0.9999946343044456,0,0,1.0492346141830675,0.4536040844044051,SLC5A9
GO_Molecular_Function_2023,Glycerol Channel Activity (GO:0015254),1/6,0.649002296313259,0.9999946343044456,0,0,1.0492346141830675,0.4536040844044051,AQP9
GO_Molecular_Function_2023,Icosatetraenoic Acid Binding (GO:0050543),1/6,0.649002296313259,0.9999946343044456,0,0,1.0492346141830675,0.4536040844044051,GPR31
GO_Molecular_Function_2023,Insulin-Like Growth Factor II Binding (GO:0031995),1/6,0.649002296313259,0.9999946343044456,0,0,1.0492346141830675,0.4536040844044051,IGFBP6
GO_Molecular_Function_2023,Interleukin-6 Receptor Binding (GO:0005138),1/6,0.649002296313259,0.9999946343044456,0,0,1.0492346141830675,0.4536040844044051,IL6ST
GO_Molecular_Function_2023,Mitogen-Activated Protein Kinase Kinase Binding (GO:0031434),1/6,0.649002296313259,0.9999946343044456,0,0,1.0492346141830675,0.4536040844044051,DAB2IP
GO_Molecular_Function_2023,Nucleoside Kinase Activity (GO:0019206),1/6,0.649002296313259,0.9999946343044456,0,0,1.0492346141830675,0.4536040844044051,TK1
GO_Molecular_Function_2023,"Oxidoreductase Activity, Acting On A Sulfur Group Of Donors, Disulfide As Acceptor (GO:0016671)",1/6,0.649002296313259,0.9999946343044456,0,0,1.0492346141830675,0.4536040844044051,MSRB3
GO_Molecular_Function_2023,"Oxidoreductase Activity, Acting On The CH-CH Group Of Donors, With A Flavin As Acceptor (GO:0052890)",1/6,0.649002296313259,0.9999946343044456,0,0,1.0492346141830675,0.4536040844044051,ACADS
GO_Molecular_Function_2023,Phosphatidylinositol Trisphosphate Phosphatase Activity (GO:0034594),1/6,0.649002296313259,0.9999946343044456,0,0,1.0492346141830675,0.4536040844044051,INPP5J
GO_Molecular_Function_2023,Phosphofructokinase Activity (GO:0008443),1/6,0.649002296313259,0.9999946343044456,0,0,1.0492346141830675,0.4536040844044051,PFKFB4
GO_Molecular_Function_2023,Protein Tyrosine Kinase Inhibitor Activity (GO:0030292),1/6,0.649002296313259,0.9999946343044456,0,0,1.0492346141830675,0.4536040844044051,LILRB4
GO_Molecular_Function_2023,Pyrimidine Nucleobase Transmembrane Transporter Activity (GO:0005350),1/6,0.649002296313259,0.9999946343044456,0,0,1.0492346141830675,0.4536040844044051,SLC28A3
GO_Molecular_Function_2023,Pyrimidine Nucleotide-Sugar Transmembrane Transporter Activity (GO:0015165),1/6,0.649002296313259,0.9999946343044456,0,0,1.0492346141830675,0.4536040844044051,SLC35A2
GO_Molecular_Function_2023,rRNA Methyltransferase Activity (GO:0008649),1/6,0.649002296313259,0.9999946343044456,0,0,1.0492346141830675,0.4536040844044051,FBLL1
GO_Molecular_Function_2023,Serine-Type Exopeptidase Activity (GO:0070008),1/6,0.649002296313259,0.9999946343044456,0,0,1.0492346141830675,0.4536040844044051,CTSA
GO_Molecular_Function_2023,Sodium Ion Binding (GO:0031402),1/6,0.649002296313259,0.9999946343044456,0,0,1.0492346141830675,0.4536040844044051,ATP1A2
GO_Molecular_Function_2023,Sphingosine-1-Phosphate Phosphatase Activity (GO:0042392),1/6,0.649002296313259,0.9999946343044456,0,0,1.0492346141830675,0.4536040844044051,SGPP2
GO_Molecular_Function_2023,Telethonin Binding (GO:0031433),1/6,0.649002296313259,0.9999946343044456,0,0,1.0492346141830675,0.4536040844044051,MYOZ3
GO_Molecular_Function_2023,Vascular Endothelial Growth Factor Receptor Activity (GO:0005021),1/6,0.649002296313259,0.9999946343044456,0,0,1.0492346141830675,0.4536040844044051,PDGFRA
GO_Molecular_Function_2023,Hsp70 Protein Binding (GO:0030544),5/34,0.6538648605046744,0.9999946343044456,0,0,0.9043499832817404,0.38421723611022,SPN;RNF207;NOD2;METTL21A;DNAJC18
GO_Molecular_Function_2023,Nucleosomal DNA Binding (GO:0031492),5/34,0.6538648605046744,0.9999946343044456,0,0,0.9043499832817404,0.38421723611022,H2AZ1;RCC1;MACROH2A1;H1-2;SMARCA4
GO_Molecular_Function_2023,Solute:Sodium Symporter Activity (GO:0015370),5/34,0.6538648605046744,0.9999946343044456,0,0,0.9043499832817404,0.38421723611022,SLC5A6;SLC5A9;SLC20A1;SLC17A7;SLC28A3
GO_Molecular_Function_2023,"DNA-binding Transcription Repressor Activity, RNA Polymerase II-specific (GO:0001227)",37/243,0.6579646061146331,0.9999946343044456,0,0,0.9415849936348716,0.3941513757468943,GFI1;PRDM5;BHLHE41;TCF21;GATA3;PRDM1;ASCL2;DACH1;HEY1;CREB3L1;TBX21;HEY2;NACC1;MXI1;ZBED2;E2F8;ZNF19;KCNIP3;NR2F1;ZBTB32;ZFP69B;EN1;NR1D1;POU4F1;FOXP3;FOXP2;TBX18;TBX3;NFATC4;POU6F1;ETV7;ZNF93;TFEC;ZNF219;IRF8;ZNF556;HOXD9
GO_Molecular_Function_2023,Transcription Cis-Regulatory Region Binding (GO:0000976),73/474,0.6620663718841426,0.9999946343044456,0,0,0.9539757190596536,0.3934095396753433,HMX3;SUV39H2;CALCOCO1;SPI1;THRA;GFI1;PRDM5;FOXI1;SCX;TCF21;AKR1B1;HIF3A;HOXC13;FOXM1;GLI3;HOXC10;DACH1;SALL2;BASP1;CREB3L1;CREB3L2;TCF15;ARID5A;PAX6;KLF15;MMP12;ETV7;ISL2;RBL1;RFX6;HAND2;IRF1;LMX1B;ATF5;YAP1;ZNF395;UHRF1;ZNF518B;LEF1;GATA4;GATA3;HIF1A;ASCL2;MACROH2A1;BARX2;TBX21;MXI1;E2F1;ZBED2;ALX4;E2F2;E2F3;E2F7;STOX1;ZBED4;ZNF101;E2F8;PURG;EGR1;TCF7L2;STAT1;HMGA1;NR1D1;POU2F2;FOXN1;TBX18;PER2;PER1;WT1;LHX2;HOXD9;SIM2;MIXL1
GO_Molecular_Function_2023,G Protein-Coupled Receptor Binding (GO:0001664),21/140,0.6632498237550788,0.9999946343044456,0,0,0.925291713667548,0.3799280639845228,CCL25;HSPA8;MYOC;HOMER2;PTCH2;WNT16;MARCO;PYY;CXCL12;WNT11;TAFA5;CCL5;CCRL2;CCDC88C;PNOC;AGTR1;SAA1;XCL1;NDP;WNT2;GPRASP2
GO_Molecular_Function_2023,Chloride Transmembrane Transporter Activity (GO:0015108),8/55,0.6725842456649956,0.9999946343044456,0,0,0.8926844215883505,0.3540635501644329,CLIC3;TTYH3;GLRA3;FXYD1;SLC17A7;CLCA4;SLC26A6;ANO3
GO_Molecular_Function_2023,Flavin Adenine Dinucleotide Binding (GO:0050660),8/55,0.6725842456649956,0.9999946343044456,0,0,0.8926844215883505,0.3540635501644329,SQLE;AOC1;AIFM1;TXNRD1;GSR;MICAL2;NOX4;KMO
GO_Molecular_Function_2023,DNA Endonuclease Activity (GO:0004520),3/21,0.6763156992991026,0.9999946343044456,0,0,0.8742315306866729,0.3419078437751001,FEN1;EXO1;DNA2
GO_Molecular_Function_2023,GABA Receptor Activity (GO:0016917),3/21,0.6763156992991026,0.9999946343044456,0,0,0.8742315306866729,0.3419078437751001,GABBR2;GABRD;GABRG1
GO_Molecular_Function_2023,Cyclic Nucleotide Binding (GO:0030551),3/21,0.6763156992991026,0.9999946343044456,0,0,0.8742315306866729,0.3419078437751001,PDE11A;PDE2A;PDE5A
GO_Molecular_Function_2023,Transforming Growth Factor Beta Binding (GO:0050431),3/21,0.6763156992991026,0.9999946343044456,0,0,0.8742315306866729,0.3419078437751001,TGFBR3;LTBP4;CD36
GO_Molecular_Function_2023,Cell Adhesion Mediator Activity (GO:0098631),4/28,0.676997700265778,0.9999946343044456,0,0,0.8741922034604962,0.3410113663919613,ROBO4;NFASC;CNTN1;CNTN4
GO_Molecular_Function_2023,Dicarboxylic Acid Transmembrane Transporter Activity (GO:0005310),4/28,0.676997700265778,0.9999946343044456,0,0,0.8741922034604962,0.3410113663919613,SLC13A2;UCP2;SLC26A6;SLC25A13
GO_Molecular_Function_2023,C4-dicarboxylate Transmembrane Transporter Activity (GO:0015556),2/14,0.6811680920266153,0.9999946343044456,0,0,0.8742708333333333,0.3356729398550668,UCP2;SLC25A13
GO_Molecular_Function_2023,Acylglycerol Lipase Activity (GO:0047372),2/14,0.6811680920266153,0.9999946343044456,0,0,0.8742708333333333,0.3356729398550668,LIPE;ABHD3
GO_Molecular_Function_2023,Adenine Nucleotide Transmembrane Transporter Activity (GO:0000295),2/14,0.6811680920266153,0.9999946343044456,0,0,0.8742708333333333,0.3356729398550668,SLC17A9;SLC25A5
GO_Molecular_Function_2023,Alanine Transmembrane Transporter Activity (GO:0022858),2/14,0.6811680920266153,0.9999946343044456,0,0,0.8742708333333333,0.3356729398550668,SLC36A1;SLC38A5
GO_Molecular_Function_2023,Aldehyde Dehydrogenase (NAD+) Activity (GO:0004029),2/14,0.6811680920266153,0.9999946343044456,0,0,0.8742708333333333,0.3356729398550668,ALDH1L1;ALDH1A2
GO_Molecular_Function_2023,Aldehyde Dehydrogenase [NAD(P)+] Activity (GO:0004030),2/14,0.6811680920266153,0.9999946343044456,0,0,0.8742708333333333,0.3356729398550668,ALDH1L1;ALDH1A2
GO_Molecular_Function_2023,Aldo-Keto Reductase (NADP) Activity (GO:0004033),2/14,0.6811680920266153,0.9999946343044456,0,0,0.8742708333333333,0.3356729398550668,AKR1C1;KCNAB2
GO_Molecular_Function_2023,Aspartic-Type Peptidase Activity (GO:0070001),2/14,0.6811680920266153,0.9999946343044456,0,0,0.8742708333333333,0.3356729398550668,REN;CTSD
GO_Molecular_Function_2023,"Beta-1,3-Galactosyltransferase Activity (GO:0048531)",2/14,0.6811680920266153,0.9999946343044456,0,0,0.8742708333333333,0.3356729398550668,B3GNT7;B3GALT1
GO_Molecular_Function_2023,Clathrin Adaptor Activity (GO:0035615),2/14,0.6811680920266153,0.9999946343044456,0,0,0.8742708333333333,0.3356729398550668,AP2S1;STON2
GO_Molecular_Function_2023,Endopeptidase Activator Activity (GO:0061133),2/14,0.6811680920266153,0.9999946343044456,0,0,0.8742708333333333,0.3356729398550668,AIM2;PSMD14
GO_Molecular_Function_2023,Nucleoside Diphosphate Phosphatase Activity (GO:0017110),2/14,0.6811680920266153,0.9999946343044456,0,0,0.8742708333333333,0.3356729398550668,ENTPD7;GBP1
GO_Molecular_Function_2023,Protein Kinase C Activity (GO:0004697),2/14,0.6811680920266153,0.9999946343044456,0,0,0.8742708333333333,0.3356729398550668,PRKCB;PRKCQ
GO_Molecular_Function_2023,Protein Serine/Threonine Kinase Activity (GO:0004674),52/342,0.6813076713436562,0.9999946343044456,0,0,0.9397000547345374,0.3606017031395997,MYLK2;DYRK2;MAST4;STKLD1;MYLK;RPS6KA6;CHEK1;PBK;NEK2;PIM2;STK32A;IKBKE;MAP4K1;CDKL2;CAMK1D;SYK;DAPK1;PRKCB;RIPK2;PASK;CIT;MELK;MAPKAPK2;PRKCQ;SIK1;SIK2;SGK2;CAMK2B;CAMK2A;WNK4;TTK;PKMYT1;STK4;TTBK1;AURKB;AURKA;NUAK2;ACVR1C;IRAK1;PLK4;PLK2;PLK1;LIMK1;CDC7;SRPK1;CDK5;CAMK4;STK17B;NEK10;CDK1;CDK16;NEK11
GO_Molecular_Function_2023,Endopeptidase Regulator Activity (GO:0061135),6/42,0.6837958149450593,0.9999946343044456,0,0,0.874113475177305,0.3322469673558395,CSTB;PCSK1N;ITIH2;PSMD14;PROS1;CST7
GO_Molecular_Function_2023,"Hydrolase Activity, Hydrolyzing O-glycosyl Compounds (GO:0004553)",4/29,0.7044667835986553,0.9999946343044456,0,0,0.8391744840525328,0.2939746521574605,CHIT1;HPSE2;HPSE;LCT
GO_Molecular_Function_2023,2-Acylglycerol-3-Phosphate O-acyltransferase Activity (GO:0047144),1/7,0.7052137008998939,0.9999946343044456,0,0,0.8743101114235134,0.3053566536048918,LPCAT1
GO_Molecular_Function_2023,G Protein-Coupled Glutamate Receptor Binding (GO:0035256),1/7,0.7052137008998939,0.9999946343044456,0,0,0.8743101114235134,0.3053566536048918,HOMER2
GO_Molecular_Function_2023,L-proline Transmembrane Transporter Activity (GO:0015193),1/7,0.7052137008998939,0.9999946343044456,0,0,0.8743101114235134,0.3053566536048918,SLC36A1
GO_Molecular_Function_2023,NMDA Glutamate Receptor Activity (GO:0004972),1/7,0.7052137008998939,0.9999946343044456,0,0,0.8743101114235134,0.3053566536048918,GRIN2B
GO_Molecular_Function_2023,O-acetyltransferase Activity (GO:0016413),1/7,0.7052137008998939,0.9999946343044456,0,0,0.8743101114235134,0.3053566536048918,LPCAT1
GO_Molecular_Function_2023,S-methyltransferase Activity (GO:0008172),1/7,0.7052137008998939,0.9999946343044456,0,0,0.8743101114235134,0.3053566536048918,BHMT2
GO_Molecular_Function_2023,U1 snRNA Binding (GO:0030619),1/7,0.7052137008998939,0.9999946343044456,0,0,0.8743101114235134,0.3053566536048918,ISG20
GO_Molecular_Function_2023,Arginine Binding (GO:0034618),1/7,0.7052137008998939,0.9999946343044456,0,0,0.8743101114235134,0.3053566536048918,SLC7A6
GO_Molecular_Function_2023,Calcium-Independent Phospholipase A2 Activity (GO:0047499),1/7,0.7052137008998939,0.9999946343044456,0,0,0.8743101114235134,0.3053566536048918,PLA2G7
GO_Molecular_Function_2023,Crossover Junction DNA Endonuclease Activity (GO:0008821),1/7,0.7052137008998939,0.9999946343044456,0,0,0.8743101114235134,0.3053566536048918,GEN1
GO_Molecular_Function_2023,Estrogen 16-Alpha-Hydroxylase Activity (GO:0101020),1/7,0.7052137008998939,0.9999946343044456,0,0,0.8743101114235134,0.3053566536048918,CYP3A4
GO_Molecular_Function_2023,Fucose Binding (GO:0042806),1/7,0.7052137008998939,0.9999946343044456,0,0,0.8743101114235134,0.3053566536048918,CLEC17A
GO_Molecular_Function_2023,Histone H4K20 Methyltransferase Activity (GO:0042799),1/7,0.7052137008998939,0.9999946343044456,0,0,0.8743101114235134,0.3053566536048918,TTLL12
GO_Molecular_Function_2023,Icosanoid Binding (GO:0050542),1/7,0.7052137008998939,0.9999946343044456,0,0,0.8743101114235134,0.3053566536048918,GPR31
GO_Molecular_Function_2023,Iron Ion Transmembrane Transporter Activity (GO:0005381),1/7,0.7052137008998939,0.9999946343044456,0,0,0.8743101114235134,0.3053566536048918,SLC11A1
GO_Molecular_Function_2023,Neutral L-amino Acid:Sodium Symporter Activity (GO:0005295),1/7,0.7052137008998939,0.9999946343044456,0,0,0.8743101114235134,0.3053566536048918,SLC6A2
GO_Molecular_Function_2023,Oxidized DNA Binding (GO:0032356),1/7,0.7052137008998939,0.9999946343044456,0,0,0.8743101114235134,0.3053566536048918,RECQL4
GO_Molecular_Function_2023,"Oxidoreductase Activity, Acting On Paired Donors, With Oxidation Of A Pair Of Donors Resulting In The Reduction Of Molecular Oxygen To Two Molecules Of Water (GO:0016717)",1/7,0.7052137008998939,0.9999946343044456,0,0,0.8743101114235134,0.3053566536048918,FADS1
GO_Molecular_Function_2023,Phosphatidylinositol Phosphate 4-Phosphatase Activity (GO:0034596),1/7,0.7052137008998939,0.9999946343044456,0,0,0.8743101114235134,0.3053566536048918,PIP4P2
GO_Molecular_Function_2023,"Phosphatidylinositol-4,5-Bisphosphate 5-Phosphatase Activity (GO:0004439)",1/7,0.7052137008998939,0.9999946343044456,0,0,0.8743101114235134,0.3053566536048918,INPP5J
GO_Molecular_Function_2023,Protein-Glutamine Gamma-Glutamyltransferase Activity (GO:0003810),1/7,0.7052137008998939,0.9999946343044456,0,0,0.8743101114235134,0.3053566536048918,TGM2
GO_Molecular_Function_2023,Pyrimidine Nucleoside Transmembrane Transporter Activity (GO:0015214),1/7,0.7052137008998939,0.9999946343044456,0,0,0.8743101114235134,0.3053566536048918,SLC28A3
GO_Molecular_Function_2023,Retinal Dehydrogenase Activity (GO:0001758),1/7,0.7052137008998939,0.9999946343044456,0,0,0.8743101114235134,0.3053566536048918,ALDH1A2
GO_Molecular_Function_2023,tRNA (Cytosine) Methyltransferase Activity (GO:0016427),1/7,0.7052137008998939,0.9999946343044456,0,0,0.8743101114235134,0.3053566536048918,NSUN2
GO_Molecular_Function_2023,tRNA-specific Adenosine Deaminase Activity (GO:0008251),1/7,0.7052137008998939,0.9999946343044456,0,0,0.8743101114235134,0.3053566536048918,ADAD2
GO_Molecular_Function_2023,Thyroid Hormone Transmembrane Transporter Activity (GO:0015349),1/7,0.7052137008998939,0.9999946343044456,0,0,0.8743101114235134,0.3053566536048918,SLC7A5
GO_Molecular_Function_2023,Unmethylated CpG Binding (GO:0045322),1/7,0.7052137008998939,0.9999946343044456,0,0,0.8743101114235134,0.3053566536048918,DPEP1
GO_Molecular_Function_2023,Urate Transmembrane Transporter Activity (GO:0015143),1/7,0.7052137008998939,0.9999946343044456,0,0,0.8743101114235134,0.3053566536048918,ABCG2
GO_Molecular_Function_2023,Voltage-Gated Channel Activity (GO:0022832),1/7,0.7052137008998939,0.9999946343044456,0,0,0.8743101114235134,0.3053566536048918,KCNA3
GO_Molecular_Function_2023,Xylosyltransferase Activity (GO:0042285),1/7,0.7052137008998939,0.9999946343044456,0,0,0.8743101114235134,0.3053566536048918,XXYLT1
GO_Molecular_Function_2023,Cell-Cell Adhesion Mediator Activity (GO:0098632),6/43,0.7063321348970332,0.9999946343044456,0,0,0.8504380475594493,0.2956715460377656,ROBO4;NFASC;EPCAM;CNTN1;CNTN4;S100A11
GO_Molecular_Function_2023,bHLH Transcription Factor Binding (GO:0043425),3/22,0.7076416851268147,0.9999946343044456,0,0,0.8281699873315674,0.2863955982790745,BHLHE41;SCX;TCF21
GO_Molecular_Function_2023,Low-Density Lipoprotein Particle Receptor Binding (GO:0050750),3/22,0.7076416851268147,0.9999946343044456,0,0,0.8281699873315674,0.2863955982790745,PCSK9;APOE;APOB
GO_Molecular_Function_2023,Carboxylic Ester Hydrolase Activity (GO:0052689),15/104,0.7108102199271227,0.9999946343044456,0,0,0.8836283638235387,0.3016263694557333,PLA2G2D;TNFAIP6;PNPLA7;ABHD3;LCAT;PLAAT3;AOAH;PLAAT5;PLA2G7;LIPE;NCEH1;LIPG;LCP1;PLA1A;PNPLA2
GO_Molecular_Function_2023,Protein Heterodimerization Activity (GO:0046982),28/190,0.7140511181878979,0.9999946343044456,0,0,0.905909900658903,0.3051111114213461,TOP2A;TENM2;BCL2A1;BHLHE41;PDGFA;ATP1A2;IKZF3;HIF1A;AURKA;IRAK1;IL12B;RCC1;BAK1;AOC3;GABBR2;ITGA3;KCNB1;TPM2;CYBA;ATP1B2;ADRA2C;SMC1A;MLXIPL;TUBB2B;AGTR1;BAX;TLR6;SAE1
GO_Molecular_Function_2023,Chloride Channel Activity (GO:0005254),9/64,0.71573652886533,0.9999946343044456,0,0,0.8580531275802181,0.2869699961636314,CLIC3;TTYH3;GLRA3;PACC1;FXYD1;SLC17A7;CLCA4;ANO3;GABRG1
GO_Molecular_Function_2023,BMP Binding (GO:0036122),2/15,0.7183213010072687,0.9999946343044456,0,0,0.8069711538461538,0.2669769772686613,SCUBE3;CHRD
GO_Molecular_Function_2023,Adrenergic Receptor Binding (GO:0031690),2/15,0.7183213010072687,0.9999946343044456,0,0,0.8069711538461538,0.2669769772686613,MAGI2;ADRA2C
GO_Molecular_Function_2023,Arachidonic Acid Epoxygenase Activity (GO:0008392),2/15,0.7183213010072687,0.9999946343044456,0,0,0.8069711538461538,0.2669769772686613,CYP2S1;CYP4F12
GO_Molecular_Function_2023,Peptidoglycan Binding (GO:0042834),2/15,0.7183213010072687,0.9999946343044456,0,0,0.8069711538461538,0.2669769772686613,RNASE7;NOD2
GO_Molecular_Function_2023,Potassium Ion Leak Channel Activity (GO:0022841),2/15,0.7183213010072687,0.9999946343044456,0,0,0.8069711538461538,0.2669769772686613,KCNK9;KCNK3
GO_Molecular_Function_2023,Transmembrane Receptor Protein Serine/Threonine Kinase Activity (GO:0004675),2/15,0.7183213010072687,0.9999946343044456,0,0,0.8069711538461538,0.2669769772686613,TGFBR3;LTBP4
GO_Molecular_Function_2023,N-acyltransferase Activity (GO:0016410),5/37,0.7278852027084045,0.9999946343044456,0,0,0.8194205505161088,0.2602577440117439,PLAAT3;ESCO2;PLAAT5;SAT1;TGM2
GO_Molecular_Function_2023,Calcium Channel Regulator Activity (GO:0005246),5/37,0.7278852027084045,0.9999946343044456,0,0,0.8194205505161088,0.2602577440117439,CABP4;NRXN1;MCUB;NPY2R;ITPR1
GO_Molecular_Function_2023,Transmembrane Receptor Protein Kinase Activity (GO:0019199),5/37,0.7278852027084045,0.9999946343044456,0,0,0.8194205505161088,0.2602577440117439,RET;NTRK1;PDGFRA;INSRR;KIT
GO_Molecular_Function_2023,General Transcription Initiation Factor Binding (GO:0140296),4/30,0.7301991478386196,0.9999946343044456,0,0,0.806850435368259,0.2537044184660223,THRA;TAF13;AKR1B1;ESR1
GO_Molecular_Function_2023,K63-linked Polyubiquitin Modification-Dependent Protein Binding (GO:0070530),3/23,0.7365825446900096,0.9999946343044456,0,0,0.7867145983119725,0.2405253792770991,OTUD7A;TNFAIP3;IKBKE
GO_Molecular_Function_2023,N-acetyltransferase Activity (GO:0008080),3/23,0.7365825446900096,0.9999946343044456,0,0,0.7867145983119725,0.2405253792770991,ESCO2;NAGS;SAT1
GO_Molecular_Function_2023,Cyclin-Dependent Protein Kinase Activity (GO:0097472),3/23,0.7365825446900096,0.9999946343044456,0,0,0.7867145983119725,0.2405253792770991,CDKL2;CDK5;CDK1
GO_Molecular_Function_2023,Cyclin-Dependent Protein Serine/Threonine Kinase Activity (GO:0004693),3/23,0.7365825446900096,0.9999946343044456,0,0,0.7867145983119725,0.2405253792770991,CDKL2;CDK5;CDK1
GO_Molecular_Function_2023,mRNA 3'-UTR AU-rich Region Binding (GO:0035925),3/23,0.7365825446900096,0.9999946343044456,0,0,0.7867145983119725,0.2405253792770991,CPEB1;RBM24;RBMS3
GO_Molecular_Function_2023,Protein Phosphatase 2A Binding (GO:0051721),3/23,0.7365825446900096,0.9999946343044456,0,0,0.7867145983119725,0.2405253792770991,MFHAS1;DAB2IP;MAPT
GO_Molecular_Function_2023,Steroid Hydroxylase Activity (GO:0008395),3/23,0.7365825446900096,0.9999946343044456,0,0,0.7867145983119725,0.2405253792770991,CYP39A1;CYP3A4;CYP46A1
GO_Molecular_Function_2023,Sequence-Specific DNA Binding (GO:0043565),109/717,0.7409369293420165,0.9999946343044456,0,0,0.9384039937379822,0.2813708403768617,SPI1;GFI1;PRDM5;FOXI1;SCX;PRDM1;IKZF3;NR3C2;HOXA9;CREB3L1;DPF1;HOXA2;HOXA6;HOXA5;MNX1;HOXA4;EOMES;HES6;NKX2-8;ZBTB32;ARID5A;BHLHA15;POU3F1;FOXP3;FOXP2;RUNX2;POU3F3;ISL2;ZSCAN23;DPEP1;LMX1B;ATF5;PIF1;ZNF396;GATA4;GATA3;FOXO4;HIF1A;ALX4;EGR1;BCL11B;SNAI3;NR2F1;NR1D1;POU2F2;ESR1;NFATC4;POU6F1;FOSL1;MEIS3P1;HOXD9;CALCOCO1;CSRNP3;THRB;ONECUT2;BHLHE41;TCF21;HOXC13;MEOX2;HOXC11;GLI3;HOXC10;HEY1;SIX2;HEY2;MYBL2;NKX3-2;EN2;EN1;PAX6;ETV1;KLF15;MMP12;ETV7;ELF4;IRF4;HAND2;TET3;TFEC;IRF7;IRF8;IRF5;MAPT;CEBPE;UHRF1;LEF1;ASCL2;HOXD10;BARX2;TBX21;E2F1;E2F2;E2F3;RXRG;E2F7;E2F8;TCF7L2;SKOR1;POU4F1;MEIS2;TBX3;TBX18;BATF;TBX15;TEF;WT1;POU2AF2;MIXL1;NEUROG2
GO_Molecular_Function_2023,Phosphoric Ester Hydrolase Activity (GO:0042578),7/52,0.7478020989994247,0.9999946343044456,0,0,0.8156564075812902,0.2370435444207027,PTPRO;PTPN22;PTPRJ;ATP1A2;DUSP15;ENPP6;PLCXD2
GO_Molecular_Function_2023,Potassium Channel Regulator Activity (GO:0015459),6/45,0.7480435067004252,0.9999946343044456,0,0,0.8067295658034082,0.2341888644373599,DPP6;KCNIP2;KCNMB1;KCNIP3;KCNAB2;SGK2
GO_Molecular_Function_2023,Protein Kinase Inhibitor Activity (GO:0004860),6/45,0.7480435067004252,0.9999946343044456,0,0,0.8067295658034082,0.2341888644373599,CDKN1C;SOCS1;SPRY2;PTPN6;MACROH2A1;CIT
GO_Molecular_Function_2023,Receptor Tyrosine Kinase Binding (GO:0030971),8/59,0.7485570928470872,0.9999946343044456,0,0,0.8224735103809839,0.2381947452835526,ANGPT4;PCNA;IRS1;TRAT1;MST1;ITGAX;NRG1;SH2B2
GO_Molecular_Function_2023,Sterol Binding (GO:0032934),8/59,0.7485570928470872,0.9999946343044456,0,0,0.8224735103809839,0.2381947452835526,GRAMD1C;STARD4;SOAT1;SH2D2A;CAV1;OSBPL3;GPR183;VDAC1
GO_Molecular_Function_2023,Alpha-Tubulin Binding (GO:0043014),5/38,0.7498417498076259,0.9999946343044456,0,0,0.7945422318271864,0.2287432222066618,EML4;RACGAP1;EFHC1;ENKD1;CDK5R1
GO_Molecular_Function_2023,RNA Methyltransferase Activity (GO:0008173),2/16,0.7517544018576865,0.9999946343044456,0,0,0.7492857142857143,0.2138053829504935,TRMT9B;FBLL1
GO_Molecular_Function_2023,Arachidonic Acid Monooxygenase Activity (GO:0008391),2/16,0.7517544018576865,0.9999946343044456,0,0,0.7492857142857143,0.2138053829504935,CYP2S1;CYP4F12
GO_Molecular_Function_2023,"Phosphatidylinositol-4,5-Bisphosphate Binding (GO:0005546)",10/73,0.7518437566957338,0.9999946343044456,0,0,0.8321896009865934,0.2373627327524712,RPH3A;JPH2;OBSCN;GSDMA;GSN;CGAS;PLEKHA4;PFN1;SNX20;MYO1G
GO_Molecular_Function_2023,5'-3' DNA Exonuclease Activity (GO:0035312),1/8,0.752425308087196,0.9999946343044456,0,0,0.7493640380238319,0.2131592575920573,EXO1
GO_Molecular_Function_2023,5S rRNA Binding (GO:0008097),1/8,0.752425308087196,0.9999946343044456,0,0,0.7493640380238319,0.2131592575920573,NOP53
GO_Molecular_Function_2023,L-alanine Transmembrane Transporter Activity (GO:0015180),1/8,0.752425308087196,0.9999946343044456,0,0,0.7493640380238319,0.2131592575920573,SLC36A1
GO_Molecular_Function_2023,L-glutamine Transmembrane Transporter Activity (GO:0015186),1/8,0.752425308087196,0.9999946343044456,0,0,0.7493640380238319,0.2131592575920573,SLC38A5
GO_Molecular_Function_2023,P-type Calcium Transporter Activity (GO:0005388),1/8,0.752425308087196,0.9999946343044456,0,0,0.7493640380238319,0.2131592575920573,ATP2A3
GO_Molecular_Function_2023,RNA Polymerase I Core Promoter Sequence-Specific DNA Binding (GO:0001164),1/8,0.752425308087196,0.9999946343044456,0,0,0.7493640380238319,0.2131592575920573,SMARCA4
GO_Molecular_Function_2023,RNA Polymerase II CTD Heptapeptide Repeat Kinase Activity (GO:0008353),1/8,0.752425308087196,0.9999946343044456,0,0,0.7493640380238319,0.2131592575920573,CDK1
GO_Molecular_Function_2023,UDP Phosphatase Activity (GO:0045134),1/8,0.752425308087196,0.9999946343044456,0,0,0.7493640380238319,0.2131592575920573,ENTPD7
GO_Molecular_Function_2023,UDP-xylosyltransferase Activity (GO:0035252),1/8,0.752425308087196,0.9999946343044456,0,0,0.7493640380238319,0.2131592575920573,XXYLT1
GO_Molecular_Function_2023,Activin Receptor Activity (GO:0017002),1/8,0.752425308087196,0.9999946343044456,0,0,0.7493640380238319,0.2131592575920573,ACVR1C
GO_Molecular_Function_2023,Bile Acid Binding (GO:0032052),1/8,0.752425308087196,0.9999946343044456,0,0,0.7493640380238319,0.2131592575920573,CYP27B1
GO_Molecular_Function_2023,cAMP Response Element Binding Protein Binding (GO:0008140),1/8,0.752425308087196,0.9999946343044456,0,0,0.7493640380238319,0.2131592575920573,SIK1
GO_Molecular_Function_2023,Chloride Channel Inhibitor Activity (GO:0019869),1/8,0.752425308087196,0.9999946343044456,0,0,0.7493640380238319,0.2131592575920573,WNK4
GO_Molecular_Function_2023,Cuprous Ion Binding (GO:1903136),1/8,0.752425308087196,0.9999946343044456,0,0,0.7493640380238319,0.2131592575920573,SNCG
GO_Molecular_Function_2023,Glycerol Transmembrane Transporter Activity (GO:0015168),1/8,0.752425308087196,0.9999946343044456,0,0,0.7493640380238319,0.2131592575920573,AQP9
GO_Molecular_Function_2023,Histone Reader Activity (GO:0140566),1/8,0.752425308087196,0.9999946343044456,0,0,0.7493640380238319,0.2131592575920573,TONSL
GO_Molecular_Function_2023,Intracellular cAMP-activated Cation Channel Activity (GO:0005222),1/8,0.752425308087196,0.9999946343044456,0,0,0.7493640380238319,0.2131592575920573,HCN2
GO_Molecular_Function_2023,Lysophospholipid Acyltransferase Activity (GO:0071617),1/8,0.752425308087196,0.9999946343044456,0,0,0.7493640380238319,0.2131592575920573,LPCAT1
GO_Molecular_Function_2023,Mannosidase Activity (GO:0015923),1/8,0.752425308087196,0.9999946343044456,0,0,0.7493640380238319,0.2131592575920573,MAN2B1
GO_Molecular_Function_2023,Nuclear Glucocorticoid Receptor Binding (GO:0035259),1/8,0.752425308087196,0.9999946343044456,0,0,0.7493640380238319,0.2131592575920573,NR4A3
GO_Molecular_Function_2023,Nucleoside Transmembrane Transporter Activity (GO:0005337),1/8,0.752425308087196,0.9999946343044456,0,0,0.7493640380238319,0.2131592575920573,SLC28A3
GO_Molecular_Function_2023,"Oxidoreductase Activity, Acting On Paired Donors, With Incorporation Or Reduction Of Molecular Oxygen, Reduced Iron-Sulfur Protein As One Donor, And Incorporation Of One Atom Of Oxygen (GO:0016713)",1/8,0.752425308087196,0.9999946343044456,0,0,0.7493640380238319,0.2131592575920573,CYP4F12
GO_Molecular_Function_2023,Phosphoserine Residue Binding (GO:0050815),1/8,0.752425308087196,0.9999946343044456,0,0,0.7493640380238319,0.2131592575920573,YWHAZ
GO_Molecular_Function_2023,pre-mRNA Intronic Binding (GO:0097157),1/8,0.752425308087196,0.9999946343044456,0,0,0.7493640380238319,0.2131592575920573,RBM24
GO_Molecular_Function_2023,pre-miRNA Binding (GO:0070883),1/8,0.752425308087196,0.9999946343044456,0,0,0.7493640380238319,0.2131592575920573,XPO5
GO_Molecular_Function_2023,Prenyltransferase Activity (GO:0004659),1/8,0.752425308087196,0.9999946343044456,0,0,0.7493640380238319,0.2131592575920573,PDSS1
GO_Molecular_Function_2023,Threonine-Type Peptidase Activity (GO:0070003),1/8,0.752425308087196,0.9999946343044456,0,0,0.7493640380238319,0.2131592575920573,GGT7
GO_Molecular_Function_2023,Tropomyosin Binding (GO:0005523),1/8,0.752425308087196,0.9999946343044456,0,0,0.7493640380238319,0.2131592575920573,TNNT3
GO_Molecular_Function_2023,Tubulin-Glutamic Acid Ligase Activity (GO:0070740),1/8,0.752425308087196,0.9999946343044456,0,0,0.7493640380238319,0.2131592575920573,TTLL9
GO_Molecular_Function_2023,Tumor Necrosis Factor Receptor Activity (GO:0005031),1/8,0.752425308087196,0.9999946343044456,0,0,0.7493640380238319,0.2131592575920573,TNFRSF4
GO_Molecular_Function_2023,Type II Transforming Growth Factor Beta Receptor Binding (GO:0005114),1/8,0.752425308087196,0.9999946343044456,0,0,0.7493640380238319,0.2131592575920573,TGFBR3
GO_Molecular_Function_2023,Urea Transmembrane Transporter Activity (GO:0015204),1/8,0.752425308087196,0.9999946343044456,0,0,0.7493640380238319,0.2131592575920573,AQP9
GO_Molecular_Function_2023,Vascular Endothelial Growth Factor Receptor 2 Binding (GO:0043184),1/8,0.752425308087196,0.9999946343044456,0,0,0.7493640380238319,0.2131592575920573,DAB2IP
GO_Molecular_Function_2023,Volume-Sensitive Anion Channel Activity (GO:0005225),1/8,0.752425308087196,0.9999946343044456,0,0,0.7493640380238319,0.2131592575920573,TTYH3
GO_Molecular_Function_2023,snoRNA Binding (GO:0030515),4/31,0.7542120085014841,0.9999946343044456,0,0,0.776920760660598,0.2191551849588967,ISG20;NUDT7;NUDT1;BYSL
GO_Molecular_Function_2023,Notch Binding (GO:0005112),3/24,0.7632038783451951,0.9999946343044456,0,0,0.749207341579958,0.2024583577328125,JAG2;ATRNL1;CHAC1
GO_Molecular_Function_2023,Peptidase Activator Activity (GO:0016504),3/24,0.7632038783451951,0.9999946343044456,0,0,0.749207341579958,0.2024583577328125,PCOLCE2;PSMD14;CAV1
GO_Molecular_Function_2023,Serine-Type Endopeptidase Inhibitor Activity (GO:0004867),7/53,0.7657605506799031,0.9999946343044456,0,0,0.7978771177791386,0.2129420370824692,SERPINA11;SERPINE2;SERPINE1;NRG1;SERPINA6;SERPINB7;SERPINA5
GO_Molecular_Function_2023,Protein Phosphatase Binding (GO:0019903),16/115,0.7671364012544508,0.9999946343044456,0,0,0.8470898565060524,0.2245556058088411,FCRL2;FCRL3;DAB2IP;LILRB1;LILRB2;LILRB4;PPP1R3G;MFHAS1;PPP1R3C;LCK;NEK2;MAPT;IKBKE;JAK3;PDLIM4;CD22
GO_Molecular_Function_2023,Pentosyltransferase Activity (GO:0016763),5/39,0.7704512833550445,0.9999946343044456,0,0,0.7711273436493772,0.2010937046058135,PNP;PARP1;PARP15;PARP12;TYMP
GO_Molecular_Function_2023,DNA Binding (GO:0003677),128/846,0.7754541997116194,0.9999946343044456,0,0,0.9325405095843836,0.2371509798902738,SPI1;PRDM5;FOXI1;SCX;HR;IKZF1;SMC6;ZDHHC1;IKZF3;H2AC13;EME1;TP63;HOXA5;EOMES;NKX2-8;H2AC8;ZBTB32;ARID5A;POU3F1;FOXP3;ILF2;FOXP2;POU3F3;WDR76;MYCL;ISL2;NEIL3;TIMELESS;DPEP1;PGR;DNA2;ATF5;BLM;ZNF395;DNMT1;TSHZ2;GATA4;GATA3;FOXO4;HIF1A;MACROH2A1;RAD51AP1;CYP27B1;ALX4;CLSPN;EGR1;CDT1;PYHIN1;NR2F1;HMGA1;POU2F2;H1-2;SMARCA4;POU6F1;MLXIPL;NR4A3;CALR;MEIS3P1;SIM2;EZH2;H2AX;TOP2A;CALCOCO1;FEN1;CSRNP3;THRB;HMGB3;CGAS;MCM10;BRCA2;MEOX2;OASL;AIFM1;EXO1;HEY2;CR2;PARP1;PAX6;BAZ1A;SMC1A;H2BC17;MLF1;MMP12;RAD51B;H2BC13;H2AJ;AIM2;IRF4;IRF1;H2BC11;IRF7;MCM4;TLR8;IRF5;DNASE2;MCM6;MAPT;MCM2;PCNA;LEF1;BARX2;HSPD1;TFPT;CDC45;TBX21;E2F1;E2F2;E2F3;SHOC1;H2AZ1;H2BC9;POLQ;TCF7L2;H2BC8;STAT1;ARID3A;ARID3B;POU4F1;MEIS2;TBX3;BATF;PER1;RAD51;WT1;ZNF219;POU2AF2;AUNIP;MNDA
GO_Molecular_Function_2023,Beta-Tubulin Binding (GO:0048487),4/32,0.7765400242526463,0.9999946343044456,0,0,0.7491289198606271,0.1894600176200956,EML4;RACGAP1;CCT5;CDK5R1
GO_Molecular_Function_2023,Ubiquitin Conjugating Enzyme Activity (GO:0061631),4/32,0.7765400242526463,0.9999946343044456,0,0,0.7491289198606271,0.1894600176200956,UBE2C;UBE2S;UBE2T;UBE2N
GO_Molecular_Function_2023,Cadherin Binding Involved In Cell-Cell Adhesion (GO:0098641),2/17,0.7817058848343589,0.9999946343044456,0,0,0.6992916666666666,0.1722192548659026,EPCAM;S100A11
GO_Molecular_Function_2023,Solute:Potassium Antiporter Activity (GO:0022821),2/17,0.7817058848343589,0.9999946343044456,0,0,0.6992916666666666,0.1722192548659026,SLC24A2;SLC17A7
GO_Molecular_Function_2023,Ferrous Iron Binding (GO:0008198),3/25,0.7875945665163397,0.9999946343044456,0,0,0.7151098354599449,0.1707480847979859,EGLN3;CDO1;FTL
GO_Molecular_Function_2023,Lysine N-methyltransferase Activity (GO:0016278),3/25,0.7875945665163397,0.9999946343044456,0,0,0.7151098354599449,0.1707480847979859,FAM86B1;METTL21A;EZH2
GO_Molecular_Function_2023,"Oxidoreductase Activity, Acting On Paired Donors, With Incorporation Or Reduction Of Molecular Oxygen, Reduced Flavin Or Flavoprotein As One Donor, And Incorporation Of One Atom Of Oxygen (GO:0016712)",3/25,0.7875945665163397,0.9999946343044456,0,0,0.7151098354599449,0.1707480847979859,CYP2S1;HMOX1;CYP4F12
GO_Molecular_Function_2023,1-Phosphatidylinositol-3-Kinase Activity (GO:0016303),1/9,0.7920776614337742,0.9999946343044456,0,0,0.6556544829740706,0.1528303289240677,PIK3C2G
GO_Molecular_Function_2023,ADP Transmembrane Transporter Activity (GO:0015217),1/9,0.7920776614337742,0.9999946343044456,0,0,0.6556544829740706,0.1528303289240677,SLC25A5
GO_Molecular_Function_2023,"ATPase Activity, Coupled To Transmembrane Movement Of Ions, Rotational Mechanism (GO:0044769)",1/9,0.7920776614337742,0.9999946343044456,0,0,0.6556544829740706,0.1528303289240677,ATP6V1B1
GO_Molecular_Function_2023,DNA N-glycosylase Activity (GO:0019104),1/9,0.7920776614337742,0.9999946343044456,0,0,0.6556544829740706,0.1528303289240677,NEIL3
GO_Molecular_Function_2023,RNA Polymerase I Transcription Regulatory Region Sequence-Specific DNA Binding (GO:0001163),1/9,0.7920776614337742,0.9999946343044456,0,0,0.6556544829740706,0.1528303289240677,SMARCA4
GO_Molecular_Function_2023,RNA Polymerase II General Transcription Initiation Factor Binding (GO:0001091),1/9,0.7920776614337742,0.9999946343044456,0,0,0.6556544829740706,0.1528303289240677,ESR1
GO_Molecular_Function_2023,Tat Protein Binding (GO:0030957),1/9,0.7920776614337742,0.9999946343044456,0,0,0.6556544829740706,0.1528303289240677,SMARCA4
GO_Molecular_Function_2023,U3 snoRNA Binding (GO:0034511),1/9,0.7920776614337742,0.9999946343044456,0,0,0.6556544829740706,0.1528303289240677,ISG20
GO_Molecular_Function_2023,Adenosine Deaminase Activity (GO:0004000),1/9,0.7920776614337742,0.9999946343044456,0,0,0.6556544829740706,0.1528303289240677,ADAD2
GO_Molecular_Function_2023,Amino Acid:Monoatomic Cation Symporter Activity (GO:0005416),1/9,0.7920776614337742,0.9999946343044456,0,0,0.6556544829740706,0.1528303289240677,SLC36A1
GO_Molecular_Function_2023,Benzodiazepine Receptor Activity (GO:0008503),1/9,0.7920776614337742,0.9999946343044456,0,0,0.6556544829740706,0.1528303289240677,GABRG1
GO_Molecular_Function_2023,Bioactive Lipid Receptor Activity (GO:0045125),1/9,0.7920776614337742,0.9999946343044456,0,0,0.6556544829740706,0.1528303289240677,GPR31
GO_Molecular_Function_2023,Calcium:Sodium Antiporter Activity (GO:0005432),1/9,0.7920776614337742,0.9999946343044456,0,0,0.6556544829740706,0.1528303289240677,SLC24A2
GO_Molecular_Function_2023,Cyclin-Dependent Protein Serine/Threonine Kinase Inhibitor Activity (GO:0004861),1/9,0.7920776614337742,0.9999946343044456,0,0,0.6556544829740706,0.1528303289240677,CDKN2A
GO_Molecular_Function_2023,Cytidylyltransferase Activity (GO:0070567),1/9,0.7920776614337742,0.9999946343044456,0,0,0.6556544829740706,0.1528303289240677,NANS
GO_Molecular_Function_2023,Glycine Binding (GO:0016594),1/9,0.7920776614337742,0.9999946343044456,0,0,0.6556544829740706,0.1528303289240677,GRIN2B
GO_Molecular_Function_2023,Histone H3K36 Demethylase Activity (GO:0051864),1/9,0.7920776614337742,0.9999946343044456,0,0,0.6556544829740706,0.1528303289240677,PHF8
GO_Molecular_Function_2023,Histone H3K9 Methyltransferase Activity (GO:0046974),1/9,0.7920776614337742,0.9999946343044456,0,0,0.6556544829740706,0.1528303289240677,SUV39H2
GO_Molecular_Function_2023,"Hydrolase Activity, Acting On Carbon-Nitrogen (But Not Peptide) Bonds, In Linear Amidines (GO:0016813)",1/9,0.7920776614337742,0.9999946343044456,0,0,0.6556544829740706,0.1528303289240677,PADI4
GO_Molecular_Function_2023,Interleukin-1 Binding (GO:0019966),1/9,0.7920776614337742,0.9999946343044456,0,0,0.6556544829740706,0.1528303289240677,NLRP7
GO_Molecular_Function_2023,Lipase Inhibitor Activity (GO:0055102),1/9,0.7920776614337742,0.9999946343044456,0,0,0.6556544829740706,0.1528303289240677,APOC1
GO_Molecular_Function_2023,Mitogen-Activated Protein Kinase Kinase Kinase Binding (GO:0031435),1/9,0.7920776614337742,0.9999946343044456,0,0,0.6556544829740706,0.1528303289240677,SASH1
GO_Molecular_Function_2023,Nucleoside Triphosphate Diphosphatase Activity (GO:0047429),1/9,0.7920776614337742,0.9999946343044456,0,0,0.6556544829740706,0.1528303289240677,NUDT1
GO_Molecular_Function_2023,Oxalate Transmembrane Transporter Activity (GO:0019531),1/9,0.7920776614337742,0.9999946343044456,0,0,0.6556544829740706,0.1528303289240677,SLC26A6
GO_Molecular_Function_2023,Oxidized Purine DNA Binding (GO:0032357),1/9,0.7920776614337742,0.9999946343044456,0,0,0.6556544829740706,0.1528303289240677,RECQL4
GO_Molecular_Function_2023,"Phosphatidylinositol-3,5-Bisphosphate 3-Phosphatase Activity (GO:0052629)",1/9,0.7920776614337742,0.9999946343044456,0,0,0.6556544829740706,0.1528303289240677,MTMR7
GO_Molecular_Function_2023,Phospholipase Inhibitor Activity (GO:0004859),1/9,0.7920776614337742,0.9999946343044456,0,0,0.6556544829740706,0.1528303289240677,APOC1
GO_Molecular_Function_2023,Potassium Ion Binding (GO:0030955),1/9,0.7920776614337742,0.9999946343044456,0,0,0.6556544829740706,0.1528303289240677,ATP1A2
GO_Molecular_Function_2023,"Proton-Transporting ATPase Activity, Rotational Mechanism (GO:0046961)",1/9,0.7920776614337742,0.9999946343044456,0,0,0.6556544829740706,0.1528303289240677,ATP6V1B1
GO_Molecular_Function_2023,Pyrophosphate Hydrolysis-Driven Proton Transmembrane Transporter Activity (GO:0009678),1/9,0.7920776614337742,0.9999946343044456,0,0,0.6556544829740706,0.1528303289240677,ATP6V1B1
GO_Molecular_Function_2023,Thioesterase Binding (GO:0031996),1/9,0.7920776614337742,0.9999946343044456,0,0,0.6556544829740706,0.1528303289240677,TRAF1
GO_Molecular_Function_2023,Type I Transforming Growth Factor Beta Receptor Binding (GO:0034713),1/9,0.7920776614337742,0.9999946343044456,0,0,0.6556544829740706,0.1528303289240677,FERMT2
GO_Molecular_Function_2023,Transition Metal Ion Transmembrane Transporter Activity (GO:0046915),4/33,0.7972319313053685,0.9999946343044456,0,0,0.7232537577365163,0.1638962715891063,SLC31A1;SLC11A1;SLC39A7;TMEM165
GO_Molecular_Function_2023,GABA-A Receptor Activity (GO:0004890),2/18,0.8084332446336665,0.9999946343044456,0,0,0.655546875,0.1394067434417869,GABRD;GABRG1
GO_Molecular_Function_2023,Amino Acid:Sodium Symporter Activity (GO:0005283),2/18,0.8084332446336665,0.9999946343044456,0,0,0.655546875,0.1394067434417869,SLC1A3;SLC6A12
GO_Molecular_Function_2023,Aspartic-Type Endopeptidase Activity (GO:0004190),2/18,0.8084332446336665,0.9999946343044456,0,0,0.655546875,0.1394067434417869,REN;CTSD
GO_Molecular_Function_2023,Calcium Activated Cation Channel Activity (GO:0005227),2/18,0.8084332446336665,0.9999946343044456,0,0,0.655546875,0.1394067434417869,KCNMB1;PKD2L1
GO_Molecular_Function_2023,Hormone Receptor Binding (GO:0051427),2/18,0.8084332446336665,0.9999946343044456,0,0,0.655546875,0.1394067434417869,LEP;PTHLH
GO_Molecular_Function_2023,"Hydrolase Activity, Hydrolyzing N-glycosyl Compounds (GO:0016799)",2/18,0.8084332446336665,0.9999946343044456,0,0,0.655546875,0.1394067434417869,NEIL3;CD38
GO_Molecular_Function_2023,Leak Channel Activity (GO:0022840),2/18,0.8084332446336665,0.9999946343044456,0,0,0.655546875,0.1394067434417869,KCNK9;KCNK3
GO_Molecular_Function_2023,Ligand-Gated Monoatomic Anion Channel Activity (GO:0099095),2/18,0.8084332446336665,0.9999946343044456,0,0,0.655546875,0.1394067434417869,GLRA3;GABRG1
GO_Molecular_Function_2023,Mannose Binding (GO:0005537),2/18,0.8084332446336665,0.9999946343044456,0,0,0.655546875,0.1394067434417869,CLEC6A;CLEC17A
GO_Molecular_Function_2023,"Oxidoreductase Activity, Acting On The CH-CH Group Of Donors, NAD Or NADP As Acceptor (GO:0016628)",2/18,0.8084332446336665,0.9999946343044456,0,0,0.655546875,0.1394067434417869,BDH2;DHCR7
GO_Molecular_Function_2023,Transforming Growth Factor Beta Receptor Binding (GO:0005160),2/18,0.8084332446336665,0.9999946343044456,0,0,0.655546875,0.1394067434417869,TGFBR3;FERMT2
GO_Molecular_Function_2023,NAD Binding (GO:0051287),3/26,0.8098603383995059,0.9999946343044456,0,0,0.6839773298721068,0.1442463510692297,BDH2;NUDT6;PARP15
GO_Molecular_Function_2023,NAD+ ADP-ribosyltransferase Activity (GO:0003950),3/26,0.8098603383995059,0.9999946343044456,0,0,0.6839773298721068,0.1442463510692297,PARP1;PARP15;PARP12
GO_Molecular_Function_2023,Neuropeptide Activity (GO:0160041),3/26,0.8098603383995059,0.9999946343044456,0,0,0.6839773298721068,0.1442463510692297,PYY;GAL;PNOC
GO_Molecular_Function_2023,Neuropeptide Hormone Activity (GO:0005184),3/26,0.8098603383995059,0.9999946343044456,0,0,0.6839773298721068,0.1442463510692297,PYY;GAL;PNOC
GO_Molecular_Function_2023,Protein Serine/Threonine/Tyrosine Kinase Activity (GO:0004712),3/26,0.8098603383995059,0.9999946343044456,0,0,0.6839773298721068,0.1442463510692297,TTK;AURKB;AURKA
GO_Molecular_Function_2023,Phosphatase Binding (GO:0019902),15/112,0.8107967698807318,0.9999946343044456,0,0,0.8103636228363292,0.1699639225773559,SPTBN4;FCRL2;FCRL3;MAGI2;SIGLEC10;LILRB4;PPP1R3C;LCK;CCDC191;NEK2;IKBKE;JAK3;PDLIM4;CD22;CTSC
GO_Molecular_Function_2023,Kinase Inhibitor Activity (GO:0019210),4/34,0.8163475103499973,0.9999946343044456,0,0,0.6991036064206796,0.1418587090713699,CDKN1C;SOCS1;CDK1;WARS1
GO_Molecular_Function_2023,Nuclear Estrogen Receptor Binding (GO:0030331),4/34,0.8163475103499973,0.9999946343044456,0,0,0.6991036064206796,0.1418587090713699,LEF1;ESR1;RERG;DCAF13
GO_Molecular_Function_2023,AMP Binding (GO:0016208),1/10,0.8253807860524351,0.9999946343044456,0,0,0.582769273490923,0.1118395078581969,CFAP45
GO_Molecular_Function_2023,ATP Transmembrane Transporter Activity (GO:0005347),1/10,0.8253807860524351,0.9999946343044456,0,0,0.582769273490923,0.1118395078581969,SLC25A5
GO_Molecular_Function_2023,FMN Binding (GO:0010181),1/10,0.8253807860524351,0.9999946343044456,0,0,0.582769273490923,0.1118395078581969,IYD
GO_Molecular_Function_2023,JUN Kinase Kinase Kinase Activity (GO:0004706),1/10,0.8253807860524351,0.9999946343044456,0,0,0.582769273490923,0.1118395078581969,RIPK2
GO_Molecular_Function_2023,acyl-CoA Dehydrogenase Activity (GO:0003995),1/10,0.8253807860524351,0.9999946343044456,0,0,0.582769273490923,0.1118395078581969,ACADS
GO_Molecular_Function_2023,Carbohydrate:Monoatomic Cation Symporter Activity (GO:0005402),1/10,0.8253807860524351,0.9999946343044456,0,0,0.582769273490923,0.1118395078581969,SLC5A9
GO_Molecular_Function_2023,Chloride Ion Binding (GO:0031404),1/10,0.8253807860524351,0.9999946343044456,0,0,0.582769273490923,0.1118395078581969,NLGN4X
GO_Molecular_Function_2023,Complement Component C3b Binding (GO:0001851),1/10,0.8253807860524351,0.9999946343044456,0,0,0.582769273490923,0.1118395078581969,ITGB2
GO_Molecular_Function_2023,Diacylglycerol Kinase Activity (GO:0004143),1/10,0.8253807860524351,0.9999946343044456,0,0,0.582769273490923,0.1118395078581969,DGKI
GO_Molecular_Function_2023,Extracellular Ligand-Gated Monoatomic Ion Channel Activity (GO:0005230),1/10,0.8253807860524351,0.9999946343044456,0,0,0.582769273490923,0.1118395078581969,GABRG1
GO_Molecular_Function_2023,Fatty Acid Synthase Activity (GO:0004312),1/10,0.8253807860524351,0.9999946343044456,0,0,0.582769273490923,0.1118395078581969,ELOVL2
GO_Molecular_Function_2023,Filamin Binding (GO:0031005),1/10,0.8253807860524351,0.9999946343044456,0,0,0.582769273490923,0.1118395078581969,SYNPO2
GO_Molecular_Function_2023,Galactosyltransferase Activity (GO:0008378),1/10,0.8253807860524351,0.9999946343044456,0,0,0.582769273490923,0.1118395078581969,B4GALT6
GO_Molecular_Function_2023,Glycerophospholipid Flippase Activity (GO:0140333),1/10,0.8253807860524351,0.9999946343044456,0,0,0.582769273490923,0.1118395078581969,ABCA4
GO_Molecular_Function_2023,Inositol Trisphosphate Phosphatase Activity (GO:0046030),1/10,0.8253807860524351,0.9999946343044456,0,0,0.582769273490923,0.1118395078581969,INPP5J
GO_Molecular_Function_2023,Intracellular Cyclic Nucleotide Activated Monoatomic Cation Channel Activity (GO:0005221),1/10,0.8253807860524351,0.9999946343044456,0,0,0.582769273490923,0.1118395078581969,HCN2
GO_Molecular_Function_2023,Magnesium Ion Transmembrane Transporter Activity (GO:0015095),1/10,0.8253807860524351,0.9999946343044456,0,0,0.582769273490923,0.1118395078581969,TUSC3
GO_Molecular_Function_2023,Myosin II Binding (GO:0045159),1/10,0.8253807860524351,0.9999946343044456,0,0,0.582769273490923,0.1118395078581969,GSN
GO_Molecular_Function_2023,Outward Rectifier Potassium Channel Activity (GO:0015271),1/10,0.8253807860524351,0.9999946343044456,0,0,0.582769273490923,0.1118395078581969,KCNIP2
GO_Molecular_Function_2023,Purine Ribonucleotide Transmembrane Transporter Activity (GO:0005346),1/10,0.8253807860524351,0.9999946343044456,0,0,0.582769273490923,0.1118395078581969,SLC17A9
GO_Molecular_Function_2023,Magnesium Ion Binding (GO:0000287),21/155,0.8282044603824208,0.9999946343044456,0,0,0.8209752870354295,0.1547499191921245,GEN1;TOP2A;PIF1;FEN1;DYRK2;TESC;IDH2;PDE2A;PLK1;PDXP;STK4;SRPK1;NME1;NUDT7;NUAK2;MTHFD2;ABL2;SIK1;S100P;SIK2;XXYLT1
GO_Molecular_Function_2023,Lipoprotein Particle Receptor Binding (GO:0070325),3/27,0.8301183695114756,0.9999946343044456,0,0,0.6554391997499218,0.1220342415640021,PCSK9;APOE;APOB
GO_Molecular_Function_2023,Palmitoyltransferase Activity (GO:0016409),3/27,0.8301183695114756,0.9999946343044456,0,0,0.6554391997499218,0.1220342415640021,LRAT;ZDHHC1;ZDHHC15
GO_Molecular_Function_2023,Guanyl-Nucleotide Exchange Factor Activity (GO:0005085),28/203,0.8316865571944521,0.9999946343044456,0,0,0.8379584120982987,0.1544354364368341,DENND1C;ARF4;DOCK3;ARHGEF25;ARHGEF28;RASGRF1;SLC6A2;RASGRP1;RINL;ALS2CL;RCC1;ARHGEF40;ECT2;MCF2L2;CYTH1;DENND2A;VAV1;TIAM1;RABIF;OBSCN;CCDC88C;ARHGEF4;RGL3;RGL4;DOCK2;DOCK1;NGEF;RAPGEF3
GO_Molecular_Function_2023,1-Acylglycerol-3-Phosphate O-acyltransferase Activity (GO:0003841),2/19,0.8322007868761035,0.9999946343044456,0,0,0.6169485294117647,0.1133220540683812,LPCAT1;LCLAT1
GO_Molecular_Function_2023,Alcohol Dehydrogenase (NADP+) Activity (GO:0008106),2/19,0.8322007868761035,0.9999946343044456,0,0,0.6169485294117647,0.1133220540683812,AKR1C1;AKR1B1
GO_Molecular_Function_2023,Retinoic Acid Binding (GO:0001972),2/19,0.8322007868761035,0.9999946343044456,0,0,0.6169485294117647,0.1133220540683812,CYP27C1;SERPINA5
GO_Molecular_Function_2023,Cholesterol Binding (GO:0015485),6/50,0.83306675314826,0.9999946343044456,0,0,0.7148424166571851,0.1305598942397663,GRAMD1C;STARD4;SOAT1;CAV1;OSBPL3;VDAC1
GO_Molecular_Function_2023,Nuclear Receptor Coactivator Activity (GO:0030374),6/50,0.83306675314826,0.9999946343044456,0,0,0.7148424166571851,0.1305598942397663,CALCOCO1;MED14;PRKCB;HMGA1;FGF2;CNOT9
GO_Molecular_Function_2023,Hsp90 Protein Binding (GO:0051879),4/35,0.8339548919637233,0.9999946343044456,0,0,0.676511529383284,0.122838233416447,NOD2;MAPT;HIF1A;GBP1
GO_Molecular_Function_2023,NADP Binding (GO:0050661),4/35,0.8339548919637233,0.9999946343044456,0,0,0.676511529383284,0.122838233416447,G6PD;GMDS;ME3;DHCR7
GO_Molecular_Function_2023,Core Promoter Sequence-Specific DNA Binding (GO:0001046),4/35,0.8339548919637233,0.9999946343044456,0,0,0.676511529383284,0.122838233416447,H2AZ1;MMP12;STAT1;SMARCA4
GO_Molecular_Function_2023,Ubiquitin-Like Protein Conjugating Enzyme Activity (GO:0061650),4/35,0.8339548919637233,0.9999946343044456,0,0,0.676511529383284,0.122838233416447,UBE2C;UBE2S;UBE2T;UBE2N
GO_Molecular_Function_2023,Nuclease Activity (GO:0004518),7/58,0.8416016871500657,0.9999946343044456,0,0,0.7194390745343521,0.1240661405439788,ISG20;FEN1;EXO1;RNASET2;RNASE7;DNA2;NME1
GO_Molecular_Function_2023,Cysteine-Type Peptidase Activity (GO:0008234),19/144,0.851277125904841,0.9999946343044456,0,0,0.7961972981464027,0.1282017430880073,OTUB2;USP6;TINAGL1;USP2;CTSZ;OTUD7A;GGH;TNFAIP3;USP18;CTSS;CASP8;ESPL1;CTSL;CTSH;CTSF;CTSD;CTSC;LGMN;CTSB
GO_Molecular_Function_2023,DNA-directed DNA Polymerase Activity (GO:0003887),2/20,0.8532708500167083,0.9999946343044456,0,0,0.5826388888888889,0.0924521224719776,POLQ;POLI
GO_Molecular_Function_2023,RNA Stem-Loop Binding (GO:0035613),2/20,0.8532708500167083,0.9999946343044456,0,0,0.5826388888888889,0.0924521224719776,EPRS1;LARP6
GO_Molecular_Function_2023,Lysophosphatidic Acid Acyltransferase Activity (GO:0042171),2/20,0.8532708500167083,0.9999946343044456,0,0,0.5826388888888889,0.0924521224719776,LPCAT1;LCLAT1
GO_Molecular_Function_2023,Phosphatidic Acid Binding (GO:0070300),2/20,0.8532708500167083,0.9999946343044456,0,0,0.5826388888888889,0.0924521224719776,JPH2;CIDEC
GO_Molecular_Function_2023,Tau-Protein Kinase Activity (GO:0050321),2/20,0.8532708500167083,0.9999946343044456,0,0,0.5826388888888889,0.0924521224719776,CDK5;TTBK1
GO_Molecular_Function_2023,3'-5'-DNA Exonuclease Activity (GO:0008296),1/11,0.8533510670408411,0.9999946343044456,0,0,0.5244611059044049,0.0831712704543658,ISG20
GO_Molecular_Function_2023,DNA-(apurinic Or Apyrimidinic Site) Endonuclease Activity (GO:0003906),1/11,0.8533510670408411,0.9999946343044456,0,0,0.5244611059044049,0.0831712704543658,NEIL3
GO_Molecular_Function_2023,GABA Receptor Binding (GO:0050811),1/11,0.8533510670408411,0.9999946343044456,0,0,0.5244611059044049,0.0831712704543658,JAKMIP1
GO_Molecular_Function_2023,P-type Ion Transporter Activity (GO:0015662),1/11,0.8533510670408411,0.9999946343044456,0,0,0.5244611059044049,0.0831712704543658,ATP2A3
GO_Molecular_Function_2023,cAMP Binding (GO:0030552),1/11,0.8533510670408411,0.9999946343044456,0,0,0.5244611059044049,0.0831712704543658,PDE2A
GO_Molecular_Function_2023,Cysteine-Type Endopeptidase Activity Involved In Apoptotic Process (GO:0097153),1/11,0.8533510670408411,0.9999946343044456,0,0,0.5244611059044049,0.0831712704543658,CASP8
GO_Molecular_Function_2023,Death Receptor Activity (GO:0005035),1/11,0.8533510670408411,0.9999946343044456,0,0,0.5244611059044049,0.0831712704543658,TNFRSF4
GO_Molecular_Function_2023,enoyl-CoA Hydratase Activity (GO:0004300),1/11,0.8533510670408411,0.9999946343044456,0,0,0.5244611059044049,0.0831712704543658,ECHDC3
GO_Molecular_Function_2023,Ionotropic Glutamate Receptor Binding (GO:0035255),1/11,0.8533510670408411,0.9999946343044456,0,0,0.5244611059044049,0.0831712704543658,NETO1
GO_Molecular_Function_2023,mRNA Methyltransferase Activity (GO:0008174),1/11,0.8533510670408411,0.9999946343044456,0,0,0.5244611059044049,0.0831712704543658,NSUN2
GO_Molecular_Function_2023,Monoamine Transmembrane Transporter Activity (GO:0008504),1/11,0.8533510670408411,0.9999946343044456,0,0,0.5244611059044049,0.0831712704543658,SLC6A2
GO_Molecular_Function_2023,Phosphatidylinositol 3-Kinase Activity (GO:0035004),1/11,0.8533510670408411,0.9999946343044456,0,0,0.5244611059044049,0.0831712704543658,PIK3C2G
GO_Molecular_Function_2023,Phosphatidylinositol Phosphate 5-Phosphatase Activity (GO:0034595),1/11,0.8533510670408411,0.9999946343044456,0,0,0.5244611059044049,0.0831712704543658,INPP5J
GO_Molecular_Function_2023,Phosphatidylinositol-3-Phosphate Phosphatase Activity (GO:0004438),1/11,0.8533510670408411,0.9999946343044456,0,0,0.5244611059044049,0.0831712704543658,MTMR7
GO_Molecular_Function_2023,Ubiquitin Ligase-Substrate Adaptor Activity (GO:1990756),5/44,0.8544251713959751,0.9999946343044456,0,0,0.6720643552047993,0.1057334321755575,SPSB1;KLHDC1;PRAME;DCAF13;SPSB4
GO_Molecular_Function_2023,"DNA-binding Transcription Activator Activity, RNA Polymerase II-specific (GO:0001228)",49/348,0.8569339948119427,0.9999946343044456,0,0,0.8575482075254549,0.1324006257416369,ONECUT2;FOXI1;SCX;TCF21;MEOX2;IKZF3;HOXC11;HOXC10;SALL2;CREB3L1;MYBL2;HOXA5;NKX2-8;ETV1;KLF15;RFX6;ELF4;IRF4;HAND2;IRF1;TFEC;PGR;IRF5;ATF5;ZNF395;CEBPE;LEF1;GATA4;GATA3;FOXO4;HIF1A;BARX2;ALX4;ZNF668;E2F2;E2F3;ZBED4;ZNF267;EGR1;POU4F1;ESR1;MEIS2;TBX3;GARS1;NR4A3;WT1;MEIS3P2;MEIS3P1;MIXL1
GO_Molecular_Function_2023,Hormone Activity (GO:0005179),9/74,0.8577830296042785,0.9999946343044456,0,0,0.7256113132091836,0.1113117437208981,CCL25;PYY;EDN2;GAL;VGF;LEP;PNOC;INHBA;PTHLH
GO_Molecular_Function_2023,Protein Kinase Regulator Activity (GO:0019887),13/103,0.8603043505055165,0.9999946343044456,0,0,0.7567819936587575,0.1138722724896233,CDKN1C;CCNF;CCNA2;CCNB2;CXCL10;CCNB1;SOCS1;GPRC5A;WNT11;CCNE1;NCKAP1L;MCM2;CDK5R1
GO_Molecular_Function_2023,Transition Metal Ion Binding (GO:0046914),65/456,0.8648055578923208,0.9999946343044456,0,0,0.8694633069371669,0.1262900547362069,CDA;MOXD1;SUV39H2;ADAMDEC1;FEN1;DYRK2;MT1M;PHF8;IFIH1;RPH3A;ADAMTS4;CSRP1;CA9;TK1;XXYLT1;MME;PARP1;BHMT2;ZBTB32;NRG1;MMP8;MMP9;ZDHHC15;MMP12;MMP13;ZNF93;DCT;SCO2;TET3;DPEP1;ADAM8;TARS1;FTL;PAPPA2;BLM;UHRF1;ADH1A;CYP3A4;TMEM163;RASGRP1;ABO;ACMSD;DPP3;ABL2;AOC3;EGR1;AOC1;SEC24A;GCH1;LVRN;SLC31A1;PDE2A;ADAM33;GRIN2B;RABIF;CD4;EPRS1;WT1;QPCT;MSRB3;CALR;ZNF214;CDO1;SEC24D;ADA
GO_Molecular_Function_2023,Acylglycerol O-acyltransferase Activity (GO:0016411),3/29,0.8651111646366034,0.9999946343044456,0,0,0.6049486618414408,0.0876554073385864,LPCAT1;LCLAT1;PNPLA2
GO_Molecular_Function_2023,Aminopeptidase Activity (GO:0004177),3/29,0.8651111646366034,0.9999946343044456,0,0,0.6049486618414408,0.0876554073385864,LVRN;CXCR4;CTSH
GO_Molecular_Function_2023,Gamma-Tubulin Binding (GO:0043015),3/29,0.8651111646366034,0.9999946343044456,0,0,0.6049486618414408,0.0876554073385864,RACGAP1;DIXDC1;BRCA2
GO_Molecular_Function_2023,Metallocarboxypeptidase Activity (GO:0004181),3/29,0.8651111646366034,0.9999946343044456,0,0,0.6049486618414408,0.0876554073385864,CPA1;CPB1;CPA4
GO_Molecular_Function_2023,methyl-CpG Binding (GO:0008327),3/29,0.8651111646366034,0.9999946343044456,0,0,0.6049486618414408,0.0876554073385864,UHRF1;TET3;DPEP1
GO_Molecular_Function_2023,DNA Polymerase Activity (GO:0034061),2/21,0.8718976624236034,0.9999946343044456,0,0,0.5519407894736842,0.0756618215348963,POLQ;POLI
GO_Molecular_Function_2023,Lipid Kinase Activity (GO:0001727),2/21,0.8718976624236034,0.9999946343044456,0,0,0.5519407894736842,0.0756618215348963,PIK3C2G;DGKI
GO_Molecular_Function_2023,Metal Cation:Proton Antiporter Activity (GO:0051139),2/21,0.8718976624236034,0.9999946343044456,0,0,0.5519407894736842,0.0756618215348963,SLC11A1;SLC17A7
GO_Molecular_Function_2023,"2 Iron, 2 Sulfur Cluster Binding (GO:0051537)",1/12,0.8768422290612589,0.9999946343044456,0,0,0.4767544233336173,0.0626589762926393,CISD3
GO_Molecular_Function_2023,5'-Nucleotidase Activity (GO:0008253),1/12,0.8768422290612589,0.9999946343044456,0,0,0.4767544233336173,0.0626589762926393,NT5DC4
GO_Molecular_Function_2023,GABA-gated Chloride Ion Channel Activity (GO:0022851),1/12,0.8768422290612589,0.9999946343044456,0,0,0.4767544233336173,0.0626589762926393,GABRG1
GO_Molecular_Function_2023,NAD+ Binding (GO:0070403),1/12,0.8768422290612589,0.9999946343044456,0,0,0.4767544233336173,0.0626589762926393,PARP15
GO_Molecular_Function_2023,RNA 7-Methylguanosine Cap Binding (GO:0000340),1/12,0.8768422290612589,0.9999946343044456,0,0,0.4767544233336173,0.0626589762926393,CYFIP2
GO_Molecular_Function_2023,Cytochrome-C Oxidase Activity (GO:0004129),1/12,0.8768422290612589,0.9999946343044456,0,0,0.4767544233336173,0.0626589762926393,COX7A1
GO_Molecular_Function_2023,"Hydrolase Activity, Acting On Carbon-Nitrogen (But Not Peptide) Bonds, In Cyclic Amides (GO:0016812)",1/12,0.8768422290612589,0.9999946343044456,0,0,0.4767544233336173,0.0626589762926393,DPEP1
GO_Molecular_Function_2023,Ligand-Gated Channel Activity (GO:0022834),1/12,0.8768422290612589,0.9999946343044456,0,0,0.4767544233336173,0.0626589762926393,CHRNB4
GO_Molecular_Function_2023,Monocarboxylate:Sodium Symporter Activity (GO:0140161),1/12,0.8768422290612589,0.9999946343044456,0,0,0.4767544233336173,0.0626589762926393,SLC6A12
GO_Molecular_Function_2023,Phosphatidylinositol Monophosphate Phosphatase Activity (GO:0052744),1/12,0.8768422290612589,0.9999946343044456,0,0,0.4767544233336173,0.0626589762926393,MTMR7
GO_Molecular_Function_2023,poly(A)-specific Ribonuclease Activity (GO:0004535),1/12,0.8768422290612589,0.9999946343044456,0,0,0.4767544233336173,0.0626589762926393,NOCT
GO_Molecular_Function_2023,Potassium:Proton Antiporter Activity (GO:0015386),1/12,0.8768422290612589,0.9999946343044456,0,0,0.4767544233336173,0.0626589762926393,SLC17A7
GO_Molecular_Function_2023,Titin Binding (GO:0031432),1/12,0.8768422290612589,0.9999946343044456,0,0,0.4767544233336173,0.0626589762926393,OBSCN
GO_Molecular_Function_2023,Myosin Binding (GO:0017022),6/54,0.8830497889286889,0.9999946343044456,0,0,0.6551157697121401,0.0814791681883824,MYLK2;GSN;MYOC;CXCR4;CORO1A;LARP6
GO_Molecular_Function_2023,Nucleosome Binding (GO:0031491),7/62,0.8869373090376808,0.9999946343044456,0,0,0.6669568928723858,0.0800221394187409,H2AZ1;PARP1;CGAS;RCC1;MACROH2A1;H1-2;SMARCA4
GO_Molecular_Function_2023,Phospholipase Activity (GO:0004620),9/77,0.8871061248112786,0.9999946343044456,0,0,0.6934746964868002,0.0830717910111336,PLA2G2D;PNPLA7;ABHD3;LIPG;PLAAT3;LCP1;PLAAT5;PLA1A;PNPLA2
GO_Molecular_Function_2023,Phosphatase Inhibitor Activity (GO:0019212),2/22,0.8883232146920498,0.9999946343044456,0,0,0.5243125,0.0620888879055898,TESC;PTN
GO_Molecular_Function_2023,Tau Protein Binding (GO:0048156),4/39,0.8908340025953394,0.9999946343044456,0,0,0.5990529795407844,0.0692488311966849,CDK5;APOE;TTBK1;LGMN
GO_Molecular_Function_2023,Calcium-Dependent Phospholipid Binding (GO:0005544),5/47,0.8912528518433998,0.9999946343044456,0,0,0.6239480465317188,0.0718333337865782,RPH3A;CPNE5;CPNE7;DYSF;SYT8
GO_Molecular_Function_2023,Purine Ribonucleoside Triphosphate Binding (GO:0035639),67/476,0.8917303334444585,0.9999946343044456,0,0,0.8563797803020554,0.098133851195158,ARF4;DYRK2;KIF14;SMC4;RERG;RND1;IFIH1;TUBA1C;RAB42;PDK4;RAC2;ABCD1;TGM2;MAP4K1;GBP5;ARL11;DAPK1;TAP1;DARS2;TUBG2;HASPIN;SYN2;NME1;ZAP70;TUBB2B;ARL4A;RAB31;RAP2B;OAS1;KIFC1;OAS2;OAS3;RHOJ;BTK;SIK1;MCM6;SIK2;TARS1;PIF1;BLM;HSPA4L;AGAP2;WNK4;ABCB8;ATP1A2;AK5;STK4;NUAK2;MTHFD1L;PGK1;GBP1;GBP4;HSPA8;GCH1;PLK1;SEPTIN6;TUBB4A;GCK;SRPK1;MFHAS1;P2RX6;P2RX5;RAD51;STK17B;TRIP13;MYO1F;NEK11
GO_Molecular_Function_2023,Protein Tyrosine Kinase Binding (GO:1990782),10/85,0.8922603861091963,0.9999946343044456,0,0,0.6985380116959065,0.0796314307406297,ANGPT4;CD4;PCNA;BANK1;FCRL3;MST1;CEACAM4;ITGAX;NOX4;NRG1
GO_Molecular_Function_2023,Chloride Channel Regulator Activity (GO:0017081),1/13,0.8965713618982466,0.9999946343044456,0,0,0.4369988545246277,0.047710393735963,WNK4
GO_Molecular_Function_2023,Histone H3K9 Demethylase Activity (GO:0032454),1/13,0.8965713618982466,0.9999946343044456,0,0,0.4369988545246277,0.047710393735963,PHF8
GO_Molecular_Function_2023,Nuclear Vitamin D Receptor Binding (GO:0042809),1/13,0.8965713618982466,0.9999946343044456,0,0,0.4369988545246277,0.047710393735963,MED14
GO_Molecular_Function_2023,Phosphatidylinositol Phosphate Kinase Activity (GO:0016307),1/13,0.8965713618982466,0.9999946343044456,0,0,0.4369988545246277,0.047710393735963,PIK3C2G
GO_Molecular_Function_2023,"Phosphatidylinositol-3,5-Bisphosphate Phosphatase Activity (GO:0106018)",1/13,0.8965713618982466,0.9999946343044456,0,0,0.4369988545246277,0.047710393735963,MTMR7
GO_Molecular_Function_2023,tRNA Methyltransferase Activity (GO:0008175),1/13,0.8965713618982466,0.9999946343044456,0,0,0.4369988545246277,0.047710393735963,TRMT9B
GO_Molecular_Function_2023,Ubiquitin-Ubiquitin Ligase Activity (GO:0034450),1/13,0.8965713618982466,0.9999946343044456,0,0,0.4369988545246277,0.047710393735963,PELI2
GO_Molecular_Function_2023,Ubiquitination-Like Modification-Dependent Protein Binding (GO:0140035),1/13,0.8965713618982466,0.9999946343044456,0,0,0.4369988545246277,0.047710393735963,LAPTM5
GO_Molecular_Function_2023,Phosphatidylinositol Bisphosphate Binding (GO:1902936),11/93,0.8972912701421205,0.9999946343044456,0,0,0.7027233606714005,0.0761574711703877,RPH3A;JPH2;OBSCN;GSDMA;GSN;CGAS;MAPT;PLEKHA4;PFN1;SNX20;MYO1G
GO_Molecular_Function_2023,Manganese Ion Binding (GO:0030145),5/48,0.9016004845076836,0.9999946343044456,0,0,0.6094012555375315,0.0631240848968208,FEN1;DYRK2;ABL2;XXYLT1;ABO
GO_Molecular_Function_2023,Cyclosporin A Binding (GO:0016018),2/23,0.9027746617857036,0.9999946343044456,0,0,0.4993154761904761,0.0510711356733001,PPIF;PPIL6
GO_Molecular_Function_2023,Disordered Domain Specific Binding (GO:0097718),2/23,0.9027746617857036,0.9999946343044456,0,0,0.4993154761904761,0.0510711356733001,KCNA1;GAPDH
GO_Molecular_Function_2023,Mannosyltransferase Activity (GO:0000030),2/23,0.9027746617857036,0.9999946343044456,0,0,0.4993154761904761,0.0510711356733001,DPY19L2;ALG3
GO_Molecular_Function_2023,Protein-Cysteine S-palmitoyltransferase Activity (GO:0019706),2/23,0.9027746617857036,0.9999946343044456,0,0,0.4993154761904761,0.0510711356733001,ZDHHC1;ZDHHC15
GO_Molecular_Function_2023,Iron Ion Binding (GO:0005506),6/56,0.902887020420556,0.9999946343044456,0,0,0.6288360450563204,0.0642405378662401,EGLN3;ACP5;CYP3A4;CDO1;PHF8;FTL
GO_Molecular_Function_2023,"Acyltransferase Activity, Transferring Groups Other Than Amino-Acyl Groups (GO:0016747)",7/64,0.9051787494454986,0.9999946343044456,0,0,0.6434780221288746,0.0641051090625717,PLAAT3;ESCO2;NAA15;ZDHHC1;PLAAT5;LCLAT1;ZDHHC15
GO_Molecular_Function_2023,Pyrophosphatase Activity (GO:0016462),5/49,0.9110800276382778,0.9999946343044456,0,0,0.5955156823158074,0.0554571237728406,NUDT7;PLPP4;ENTPD7;CILP2;NUDT6
GO_Molecular_Function_2023,Metalloexopeptidase Activity (GO:0008235),6/57,0.9116701967098854,0.9999946343044456,0,0,0.6164691158065229,0.0570092025400006,CPA1;CPB1;LVRN;DPEP1;CXCR4;CPA4
GO_Molecular_Function_2023,Signal Sequence Binding (GO:0005048),4/41,0.9122648130668964,0.9999946343044456,0,0,0.5666041275797373,0.052028404665871,CEMIP;KCNIP2;KDELR3;KPNA2
GO_Molecular_Function_2023,1-Phosphatidylinositol Binding (GO:0005545),1/14,0.9131407821068276,0.9999946343044456,0,0,0.4033595270708672,0.0366513493449278,FRMPD2
GO_Molecular_Function_2023,G Protein-Coupled Photoreceptor Activity (GO:0008020),1/14,0.9131407821068276,0.9999946343044456,0,0,0.4033595270708672,0.0366513493449278,GPR88
GO_Molecular_Function_2023,Alkali Metal Ion Binding (GO:0031420),1/14,0.9131407821068276,0.9999946343044456,0,0,0.4033595270708672,0.0366513493449278,ATP1A2
GO_Molecular_Function_2023,Nucleotidase Activity (GO:0008252),1/14,0.9131407821068276,0.9999946343044456,0,0,0.4033595270708672,0.0366513493449278,NT5DC4
GO_Molecular_Function_2023,Sodium:Proton Antiporter Activity (GO:0015385),1/14,0.9131407821068276,0.9999946343044456,0,0,0.4033595270708672,0.0366513493449278,SLC38A5
GO_Molecular_Function_2023,Solute:Inorganic Anion Antiporter Activity (GO:0005452),1/14,0.9131407821068276,0.9999946343044456,0,0,0.4033595270708672,0.0366513493449278,SLC26A6
GO_Molecular_Function_2023,Transmembrane-Ephrin Receptor Activity (GO:0005005),1/14,0.9131407821068276,0.9999946343044456,0,0,0.4033595270708672,0.0366513493449278,EPHB2
GO_Molecular_Function_2023,Voltage-Gated Potassium Channel Activity Involved In Cardiac Muscle Cell Action Potential Repolarization (GO:0086008),1/14,0.9131407821068276,0.9999946343044456,0,0,0.4033595270708672,0.0366513493449278,KCNIP2
GO_Molecular_Function_2023,Water Channel Activity (GO:0015250),1/14,0.9131407821068276,0.9999946343044456,0,0,0.4033595270708672,0.0366513493449278,AQP9
GO_Molecular_Function_2023,"Phosphatidylinositol-3,5-Bisphosphate Binding (GO:0080025)",2/24,0.9154628700394152,0.9999946343044456,0,0,0.476590909090909,0.0420951173393256,JPH2;PLEKHA4
GO_Molecular_Function_2023,poly(A) Binding (GO:0008143),2/25,0.9265818086135812,0.9999946343044456,0,0,0.4558423913043478,0.0347593218741535,RBPMS;RBMS3
GO_Molecular_Function_2023,DNA Nuclease Activity (GO:0004536),1/15,0.9270563981997106,0.9999946343044456,0,0,0.3745258178247869,0.0283669134461575,NME1
GO_Molecular_Function_2023,Ephrin Receptor Activity (GO:0005003),1/15,0.9270563981997106,0.9999946343044456,0,0,0.3745258178247869,0.0283669134461575,EPHB2
GO_Molecular_Function_2023,"Oxidoreductase Activity, Acting On NAD(P)H, Quinone Or Similar Compound As Acceptor (GO:0016655)",1/15,0.9270563981997106,0.9999946343044456,0,0,0.3745258178247869,0.0283669134461575,AKR1C1
GO_Molecular_Function_2023,Sodium-Independent Organic Anion Transmembrane Transporter Activity (GO:0015347),1/15,0.9270563981997106,0.9999946343044456,0,0,0.3745258178247869,0.0283669134461575,SLCO5A1
GO_Molecular_Function_2023,Voltage-Gated Monoatomic Anion Channel Activity (GO:0008308),1/15,0.9270563981997106,0.9999946343044456,0,0,0.3745258178247869,0.0283669134461575,VDAC1
GO_Molecular_Function_2023,tRNA Binding (GO:0000049),5/51,0.9276601429459642,0.9999946343044456,0,0,0.5695556975969319,0.0427678453758126,TRMT9B;XPOT;NSUN2;DARS2;GTSF1
GO_Molecular_Function_2023,Secondary Active Transmembrane Transporter Activity (GO:0015291),6/60,0.934001051771314,0.9999946343044456,0,0,0.5821165345570852,0.0397455866456155,SLC7A5;SLC20A1;UCP2;SLC16A12;SLCO5A1;SLC16A10
GO_Molecular_Function_2023,NF-kappaB Binding (GO:0051059),2/26,0.9363085540641052,0.9999946343044456,0,0,0.4368229166666666,0.0287474057163129,CDKN2A;FOXP3
GO_Molecular_Function_2023,Wnt Receptor Activity (GO:0042813),1/16,0.938743138104525,0.9999946343044456,0,0,0.3495366031448506,0.0220953920547751,FZD8
GO_Molecular_Function_2023,Calcium-Dependent Phospholipase A2 Activity (GO:0047498),1/16,0.938743138104525,0.9999946343044456,0,0,0.3495366031448506,0.0220953920547751,PLA2G2D
GO_Molecular_Function_2023,Phosphatidylinositol Kinase Activity (GO:0052742),1/16,0.938743138104525,0.9999946343044456,0,0,0.3495366031448506,0.0220953920547751,PIK3C2G
GO_Molecular_Function_2023,Phosphatidylinositol-5-Phosphate Binding (GO:0010314),1/16,0.938743138104525,0.9999946343044456,0,0,0.3495366031448506,0.0220953920547751,OBSCN
GO_Molecular_Function_2023,Ribosomal Small Subunit Binding (GO:0043024),1/16,0.938743138104525,0.9999946343044456,0,0,0.3495366031448506,0.0220953920547751,NME1
GO_Molecular_Function_2023,Ubiquitin-Dependent Protein Binding (GO:0140036),1/16,0.938743138104525,0.9999946343044456,0,0,0.3495366031448506,0.0220953920547751,LAPTM5
GO_Molecular_Function_2023,Water Transmembrane Transporter Activity (GO:0005372),1/16,0.938743138104525,0.9999946343044456,0,0,0.3495366031448506,0.0220953920547751,AQP9
GO_Molecular_Function_2023,"Phosphotransferase Activity, Alcohol Group As Acceptor (GO:0016773)",8/77,0.9406860780739889,0.9999946343044456,0,0,0.6072618042888387,0.0371315086215995,IPPK;HK3;ITPKA;POMK;PIK3C2G;HK2;DGKI;GCK
GO_Molecular_Function_2023,Antiporter Activity (GO:0015297),5/53,0.9414281644581688,0.9999946343044456,0,0,0.5457590449379627,0.032940505745082,SLC7A5;SLC7A6;UCP2;SLC25A5;SLC26A6
GO_Molecular_Function_2023,Polyubiquitin Modification-Dependent Protein Binding (GO:0031593),5/53,0.9414281644581688,0.9999946343044456,0,0,0.5457590449379627,0.032940505745082,DEPDC1B;TNIP3;OTUD7A;TNFAIP3;IKBKE
GO_Molecular_Function_2023,Amino Acid Binding (GO:0016597),3/36,0.9425986314369016,0.9999946343044456,0,0,0.4764272926198528,0.0281638642864654,SLC7A6;GRIN2B;THNSL2
GO_Molecular_Function_2023,Proton Transmembrane Transporter Activity (GO:0015078),4/45,0.9442029869815346,0.9999946343044456,0,0,0.5112036486218521,0.029350301169826,SLC11A1;UCP2;COX7A1;SLC25A13
GO_Molecular_Function_2023,ADP Binding (GO:0043531),2/27,0.9448037258762048,0.9999946343044456,0,0,0.419325,0.0238084644317021,PGK1;TAP1
GO_Molecular_Function_2023,Carboxy-Lyase Activity (GO:0016831),2/27,0.9448037258762048,0.9999946343044456,0,0,0.419325,0.0238084644317021,ODC1;CSAD
GO_Molecular_Function_2023,Histone Acetyltransferase Activity (GO:0004402),2/27,0.9448037258762048,0.9999946343044456,0,0,0.419325,0.0238084644317021,BAZ1A;BRCA2
GO_Molecular_Function_2023,Phosphatidylcholine Transporter Activity (GO:0008525),1/17,0.9485579079421648,0.9999946343044456,0,0,0.3276710402999063,0.0173051069406189,ABCA3
GO_Molecular_Function_2023,Quaternary Ammonium Group Transmembrane Transporter Activity (GO:0015651),1/17,0.9485579079421648,0.9999946343044456,0,0,0.3276710402999063,0.0173051069406189,SLC25A19
GO_Molecular_Function_2023,rRNA Binding (GO:0019843),4/46,0.950319471504394,0.9999946343044456,0,0,0.4990023526608892,0.0254276953819922,CAVIN1;CIRBP;FASTKD5;NOP53
GO_Molecular_Function_2023,Methylated Histone Binding (GO:0035064),7/71,0.950532869233322,0.9999946343044456,0,0,0.5728579812206572,0.0290625385327429,PYGO1;MORC4;UHRF1;CBX2;NCAPG2;TTLL12;PHF8
GO_Molecular_Function_2023,"RNA Endonuclease Activity, Producing 5'-Phosphomonoesters (GO:0016891)",2/28,0.95221221531665,0.9999946343044456,0,0,0.4031730769230769,0.0197423186939173,FEN1;EXO1
GO_Molecular_Function_2023,Monocarboxylic Acid Binding (GO:0033293),2/28,0.95221221531665,0.9999946343044456,0,0,0.4031730769230769,0.0197423186939173,CYP27C1;SERPINA5
GO_Molecular_Function_2023,Protein Serine/Threonine Phosphatase Activity (GO:0004722),5/55,0.9527874390414977,0.9999946343044456,0,0,0.523866124491711,0.0253359700978123,PPP1R3C;LCK;PPEF1;PPM1G;CDKN3
GO_Molecular_Function_2023,Ubiquitin Binding (GO:0043130),8/80,0.9549405617520004,0.9999946343044456,0,0,0.5818548667640715,0.0268271048959197,TOP2A;OTUB2;CKS2;UBE2N;TNFAIP3;CXCR4;UBAP1L;CKS1B
GO_Molecular_Function_2023,Histone Demethylase Activity (GO:0032452),2/29,0.958664103629175,0.9999946343044456,0,0,0.3882175925925926,0.0163884202418261,HR;PHF8
GO_Molecular_Function_2023,ATPase Binding (GO:0051117),7/73,0.959298832378981,0.9999946343044456,0,0,0.5554322568407075,0.0230796790114585,LCK;CAV1;AKR1B1;PGR;ATP1B2;METTL21A;ESR1
GO_Molecular_Function_2023,Phosphatidylinositol Binding (GO:0035091),11/106,0.9634477611886982,0.9999946343044456,0,0,0.6060894951260948,0.0225689608073254,RPH3A;DENND1C;NCF1;FRMPD2;ITPR1;DPEP1;THY1;MAPT;SNX22;PASK;SNX20
GO_Molecular_Function_2023,MAP Kinase Kinase Kinase Activity (GO:0004709),1/19,0.963722627913404,0.9999946343044456,0,0,0.2912284355583324,0.0107614021359222,RIPK2
GO_Molecular_Function_2023,R-SMAD Binding (GO:0070412),1/19,0.963722627913404,0.9999946343044456,0,0,0.2912284355583324,0.0107614021359222,PAX6
GO_Molecular_Function_2023,RNA Cap Binding (GO:0000339),1/19,0.963722627913404,0.9999946343044456,0,0,0.2912284355583324,0.0107614021359222,CYFIP2
GO_Molecular_Function_2023,Histone Methyltransferase Activity (GO:0042054),1/19,0.963722627913404,0.9999946343044456,0,0,0.2912284355583324,0.0107614021359222,EZH2
GO_Molecular_Function_2023,Metalloaminopeptidase Activity (GO:0070006),1/19,0.963722627913404,0.9999946343044456,0,0,0.2912284355583324,0.0107614021359222,LVRN
GO_Molecular_Function_2023,"RNA Exonuclease Activity, Producing 5'-Phosphomonoesters (GO:0016896)",2/30,0.9642756882004602,0.9999946343044456,0,0,0.3743303571428571,0.0136174053217569,ISG20;NOCT
GO_Molecular_Function_2023,Glucuronosyltransferase Activity (GO:0015020),2/30,0.9642756882004602,0.9999946343044456,0,0,0.3743303571428571,0.0136174053217569,CHPF;CHPF2
GO_Molecular_Function_2023,Guanyl Ribonucleotide Binding (GO:0032561),27/226,0.9653600052778436,0.9999946343044456,0,0,0.7093309065010089,0.0250068828263617,ARF4;AGAP2;RERG;RND1;TUBA1C;PDE11A;RAB42;RAC2;GBP1;GBP4;TGM2;ARL11;GBP5;GCH1;PDE2A;SEPTIN6;TUBG2;TUBB4A;NME1;MFHAS1;TUBB2B;ARL4A;RAP2B;RAB31;RHOJ;PDE5A;RAB9B
GO_Molecular_Function_2023,Chromatin DNA Binding (GO:0031490),8/83,0.9660495613591326,0.9999946343044456,0,0,0.5584804842412857,0.0192899942977734,H2AZ1;PER1;RCC1;HR;MACROH2A1;H1-2;SMARCA4;EZH2
GO_Molecular_Function_2023,GDP Binding (GO:0019003),6/67,0.9677893969625264,0.9999946343044456,0,0,0.5151008432671987,0.0168648036435612,RAB42;RAB31;RAP2B;GBP1;RERG;RAB9B
GO_Molecular_Function_2023,Kinesin Binding (GO:0019894),2/31,0.9691505608890004,0.9999946343044456,0,0,0.3614008620689655,0.0113246049994293,KIF18B;PRC1
GO_Molecular_Function_2023,Poly-Purine Tract Binding (GO:0070717),2/31,0.9691505608890004,0.9999946343044456,0,0,0.3614008620689655,0.0113246049994293,RBPMS;RBMS3
GO_Molecular_Function_2023,Taste Receptor Activity (GO:0008527),2/31,0.9691505608890004,0.9999946343044456,0,0,0.3614008620689655,0.0113246049994293,PKD2L1;TAS1R3
GO_Molecular_Function_2023,WW Domain Binding (GO:0050699),1/20,0.9695358254319002,0.9999946343044456,0,0,0.2758841809303013,0.0085352640965771,TP63
GO_Molecular_Function_2023,acyl-CoA Hydrolase Activity (GO:0047617),1/20,0.9695358254319002,0.9999946343044456,0,0,0.2758841809303013,0.0085352640965771,ACOT7
GO_Molecular_Function_2023,Histone H4 Acetyltransferase Activity (GO:0010485),1/20,0.9695358254319002,0.9999946343044456,0,0,0.2758841809303013,0.0085352640965771,BRCA2
GO_Molecular_Function_2023,2-Oxoglutarate-Dependent Dioxygenase Activity (GO:0016706),3/41,0.9699148838522964,0.9999946343044456,0,0,0.413616097135618,0.0126347143500398,EGLN3;TET3;PHF8
GO_Molecular_Function_2023,RNA Endonuclease Activity (GO:0004521),3/41,0.9699148838522964,0.9999946343044456,0,0,0.413616097135618,0.0126347143500398,PIWIL2;ZC3H12D;RNASET2
GO_Molecular_Function_2023,Methylation-Dependent Protein Binding (GO:0140034),6/68,0.9710392306007728,0.9999946343044456,0,0,0.5067624853647705,0.0148929433076126,PYGO1;MORC4;UHRF1;CBX2;NCAPG2;PHF8
GO_Molecular_Function_2023,GTP Binding (GO:0005525),23/201,0.9735303498170136,0.9999946343044456,0,0,0.6755357313267193,0.0181221097837247,ARL11;GBP5;ARF4;GCH1;AGAP2;SEPTIN6;TUBG2;TUBB4A;RERG;NME1;RND1;TUBA1C;MFHAS1;TUBB2B;ARL4A;RAP2B;RAB42;RAB31;RHOJ;RAC2;GBP1;GBP4;TGM2
GO_Molecular_Function_2023,Ephrin Receptor Binding (GO:0046875),1/21,0.9744176814041106,0.9999946343044456,0,0,0.2620743517650734,0.0067917187413093,EFNA3
GO_Molecular_Function_2023,Lysophospholipase Activity (GO:0004622),1/21,0.9744176814041106,0.9999946343044456,0,0,0.2620743517650734,0.0067917187413093,PNPLA7
GO_Molecular_Function_2023,UDP-glycosyltransferase Activity (GO:0008194),5/61,0.9758671235822204,0.9999946343044456,0,0,0.4675700433442066,0.0114221964466032,B3GNT7;HAS3;GCNT3;XXYLT1;B4GALNT3
GO_Molecular_Function_2023,Telomeric DNA Binding (GO:0042162),2/33,0.9770475037932852,0.9999946343044456,0,0,0.3380443548387097,0.0078493919542966,PIF1;BLM
GO_Molecular_Function_2023,Bicarbonate Transmembrane Transporter Activity (GO:0015106),1/22,0.9785173673610068,0.9999946343044456,0,0,0.2495797444251052,0.0054200592524904,SLC26A6
GO_Molecular_Function_2023,poly(U) RNA Binding (GO:0008266),1/22,0.9785173673610068,0.9999946343044456,0,0,0.2495797444251052,0.0054200592524904,RBMS3
GO_Molecular_Function_2023,Hexosyltransferase Activity (GO:0016758),9/96,0.9786570135074584,0.9999946343044456,0,0,0.5414106288540665,0.0116804154007677,FUT7;DPY19L2;B3GNT7;FUT9;HAS3;GCNT3;B4GALT6;B4GALNT3;FUT3
GO_Molecular_Function_2023,Phosphoric Diester Hydrolase Activity (GO:0008081),3/44,0.9798134524527302,0.9999946343044456,0,0,0.3832828856578656,0.0078163185794927,PDE11A;ENPP6;PLCXD2
GO_Molecular_Function_2023,3'-5'-RNA Exonuclease Activity (GO:0000175),2/34,0.9802228729823002,0.9999946343044456,0,0,0.3274609375,0.0065411343168774,ISG20;NOCT
GO_Molecular_Function_2023,Sodium Ion Transmembrane Transporter Activity (GO:0015081),2/34,0.9802228729823002,0.9999946343044456,0,0,0.3274609375,0.0065411343168774,SLC12A3;PKD2L1
GO_Molecular_Function_2023,RNA Polymerase II-specific DNA-binding Transcription Factor Binding (GO:0061629),26/228,0.980777812814336,0.9999946343044456,0,0,0.6725814898870239,0.0130543598386739,SPI1;BEX1;BHLHE41;AKR1B1;GATA4;GATA3;STK4;HIF1A;HEY1;HEY2;CD34;H2BC9;EOMES;HES6;TCF7L2;PARP1;CDKN2A;STAT1;NR0B1;FOXP3;TBX3;SMARCA4;MLXIPL;HAND2;HCLS1;MIXL1
GO_Molecular_Function_2023,Protein-Lysine N-methyltransferase Activity (GO:0016279),4/54,0.981079622732428,0.9999946343044456,0,0,0.4189618511569731,0.0080028659311609,SUV39H2;FAM86B1;METTL21A;EZH2
GO_Molecular_Function_2023,Small GTPase Binding (GO:0031267),22/199,0.9817869257903764,0.9999946343044456,0,0,0.6496500017766407,0.0119411998034962,RANBP1;DOCK3;RCC2;CAV1;WAS;BICDL1;CYRIB;UNC13D;SGSM1;RINL;ALS2CL;PPP6R1;XPO5;NOXA1;TBC1D7;RCC1;BIRC5;KNTC1;CHML;DOCK2;DOCK1;RAB11FIP4
GO_Molecular_Function_2023,Acetylation-Dependent Protein Binding (GO:0140033),1/23,0.9819601685828104,0.9999946343044456,0,0,0.2382210104796796,0.004336702240602,SMARCA4
GO_Molecular_Function_2023,Lysine-Acetylated Histone Binding (GO:0070577),1/23,0.9819601685828104,0.9999946343044456,0,0,0.2382210104796796,0.004336702240602,SMARCA4
GO_Molecular_Function_2023,Protein Tyrosine/Serine/Threonine Phosphatase Activity (GO:0008138),1/23,0.9819601685828104,0.9999946343044456,0,0,0.2382210104796796,0.004336702240602,DUSP15
GO_Molecular_Function_2023,Zinc Ion Transmembrane Transporter Activity (GO:0005385),1/23,0.9819601685828104,0.9999946343044456,0,0,0.2382210104796796,0.004336702240602,SLC39A7
GO_Molecular_Function_2023,Histone Deacetylase Binding (GO:0042826),9/99,0.9840385556259796,0.9999946343044456,0,0,0.5232696523645475,0.0084195134393706,SPI1;NACC1;HEY2;LEF1;BHLHE41;KPNA2;IKZF3;FOXP3;GLI3
GO_Molecular_Function_2023,Exonuclease Activity (GO:0004527),3/46,0.984592176494704,0.9999946343044456,0,0,0.3654121564151588,0.0056740313747759,ISG20;FEN1;EXO1
GO_Molecular_Function_2023,SUMO Transferase Activity (GO:0019789),1/24,0.9848513081449054,0.9999946343044456,0,0,0.2278499925295084,0.003478040227073,RNF212
GO_Molecular_Function_2023,Active Monoatomic Ion Transmembrane Transporter Activity (GO:0022853),1/24,0.9848513081449054,0.9999946343044456,0,0,0.2278499925295084,0.003478040227073,COX7A1
GO_Molecular_Function_2023,mRNA 5'-UTR Binding (GO:0048027),1/24,0.9848513081449054,0.9999946343044456,0,0,0.2278499925295084,0.003478040227073,LARP6
GO_Molecular_Function_2023,Monoatomic Anion Transmembrane Transporter Activity (GO:0008509),1/24,0.9848513081449054,0.9999946343044456,0,0,0.2278499925295084,0.003478040227073,SLC26A6
GO_Molecular_Function_2023,Nuclear Localization Sequence Binding (GO:0008139),1/24,0.9848513081449054,0.9999946343044456,0,0,0.2278499925295084,0.003478040227073,KPNA2
GO_Molecular_Function_2023,Histone H3 Methyltransferase Activity (GO:0140938),2/36,0.9853448724926,0.9999946343044456,0,0,0.3081617647058823,0.0045495692425671,SUV39H2;EZH2
GO_Molecular_Function_2023,GTPase Binding (GO:0051020),25/225,0.9857437165942464,0.9999946343044456,0,0,0.6530531948378974,0.0093771127739605,DOCK3;WAS;BICDL1;RASIP1;RINL;ALS2CL;PPP6R1;XPO5;RCC1;KNTC1;CHML;RAB11FIP4;RANBP1;RCC2;CAV1;CYRIB;UNC13D;SGSM1;EPRS1;NOXA1;TBC1D7;BIRC5;LCP1;DOCK2;DOCK1
GO_Molecular_Function_2023,Poly-Pyrimidine Tract Binding (GO:0008187),1/25,0.9872791580882232,0.9999946343044456,0,0,0.2183432260751848,0.002795327054836,RBMS3
GO_Molecular_Function_2023,Endonuclease Activity (GO:0004519),4/58,0.988567110907166,0.9999946343044456,0,0,0.3878349894610057,0.0044596164272723,PIWIL2;ZC3H12D;FEN1;RNASET2
GO_Molecular_Function_2023,"Catalytic Activity, Acting On A tRNA (GO:0140101)",2/39,0.9906926366352138,0.9999946343044456,0,0,0.283125,0.0026474870159454,TRMT9B;DTWD1
GO_Molecular_Function_2023,N-methyltransferase Activity (GO:0008170),1/27,0.991029980051185,0.9999946343044456,0,0,0.2015235623483046,0.0018158266050824,TFB2M
GO_Molecular_Function_2023,Nuclear Thyroid Hormone Receptor Binding (GO:0046966),1/27,0.991029980051185,0.9999946343044456,0,0,0.2015235623483046,0.0018158266050824,OASL
GO_Molecular_Function_2023,Acetylglucosaminyltransferase Activity (GO:0008375),2/40,0.9920081849176632,0.9999946343044456,0,0,0.2756578947368421,0.002211857116983,B3GNT7;GCNT3
GO_Molecular_Function_2023,Ubiquitin-Like Protein Ligase Binding (GO:0044389),32/289,0.9935381314924308,0.9999946343044456,0,0,0.6497097055321656,0.0042119619610977,PTPRN;CXCR4;PTPN22;SMC6;HIF1A;HSPD1;CCNB1;CASP8;CBS;PSMD1;SCN5A;IKBKE;H2BC9;HSPA8;TPI1;STAT1;UBE2C;PYHIN1;USP2;LAPTM5;FZD8;ISG15;TRAF1;YWHAZ;AICDA;PER1;MFHAS1;UBE2T;UBE2N;CALR;RNF186;SLC25A5
GO_Molecular_Function_2023,miRNA Binding (GO:0035198),1/29,0.9936748621609536,0.9999946343044456,0,0,0.1871067077252644,0.0011872343983262,TRIM71
GO_Molecular_Function_2023,DNA-binding Transcription Factor Binding (GO:0140297),31/282,0.9937496776635868,0.9999946343044456,0,0,0.644482304148276,0.0040408636878098,YAP1;SPI1;BEX1;PRDM5;BHLHE41;SCX;AKR1B1;TCF21;GATA4;GATA3;HOXC13;FOXO4;STK4;HIF1A;HEY1;HEY2;E2F1;CD34;EOMES;HES6;TCF7L2;PARP1;NR0B1;YWHAZ;TBX3;MLXIPL;CENPF;HAND2;HCLS1;SIK1;MIXL1
GO_Molecular_Function_2023,3'-5' Exonuclease Activity (GO:0008408),2/42,0.994116235840624,0.9999946343044456,0,0,0.26184375,0.0015451770711712,ISG20;NOCT
GO_Molecular_Function_2023,Regulatory RNA Binding (GO:0061980),2/42,0.994116235840624,0.9999946343044456,0,0,0.26184375,0.0015451770711712,PIWIL2;TRIM71
GO_Molecular_Function_2023,pre-mRNA Binding (GO:0036002),1/30,0.9946885878018776,0.9999946343044456,0,0,0.1806439797907981,0.0009620317791326698,RBM24
GO_Molecular_Function_2023,Single-Stranded RNA Binding (GO:0003727),2/43,0.9949549505646886,0.9999946343044456,0,0,0.2554420731707317,0.0012919796849748,IFIH1;TLR8
GO_Molecular_Function_2023,Inorganic Anion Transmembrane Transporter Activity (GO:0015103),1/32,0.9962545914400522,0.9999946343044456,0,0,0.1689693744898267,0.000634047467586829,SLC26A6
GO_Molecular_Function_2023,Ubiquitin-Like Protein Peptidase Activity (GO:0019783),1/32,0.9962545914400522,0.9999946343044456,0,0,0.1689693744898267,0.000634047467586829,USP18
GO_Molecular_Function_2023,DNA-directed 5'-3' RNA Polymerase Activity (GO:0003899),1/34,0.9973587399120372,0.9999946343044456,0,0,0.1587098728617004,0.0004197486297522249,PRIM2
GO_Molecular_Function_2023,RNA Nuclease Activity (GO:0004540),4/70,0.9976374889854126,0.9999946343044456,0,0,0.3170921219701707,0.0007500199452474422,PIWIL2;ZC3H12D;RNASET2;RNASE7
GO_Molecular_Function_2023,GTPase Activity (GO:0003924),27/265,0.9976563119609764,0.9999946343044456,0,0,0.5917025077747634,0.001388393707263,ARF4;RGS19;AGAP11;AGAP2;NUGGC;RERG;RND1;RGS2;RAB42;RGS1;RAC2;GBP1;RGS6;GBP4;GBP5;RAB6C;GCH1;SEPTIN1;RASL10A;ENTPD7;SEPTIN6;GNG11;RAP2B;RAB31;RHOJ;RGS10;RGS11
GO_Molecular_Function_2023,RNA Polymerase II Cis-Regulatory Region Sequence-Specific DNA Binding (GO:0000978),147/1122,0.9977272604289538,0.9999946343044456,0,0,0.7808908472869193,0.0017767813756453,SPI1;GFI1;FOXI2;PRDM5;FOXI1;SCX;IKZF1;PRDM1;IKZF3;NR3C2;HOXA9;DACH1;SALL2;ZNF83;ZNF726;CREB3L1;CREB3L2;ZNF724;HOXA6;TP63;HOXA5;HOXA4;EOMES;HES6;NKX2-8;ZFP2;EBF1;EBF2;BHLHA15;POU3F1;FOXP3;FOXP2;POU3F3;RUNX2;MYCL;RFX6;ZNF93;ZSCAN23;PGR;ZNF710;ZNF396;ZNF395;GATA4;GATA3;FOXO4;HIF1A;CYP27B1;ZNF707;NACC1;ZNF668;ZNF667;ZNF267;ZNF662;HOXC6;EGR1;BCL11B;SNAI3;NR2F1;HMGA1;NR1D1;POU2F2;ZFHX4;ESR1;ST18;NFATC4;POU6F1;FOSL1;MLXIPL;NR4A3;NFE2L3;MEIS3P2;MEIS3P1;HOXD9;CALCOCO1;THRB;ONECUT2;THRA;BHLHE41;AKR1B1;TCF21;HOXC13;HIF3A;MEOX2;HOXC11;HOXC10;GLI3;HEY1;ZNF280B;SIX2;HEY2;ZNF648;MYBL2;ZNF367;NKX3-2;ZNF483;TCF15;EN2;EN1;ETV1;OLIG1;PAX6;PAX5;KLF15;ELF4;IRF4;HAND2;IRF1;TFEC;IRF7;IRF8;IRF5;CEBPE;LEF1;NLRC5;ASCL2;HOXD10;RELB;TBX21;ATOH8;MXI1;E2F1;E2F2;E2F3;RXRG;E2F7;E2F8;H2AZ1;TCF7L2;SKOR1;STAT1;DMRT2;KCNIP3;POU4F1;MEIS2;TBX3;TBX18;BATF;GARS1;PER1;TBX15;TEF;WT1;ZNF219;BMAL2;MIXL1;NEUROG2;ZNF695
GO_Molecular_Function_2023,Protein Phosphatase Regulator Activity (GO:0019888),3/61,0.998129294482722,0.9999946343044456,0,0,0.2706664798266699,0.0005068114726019543,PPP2R2C;PPP6R1;PTN
GO_Molecular_Function_2023,Basal RNA Polymerase II Transcription Machinery Binding (GO:0001099),1/36,0.998137212182062,0.9999946343044456,0,0,0.1496228857053599,0.0002789756057017658,AKR1B1
GO_Molecular_Function_2023,S-adenosylmethionine-dependent Methyltransferase Activity (GO:0008757),2/50,0.9982992376452756,0.9999946343044456,0,0,0.2180989583333333,0.0003712502917639773,DNMT1;FBLL1
GO_Molecular_Function_2023,mRNA 3'-UTR Binding (GO:0003730),6/93,0.9984095378505482,0.9999946343044456,0,0,0.3606016140865737,0.0005739797858877341,DAZL;CPEB1;CIRBP;RBM24;CCT5;RBMS3
GO_Molecular_Function_2023,Ribonucleoside Triphosphate Phosphatase Activity (GO:0017111),27/270,0.9984100574417518,0.9999946343044456,0,0,0.5793525809273841,0.0009218703794776808,ARF4;RGS19;AGAP11;AGAP2;NUGGC;RERG;RND1;RGS2;RAB42;RGS1;RAC2;GBP1;RGS6;GBP4;GBP5;RAB6C;GCH1;SEPTIN1;RASL10A;ENTPD7;SEPTIN6;GNG11;RAP2B;RAB31;RHOJ;RGS10;RGS11
GO_Molecular_Function_2023,Methyltransferase Activity (GO:0008168),1/37,0.998435548666874,0.9999946343044456,0,0,0.1454580165920372,0.00022774017867038408,DNMT1
GO_Molecular_Function_2023,Ubiquitin Protein Ligase Binding (GO:0031625),27/271,0.9985302743209103,0.9999946343044456,0,0,0.5769433329030592,0.0008485721687626526,CXCR4;PTPN22;SMC6;HIF1A;HSPD1;CASP8;CBS;PSMD1;SCN5A;IKBKE;HSPA8;TPI1;PYHIN1;USP2;LAPTM5;FZD8;ISG15;TRAF1;YWHAZ;AICDA;PER1;MFHAS1;UBE2T;UBE2N;CALR;RNF186;SLC25A5
GO_Molecular_Function_2023,Deubiquitinase Activity (GO:0101005),8/113,0.998604427892997,0.9999946343044456,0,0,0.3981990040850404,0.0005561035547619221,OTUB2;DEPDC1B;USP6;PSMD14;USP2;OTUD7A;TNFAIP3;USP18
GO_Molecular_Function_2023,Ribosome Binding (GO:0043022),5/85,0.9987480662941216,0.9999946343044456,0,0,0.3268298404754457,0.0004094256337627815,CPEB1;SEC61G;NAA15;NOMO2;NME1
GO_Molecular_Function_2023,Cysteine-Type Deubiquitinase Activity (GO:0004843),6/98,0.9991478710120116,0.9999946343044456,0,0,0.340901670566469,0.0002906160343097181,OTUB2;USP6;USP2;OTUD7A;TNFAIP3;USP18
GO_Molecular_Function_2023,"Hydrolase Activity, Acting On Carbon-Nitrogen (But Not Peptide) Bonds, In Linear Amides (GO:0016811)",2/56,0.9993379664342652,0.9999946343044456,0,0,0.1937962962962963,0.00012834214115500992,KLK3;ASPA
GO_Molecular_Function_2023,snRNA Binding (GO:0017069),1/43,0.9994502213172184,0.9999946343044456,0,0,0.1246336710254236,6.853977806791797e-05,ISG20
GO_Molecular_Function_2023,RNA Polymerase II Transcription Regulatory Region Sequence-Specific DNA Binding (GO:0000977),156/1225,0.9995923820717244,0.9999946343044456,0,0,0.7535604669775018,0.0003072273763279136,SPI1;GFI1;FOXI2;PRDM5;FOXI1;SCX;IKZF1;PRDM1;IKZF3;HOXA9;DACH1;SALL2;ZNF83;ZNF726;ZNF724;HOXA6;TP63;HOXA5;HOXA4;EOMES;HES6;NKX2-8;ZFP2;EBF1;EBF2;POU3F1;FOXP3;FOXP2;POU3F3;RUNX2;MYCL;RFX6;ZNF93;ZSCAN23;PGR;ZNF710;LMX1B;ATF5;ZNF396;ZNF395;GATA4;GATA3;FOXO4;HIF1A;MACROH2A1;CYP27B1;ZNF707;NACC1;ZBED2;ZNF668;ALX4;ZNF667;ZNF267;ZBED4;ZNF662;HOXC6;EGR1;BCL11B;SNAI3;NR2F1;HMGA1;NR1D1;POU2F2;ZFHX4;ESR1;ST18;NFATC4;POU6F1;FOSL1;MLXIPL;NR4A3;LHX2;NFE2L3;MEIS3P2;MEIS3P1;HOXD9;SIM2;HMX3;CALCOCO1;THRB;ONECUT2;THRA;BHLHE41;AKR1B1;TCF21;HOXC13;HIF3A;FOXM1;MEOX2;HOXC11;HOXC10;GLI3;HEY1;ZNF280B;SIX2;HEY2;ZNF648;MYBL2;ZNF367;NKX3-2;ZNF483;TCF15;EN2;EN1;ETV1;PAX6;PAX5;KLF15;ETV7;RBL1;ELF4;IRF4;HAND2;IRF1;TFEC;IRF7;IRF8;IRF5;CEBPE;ZNF518B;LEF1;NLRC5;BARX2;ASCL2;HOXD10;RELB;TBX21;MXI1;E2F1;E2F2;E2F3;E2F7;STOX1;E2F8;ZNF101;PURG;H2AZ1;TCF7L2;SKOR1;STAT1;DMRT2;KCNIP3;POU4F1;MEIS2;TBX3;TBX18;BATF;GARS1;PER1;TBX15;TEF;WT1;ZNF219;BMAL2;MIXL1;ZNF695
GO_Molecular_Function_2023,Cadherin Binding (GO:0045296),31/319,0.9996006704842968,0.9999946343044456,0,0,0.5604282735905253,0.00022384024706314932,LAD1;CCL13;LRRC59;PDXDC1;AHNAK;PTPRO;PTPRJ;PPL;CCNB2;LDHA;CHAF1B;EPCAM;PRDX1;CDH23;EFHD2;S100A11;RANBP1;HSPA8;STAT1;MRTFB;DAB2IP;CIP2A;YWHAZ;ANLN;TBC1D2;GPRC5A;DIAPH3;CDH12;S100P;PFN1;CDK5R1
GO_Molecular_Function_2023,Cis-Regulatory Region Sequence-Specific DNA Binding (GO:0000987),137/1098,0.9996823608209192,0.9999946343044456,0,0,0.736613403995634,0.0002340144449910565,SPI1;GFI1;FOXI2;PRDM5;FOXI1;IKZF1;PRDM1;IKZF3;HOXA9;DACH1;SALL2;ZNF83;ZNF726;ZNF724;HOXA6;TP63;HOXA5;HOXA4;EOMES;HES6;NKX2-8;ZFP2;EBF1;EBF2;POU3F1;FOXP3;FOXP2;POU3F3;RUNX2;MYCL;ISL2;RFX6;ZNF93;ZSCAN23;PGR;ZNF710;ZNF396;ZNF395;GATA4;GATA3;FOXO4;HIF1A;CYP27B1;ZNF707;NACC1;ZNF668;ZNF667;ZNF267;ZNF662;HOXC6;EGR1;BCL11B;SNAI3;NR2F1;HMGA1;NR1D1;POU2F2;ZFHX4;ESR1;ST18;NFATC4;POU6F1;FOSL1;MLXIPL;NR4A3;NFE2L3;MEIS3P2;MEIS3P1;HOXD9;CALCOCO1;THRB;ONECUT2;THRA;BHLHE41;AKR1B1;HOXC13;HIF3A;MEOX2;HOXC11;HOXC10;GLI3;HEY1;ZNF280B;SIX2;HEY2;ZNF648;MYBL2;ZNF367;NKX3-2;ZNF483;EN2;EN1;ETV1;PAX6;PAX5;KLF15;ELF4;IRF4;IRF1;TFEC;IRF7;IRF8;IRF5;UHRF1;CEBPE;LEF1;NLRC5;ASCL2;HOXD10;RELB;TBX21;MXI1;E2F1;E2F2;E2F3;E2F7;E2F8;H2AZ1;TCF7L2;SKOR1;STAT1;DMRT2;KCNIP3;POU4F1;MEIS2;TBX3;TBX18;BATF;GARS1;PER1;TBX15;TEF;WT1;ZNF219;BMAL2;MIXL1;ZNF695
GO_Molecular_Function_2023,Oxidoreduction-Driven Active Transmembrane Transporter Activity (GO:0015453),1/54,0.9999171543296802,0.9999946343044456,0,0,0.0987014671122821,8.177327937248896e-06,COX7A1
GO_Molecular_Function_2023,Ubiquitin-Like Protein Transferase Activity (GO:0019787),18/240,0.999969341717288,0.9999946343044456,0,0,0.4221105527638191,1.294138304360086e-05,TRIM71;UBE2C;UHRF1;FBXO2;TNFAIP3;LMO7;MARCHF11;TRAIP;TNFSF13B;RNF212;UBE2S;UBE2T;UBE2N;MARCHF4;RNF186;PDZRN3;FBXL6;BIRC3
GO_Molecular_Function_2023,RNA Binding (GO:0003723),107/1411,0.9999921133375588,0.9999946343044456,0,0,0.410779805147824,3.239694436078276e-06,DMGDH;TFRC;DQX1;NUDT1;C4BPA;YARS1;MKI67;ZC3H12D;PSMD2;PEG10;KPNA2;SLC16A3;TNS1;SRRM3;CIRBP;ILF2;PDIA4;DDX39A;SNRPG;DNA2;PFN1;GTSF1;LRRC59;STXBP1;MRPL13;CORO1A;SAMSN1;RAD51AP1;PRDX1;G3BP2;ZBED4;HSPA8;RBPMS;APOBEC3H;RCC2;HMGA1;NR0B1;LARP6;AICDA;PARP12;H1-2;MANF;SRPK1;DAZL;TRMT9B;CCT6A;DIAPH1;MEX3A;EPRS1;UBE2N;CALR;ALDH18A1;APOBEC3B;TOP2A;MRPS12;PCSK9;HMGB3;MRPL37;FBLL1;LARP1B;OASL;IFIH1;CSRP1;XPO5;SGCG;PARP1;NSUN2;DARS2;TFB2M;SMC1A;YWHAZ;CKAP4;DCN;NME1;PCDHGA9;OAS1;OAS2;ESRP1;OAS3;FASTKD5;TLR8;MAPT;SLC25A5;CSTB;GRN;AHNAK;RRBP1;JAKMIP1;HSPD1;NOCT;XIRP1;DCAF13;ADAD2;PURG;CAVIN1;CDKN2A;HSPE1;HNRNPAB;BYSL;BOP1;NUDT7;XPOT;NOVA1;EPPK1;NAA15;R3HDM1;NOP53
GO_Molecular_Function_2023,mRNA Binding (GO:0003729),19/282,0.9999940745856988,0.9999946343044456,0,0,0.375288635323827,2.2237472351106343e-06,SRRM3;RBPMS;CIRBP;MRPL13;HNRNPAB;LARP6;ZC3H12D;DAZL;CPEB1;NOVA1;PEG10;ESRP1;NOCT;XPO5;G3BP2;CALR;RBM24;CCT5;RBMS3
GO_Molecular_Function_2023,Ubiquitin-Protein Transferase Activity (GO:0004842),27/412,0.99999419913977,0.9999946343044456,0,0,0.3625327743123018,2.1030080521929478e-06,TRIM71;RNFT2;UHRF1;PELI2;TNFAIP3;DTX2;MARCHF11;FBXL22;TNFSF13B;RNF39;FBXO6;RNF150;MARCHF4;UBE2C;FBXO2;LMO7;NCCRP1;TRAIP;UBE2S;UBE2T;UBE2N;TRIM59;RNF186;PDZRN3;TRIM55;BIRC3;FBXL6
GO_Molecular_Function_2023,Olfactory Receptor Activity (GO:0004984),3/362,0.999994405614158,0.9999946343044456,0,0,0.042942563004978,2.4023793848293485e-07,OR4D1;OR2A42;OR2B6
GO_Molecular_Function_2023,Ubiquitin-Like Protein Ligase Activity (GO:0061659),18/319,0.9999945999321924,0.9999946343044456,0,0,0.3098403145294579,1.6731632255829914e-06,TRIM71;RNFT2;UBE2C;UHRF1;FBXO2;PELI2;DTX2;NCCRP1;FBXL22;TRAIP;RNF39;FBXO6;TRIM59;RNF150;RNF186;PDZRN3;TRIM55;BIRC3
GO_Molecular_Function_2023,Ubiquitin Protein Ligase Activity (GO:0061630),18/311,0.9999946343044456,0.9999946343044456,0,0,0.318454473733857,1.7087343382439437e-06,TRIM71;RNFT2;UBE2C;UHRF1;FBXO2;PELI2;DTX2;NCCRP1;FBXL22;TRAIP;RNF39;FBXO6;TRIM59;RNF150;RNF186;PDZRN3;TRIM55;BIRC3
