ensembl_id,symbol,baseMean,log2FoldChange,lfcSE,stat,pvalue,padj,category
ENSG00000060718,COL11A1,3001.137932470599,6.765616850433049,0.4879443989795641,13.86554874814006,1.0243966889913451e-43,2.6092408065298552e-39,Upregulated
ENSG00000174827,PDZK1,328.80978101374933,-4.732324037531439,0.4145929809031259,-11.41438532611626,3.5440052438834944e-30,4.513467878347823e-26,Downregulated
ENSG00000136883,KIF12,818.6006887314718,-3.50459872150912,0.3149332716966136,-11.128067551037365,9.159976904728771e-29,7.777125724678221e-25,Downregulated
ENSG00000126010,GRPR,374.8852080589942,-3.942282719753463,0.3611255925497592,-10.916652824073273,9.596758758118828e-28,6.1109760582011164e-24,Downregulated
ENSG00000099953,MMP11,3921.704601838498,4.779076165699541,0.4650551871145334,10.276363533007006,9.006177843836211e-25,4.5526132410365045e-21,Upregulated
ENSG00000165474,GJB2,324.356024978497,3.452886244433264,0.3365544782330256,10.259516564930488,1.0724227335487035e-24,4.5526132410365045e-21,Upregulated
ENSG00000294063,,155.63653068230968,-5.754178578560952,0.566709165954171,-10.153671273116984,3.19127474999185e-24,1.161213702243463e-20,Downregulated
ENSG00000130208,APOC1,2401.546186229676,3.052766225617704,0.3051263975075922,10.00492337127844,1.4500390706764348e-23,4.6167431461499336e-20,Upregulated
ENSG00000123500,COL10A1,1535.3065847090645,5.585323829570544,0.5697865270860337,9.80248490278395,1.09849427883998e-22,3.108860864037015e-19,Upregulated
ENSG00000122641,INHBA,1497.659347841308,3.7278229871473503,0.3938414352503469,9.465288955129225,2.9275051957262213e-21,7.456648484034257e-18,Upregulated
ENSG00000196611,MMP1,983.131160857516,7.460695326461112,0.8009946185794419,9.31428895201893,1.2277209859157636e-20,2.84284374838731e-17,Upregulated
ENSG00000151790,TDO2,513.7627732414863,5.194572531948253,0.5637437164748488,9.21442205055603,3.1295967398913727e-20,6.642829880147764e-17,Upregulated
ENSG00000137745,MMP13,324.0232667757684,7.403143699042538,0.8110815660121815,9.127495937851648,7.010194131358736e-20,1.373512728614141e-16,Upregulated
ENSG00000115593,SMYD1,299.79766889402777,-4.6950390695176,0.515193810104764,-9.113151162594267,8.0023199721095e-20,1.455907800068579e-16,Downregulated
ENSG00000135063,ENTREP1,1137.1150691188836,-3.434240372276391,0.3949902001013128,-8.694495132779311,3.4837533445317376e-18,5.915645429237858e-15,Downregulated
ENSG00000137872,SEMA6D,741.2151616415827,-2.632863884622898,0.3067446695082132,-8.583242502124072,9.223563017164669e-18,1.4683335850637577e-14,Downregulated
ENSG00000163879,DNALI1,548.6443256007627,-2.9764633547458748,0.3499335918080635,-8.505794883443047,1.803555838501311e-17,2.7022571036745222e-14,Downregulated
ENSG00000130045,NXNL2,124.11039873919762,-4.14560956422059,0.502136885185632,-8.255935157378499,1.5071743942932486e-16,2.132735499835741e-13,Downregulated
ENSG00000164694,FNDC1,1152.551285083832,4.164340388652556,0.5058922198508246,8.2316750984637,1.84613417176156e-16,2.474888604680984e-13,Upregulated
ENSG00000230838,LINC01614,174.22037963350516,6.136277370344481,0.7547694669363606,8.130002125353421,4.29282907518896e-16,5.467132468706901e-13,Upregulated
ENSG00000180264,ADGRD2,247.3546454626912,-5.716429224539533,0.705124408788066,-8.106979638337378,5.189355297996137e-16,6.29419375215522e-13,Downregulated
ENSG00000105664,COMP,1120.0530239477291,4.938514527399795,0.6283638203324121,7.8593234804436385,3.862136638426868e-15,4.471476468971397e-12,Upregulated
ENSG00000066279,ASPM,626.1344631272281,4.250744116641124,0.5505894955070495,7.720350917204702,1.1600986882618046e-14,1.2847336386398446e-11,Upregulated
ENSG00000171848,RRM2,1726.6145664800233,4.641516742550489,0.6022050018476844,7.707536018979243,1.2827011056862406e-14,1.3613199942889266e-11,Upregulated
ENSG00000286214,COPG2IT1,293.80717554286394,-4.545748779506577,0.5909902538760443,-7.691749144242254,1.451369741807732e-14,1.4787135477433898e-11,Downregulated
ENSG00000134533,RERG,2480.527403928688,-2.4799809322674427,0.3226837597022543,-7.685484185989906,1.524194341184623e-14,1.4931828486274436e-11,Downregulated
ENSG00000289623,,79.27670761196768,4.834988372398333,0.6299689585264299,7.674962880247193,1.6546655980109736e-14,1.5609624980347224e-11,Upregulated
ENSG00000154529,CNTNAP3B,133.24335225095632,-2.8734857392384168,0.377303257072668,-7.615851931765826,2.6195784934644912e-14,2.3829744216797874e-11,Downregulated
ENSG00000007216,SLC13A2,270.7470043118351,-4.490564531278602,0.5903442259322486,-7.606688325251724,2.8120835602256987e-14,2.46988208146582e-11,Downregulated
ENSG00000164309,CMYA5,1641.6418431025145,-2.814560826807168,0.370984317682214,-7.586738017368506,3.280594429965057e-14,2.7853340241879988e-11,Downregulated
ENSG00000134028,ADAMDEC1,843.3246678493364,5.157735517287116,0.6867549522139436,7.510299708301681,5.899214836112019e-14,4.8470613255035234e-11,Upregulated
ENSG00000083782,EPYC,255.9073457813068,7.126699155457442,0.9531959935755544,7.476635658868355,7.62494275377076e-14,6.069216152540469e-11,Upregulated
ENSG00000170271,FAXDC2,1519.7895519103822,-2.5489457135591658,0.341821333446868,-7.456953279820285,8.854608326122136e-14,6.834416020444148e-11,Downregulated
ENSG00000179934,CCR8,117.20255513823908,5.422499607428968,0.7292065533854781,7.436164118731512,1.0365105010442381e-13,7.764987932969938e-11,Upregulated
ENSG00000278828,H3C10,176.93189685694946,3.237164554189503,0.4355938159634672,7.431612744614815,1.0728150219019841e-13,7.807334692247266e-11,Upregulated
ENSG00000169515,CCDC8,1398.3775538303971,-2.3475729445100524,0.3188437502668197,-7.362769201358097,1.8013366669602593e-13,1.2744957290040214e-10,Downregulated
ENSG00000115414,FN1,46015.85858318229,2.88706848688494,0.3928845561251821,7.34838883808162,2.0061020067022802e-13,1.3810114652084802e-10,Upregulated
ENSG00000225362,CT62,83.57797681993739,-8.268127158358425,1.1267686973213296,-7.33790988160593,2.1695516286093491e-13,1.4542276192712824e-10,Downregulated
ENSG00000016602,CLCA4,84.4079237435712,-4.673500242642286,0.6396403433619448,-7.306450087370043,2.742923230075775e-13,1.7914101946989754e-10,Downregulated
ENSG00000100276,RASL10A,341.52452014612504,-3.2433983276207896,0.4475658408087784,-7.246751275208522,4.268868422585026e-13,2.7183086897915803e-10,Downregulated
ENSG00000204262,COL5A2,9663.415463276062,2.010956887241281,0.2788081124247591,7.212691444851593,5.485662478915509e-13,3.4079343658648017e-10,Upregulated
ENSG00000029993,HMGB3,2433.9906028780347,3.2299194960430406,0.4491650487447673,7.190941292225084,6.434614781718175e-13,3.9022874548843717e-10,Upregulated
ENSG00000137225,CAPN11,227.6063276903345,-3.139617018902991,0.4369089523861292,-7.185975480145979,6.672902008570843e-13,3.9526857455885567e-10,Downregulated
ENSG00000130032,PRRG3,180.47336011575592,-3.476161159071493,0.4848087196120222,-7.170170457852656,7.490444314637657e-13,4.3361160713212677e-10,Downregulated
ENSG00000212766,EWSAT1,176.06530059888945,-3.70470507078689,0.5203903544945955,-7.119088658714494,1.0864301185351717e-12,6.149435899824301e-10,Downregulated
ENSG00000112984,KIF20A,351.3101797874669,4.176387125571528,0.587334632511608,7.110745551836646,1.154177556618887e-12,6.390881857530364e-10,Upregulated
ENSG00000197903,H2BC12,4116.821247558738,2.526261049447104,0.3560464848287847,7.095312429953999,1.2905958756976901e-12,6.994205861679971e-10,Upregulated
ENSG00000170962,PDGFD,1991.670260800024,-2.2152738241839924,0.3130904425533775,-7.07550765880156,1.489026366106607e-12,7.901456368979454e-10,Downregulated
ENSG00000140379,BCL2A1,341.35168368609493,3.7405186532326136,0.5289344754201339,7.071799678516911,1.529370946622443e-12,7.949919873759232e-10,Upregulated
ENSG00000196747,H2AC13,47.66770098028027,5.683783110533121,0.8069368978752895,7.043652515455475,1.8726481294166758e-12,9.539644100874432e-10,Upregulated
ENSG00000203727,SAMD5,975.8868832252144,-3.315355828525592,0.4717492074602187,-7.027793107220358,2.098257073862127e-12,1.0479354103596515e-09,Downregulated
ENSG00000104951,IL4I1,738.7449810555871,3.655981342705681,0.5224660495251939,6.997548158446199,2.6048054203782227e-12,1.2518301672161075e-09,Upregulated
ENSG00000174611,KY,86.60468580007377,-3.6755857397646183,0.525229053389183,-6.99806249491894,2.595263326118113e-12,1.2518301672161075e-09,Downregulated
ENSG00000141526,SLC16A3,1837.5402948605904,2.638813167422447,0.3779944493683722,6.981089727195458,2.9289916108666117e-12,1.3815619503774712e-09,Upregulated
ENSG00000224137,LINC01857,118.98023170555824,4.667156197428712,0.6694853288284554,6.9712598565764745,3.141151476953839e-12,1.4546958048998404e-09,Upregulated
ENSG00000153246,PLA2R1,2175.918143564574,-2.25569167903064,0.3249082469962994,-6.942549781004269,3.850851829946976e-12,1.720790297554025e-09,Downregulated
ENSG00000117586,TNFSF4,284.3206261077032,3.489691872081591,0.5025979436750126,6.943307102621331,3.830255025106919e-12,1.720790297554025e-09,Upregulated
ENSG00000213366,GSTM2,1015.2140038988618,-2.210648320246832,0.3185765917181653,-6.939142352940114,3.944874723023234e-12,1.7324121391400823e-09,Downregulated
ENSG00000120251,GRIA2,168.45115114650014,-4.612284683663274,0.6653134664225935,-6.932498613719094,4.134716020638434e-12,1.785005962062399e-09,Downregulated
ENSG00000086717,PPEF1,66.84525044373524,3.7285785136871192,0.5381772989286979,6.928160145567775,4.263489555327596e-12,1.80992237439582e-09,Upregulated
ENSG00000290541,CYP4F29P,72.34438639862192,-3.571299686492415,0.5165849823664078,-6.913285922739684,4.735541049836768e-12,1.977360099678562e-09,Downregulated
ENSG00000110195,FOLR1,481.0858771912615,-3.311997532051361,0.4797584970519293,-6.903468208282445,5.074801779039081e-12,2.076929538916441e-09,Downregulated
ENSG00000204767,INSYN2B,246.79087816374428,-4.353738614375836,0.6308178903726925,-6.901736112467596,5.137079853627097e-12,2.076929538916441e-09,Downregulated
ENSG00000101955,SRPX,2666.663939943573,-2.252771885876119,0.327010824867029,-6.888982610261157,5.619280712005742e-12,2.23638592211716e-09,Downregulated
ENSG00000147570,DNAJC5B,111.04482826965356,3.908353822926604,0.5684433537568788,6.875537900295678,6.175638478678226e-12,2.4199951952371247e-09,Upregulated
ENSG00000150281,CTF1,342.192305098977,-2.257962435685377,0.3285384760393613,-6.872748857016237,6.297638325121939e-12,2.4304112996845597e-09,Downregulated
ENSG00000303631,,170.714917651948,-5.444174833522874,0.7928129908555599,-6.866909216065975,6.560779116652329e-12,2.494173207167932e-09,Downregulated
ENSG00000177098,SCN4B,1030.258048880013,-2.496134313814632,0.3637225134287245,-6.862743497190137,6.755045731903041e-12,2.5302613211367993e-09,Downregulated
ENSG00000166006,KCNC2,240.16598678624487,-7.012886204547148,1.0222607201511609,-6.860173795497257,6.877682254944074e-12,2.538861517618558e-09,Downregulated
ENSG00000162849,KIF26B,1128.124202110593,2.9672783453328853,0.4326876595306299,6.857783622837138,6.9937079717965716e-12,2.544810510709007e-09,Upregulated
ENSG00000130635,COL5A1,7813.21263251632,2.08352648045635,0.3052641595365234,6.825322971487144,8.772772247317436e-12,3.147201153682005e-09,Upregulated
ENSG00000106004,HOXA5,576.6247063237713,-2.5498965332553536,0.3743846274258937,-6.810900732723285,9.698954199061875e-12,3.431139755615348e-09,Downregulated
ENSG00000148773,MKI67,1735.2517335239847,3.727808167220076,0.5488105440940846,6.792522861187965,1.1018934738943686e-11,3.8144115363575955e-09,Upregulated
ENSG00000117215,PLA2G2D,407.1616906993741,4.405736498743413,0.6486940833561547,6.791701376324279,1.1081875611105256e-11,3.8144115363575955e-09,Upregulated
ENSG00000276043,UHRF1,1159.7221752043793,4.114176288487079,0.6075740064177004,6.771481737252972,1.2747005423158751e-11,4.329053001777021e-09,Upregulated
ENSG00000151778,SERP2,146.25329221490057,-1.897282063919615,0.2813455932632127,-6.743599719881215,1.545098435893009e-11,5.178316086925111e-09,Downregulated
ENSG00000277639,CHD9NB,360.6473738960164,-2.726940610184022,0.405159580609262,-6.730534684835449,1.6904074614958502e-11,5.591736162566337e-09,Downregulated
ENSG00000301988,,192.7005614686611,-5.242738941683024,0.7825932157483917,-6.69918782348427,2.0958107651038308e-11,6.843896922815344e-09,Downregulated
ENSG00000136158,SPRY2,1661.8040184380943,-1.906349441237428,0.2847589802590518,-6.694606925137806,2.162521168427917e-11,6.972351478611072e-09,Downregulated
ENSG00000113739,STC2,12715.830107802753,-3.8288766544393926,0.5728185754740784,-6.68427459998224,2.320712894271952e-11,7.388859766250108e-09,Downregulated
ENSG00000165197,VEGFD,529.4692195157703,-4.855523706230438,0.7267438523921945,-6.68120368716942,2.3698756060528724e-11,7.452234760712681e-09,Downregulated
ENSG00000186283,TOR3A,2884.2913442183903,1.4985998470832325,0.2249175480822407,6.662885398943046,2.6850303406840445e-11,8.340293635068694e-09,Upregulated
ENSG00000187837,H1-2,3121.3104770571827,3.0131937058790474,0.4524588160135598,6.65959773405928,2.7457806486024404e-11,8.426238421753345e-09,Upregulated
ENSG00000170312,CDK1,925.1079924820732,3.267430848973833,0.4910358508504232,6.654159453561245,2.849236468904321e-11,8.6396312023169e-09,Upregulated
ENSG00000112320,SOBP,468.2301251739904,-1.7755054523571012,0.2671555988629268,-6.64596010682181,3.0124684996393665e-11,8.922161064455153e-09,Downregulated
ENSG00000117650,NEK2,385.18693976640446,4.096038799248757,0.6162686903980853,6.646514520481119,3.001148559155903e-11,8.922161064455153e-09,Upregulated
ENSG00000106278,PTPRZ1,378.2000982670996,-3.391409408805503,0.5128541577098767,-6.612814496717085,3.770808708611235e-11,1.1039800990463997e-08,Downregulated
ENSG00000147255,IGSF1,216.99213049524496,-4.81503556394052,0.7286551704699642,-6.608112807097688,3.8925004441687996e-11,1.1266577137889033e-08,Downregulated
ENSG00000092853,CLSPN,341.915313233079,3.428920564758532,0.5204463852792899,6.588422288529206,4.4452481428473596e-11,1.2721900611962373e-08,Upregulated
ENSG00000256663,,90.69695942737158,4.321788188027314,0.6564324109392988,6.583751984219067,4.587220948686134e-11,1.2982344975998282e-08,Upregulated
ENSG00000100526,CDKN3,223.4012092465126,2.826258582930008,0.4300572082389102,6.57182004808982,4.970391221680215e-11,1.3912179649166678e-08,Upregulated
ENSG00000037042,TUBG2,740.940889996941,-1.6025422092649058,0.2443214066283755,-6.55915595518181,5.4113186634939746e-11,1.4981706269332072e-08,Downregulated
ENSG00000189057,FAM111B,440.768452686669,3.0749826548251256,0.4690089222364116,6.556341487412323,5.514387549634383e-11,1.5102899492122298e-08,Upregulated
ENSG00000126787,DLGAP5,377.42670651489885,4.476696059694178,0.6832400607443515,6.552156872676743,5.671191886804512e-11,1.5367120058382738e-08,Upregulated
ENSG00000171320,ESCO2,172.5294924034066,3.49662180878197,0.5361406836849397,6.521836367181457,6.945176161469754e-11,1.8621113895662748e-08,Upregulated
ENSG00000203805,PLPP4,94.58009520207284,5.252801751190371,0.8083685668507293,6.498028209649988,8.137954752671873e-11,2.1591858906802643e-08,Upregulated
ENSG00000165194,PCDH19,248.4421746000916,-3.265227584404771,0.5040848230395683,-6.477535992287684,9.323253832644843e-11,2.4481711172298642e-08,Downregulated
ENSG00000174371,EXO1,338.7098542856889,4.328366912118376,0.6698424405983436,6.461768693324386,1.0348620177701906e-10,2.6896908627167884e-08,Upregulated
ENSG00000211659,IGLV3-25,3327.3481111071087,3.970328041979432,0.6151785411978216,6.453944304118214,1.0897587488264252e-10,2.758267726590466e-08,Upregulated
ENSG00000165304,MELK,633.6033605672256,4.545063639115118,0.7042905678918523,6.453392742032344,1.0937342090441563e-10,2.758267726590466e-08,Upregulated
ENSG00000119950,MXI1,2921.1715578447524,-1.6087123798475471,0.2492460742435975,-6.4543138130845445,1.0871033666685343e-10,2.758267726590466e-08,Downregulated
ENSG00000236313,VN1R53P,41.69053633325168,-6.246396941862395,0.9704659417095566,-6.436492692220447,1.222657191789759e-10,3.02352440117252e-08,Downregulated
ENSG00000151651,ADAM8,1352.6835251934856,2.624962140402212,0.4077501015728515,6.437673786656845,1.2131838369047664e-10,3.02352440117252e-08,Upregulated
ENSG00000154839,SKA1,187.09620874770744,4.278421909942787,0.6653815500190149,6.430027868702581,1.2758055227607946e-10,3.1246194682923275e-08,Upregulated
ENSG00000091831,ESR1,5284.929530995361,-4.585450144406889,0.7142100561024475,-6.420310250783062,1.3599688991055998e-10,3.2990255075351176e-08,Downregulated
ENSG00000283445,,43.84551063342278,-3.139089819455896,0.4895504505313759,-6.412188602928693,1.4344521805229911e-10,3.4468803292548215e-08,Downregulated
ENSG00000132561,MATN2,3298.494594567668,-2.210399701310076,0.3466650070663927,-6.376183509305697,1.8155536634830083e-10,4.321866108651935e-08,Downregulated
ENSG00000165480,SKA3,192.86967613287973,3.469496130316649,0.5450880271743269,6.3650198818383785,1.9526444093931222e-10,4.6051671992270575e-08,Upregulated
ENSG00000164611,PTTG1,477.93307916161245,3.329642230231916,0.5251300054745088,6.340605555805639,2.2886380464212803e-10,5.348064190862058e-08,Upregulated
ENSG00000135094,SDS,322.5628638463001,3.278822176721637,0.5178786838506948,6.331255328645513,2.4317454639101544e-10,5.6308171555686855e-08,Upregulated
ENSG00000184937,WT1,36.72093938378396,5.095554664334918,0.8052983131197039,6.327536741750864,2.4910566976205315e-10,5.7161896527110415e-08,Upregulated
ENSG00000253768,,282.6293199838477,-5.637932995023798,0.8916729983767891,-6.3228706098392005,2.5674828265274864e-10,5.838960274507287e-08,Downregulated
ENSG00000175063,UBE2C,1046.0355152681825,4.495473177320823,0.712189079883445,6.312190546443847,2.751131944125213e-10,6.201246172461354e-08,Upregulated
ENSG00000125931,CITED1,49.33341346817968,-5.320499184671476,0.8431625947489075,-6.310169850758041,2.7872939962509625e-10,6.227646085834058e-08,Downregulated
ENSG00000164932,CTHRC1,3284.4277474408045,2.784130309262406,0.4416119164540968,6.304472786009617,2.8917652555829776e-10,6.404882854343829e-08,Upregulated
ENSG00000123485,HJURP,478.83662469478605,4.283134330891799,0.680007484176693,6.298657633272269,3.0023430311497843e-10,6.59247235744967e-08,Upregulated
ENSG00000049249,TNFRSF9,298.4681227813584,4.198414821697912,0.6668942313713203,6.295473291266595,3.064633278250457e-10,6.67173284019807e-08,Upregulated
ENSG00000093009,CDC45,391.1464012369349,4.0659895868168885,0.6480493002999622,6.2741979428646335,3.51441177573814e-10,7.397982011555881e-08,Upregulated
ENSG00000100626,GALNT16,1300.6959859098397,-2.136608546567807,0.3403855420401906,-6.277024969278893,3.451126783761369e-10,7.397982011555881e-08,Downregulated
ENSG00000134760,DSG1,545.6049485988456,-4.597193220212805,0.7325505565257042,-6.275598563484944,3.48291755347647e-10,7.397982011555881e-08,Downregulated
ENSG00000161888,SPC24,213.30469951482985,3.981953157922224,0.6345757525982325,6.274984730535881,3.496686077160903e-10,7.397982011555881e-08,Upregulated
ENSG00000146410,MTFR2,94.23208061293192,4.044448087436648,0.6463008181129708,6.257841509848894,3.903422040830436e-10,8.149513344425579e-08,Upregulated
ENSG00000179796,LRRC3B,39.757227052109485,-5.148686049343194,0.8250799241232561,-6.240227035961729,4.369362429914956e-10,9.048132557102753e-08,Downregulated
ENSG00000168078,PBK,284.6727887931452,3.672727224536279,0.588877120651739,6.236831243284664,4.4652323334560684e-10,9.172091352053189e-08,Upregulated
ENSG00000138778,CENPE,487.9556723197352,3.0574781627327416,0.4907716885827824,6.229939977919106,4.666139132956483e-10,9.508098388442767e-08,Upregulated
ENSG00000111206,FOXM1,769.5705305344351,4.267057217250455,0.6864957931947703,6.2157077429312375,5.109382507524419e-10,1.0328657289615437e-07,Upregulated
ENSG00000109674,NEIL3,74.54738493155561,4.143433841146899,0.6671027348675574,6.211088074716874,5.261896922827788e-10,1.0553210749712329e-07,Upregulated
ENSG00000101057,MYBL2,1208.4552563675725,4.040825573138384,0.6511441452636811,6.205731254025252,5.444314753882634e-10,1.0833761023136297e-07,Upregulated
ENSG00000117984,CTSD,12570.20422402118,1.7213134640224912,0.2783075048021115,6.18493369500193,6.212857803688233e-10,1.2172900085980233e-07,Upregulated
ENSG00000138755,CXCL9,10560.459695542348,4.6904128236336105,0.7596403778020117,6.174517522627126,6.63658211097444e-10,1.2903846026612978e-07,Upregulated
ENSG00000087586,AURKA,561.5250952556926,3.207937782785009,0.5200792606745568,6.168170941145063,6.90844376751724e-10,1.3330679636547856e-07,Upregulated
ENSG00000146070,PLA2G7,591.7055675955512,2.648632316276409,0.4300493861395468,6.158902678719216,7.325072244619677e-10,1.4028339484414124e-07,Upregulated
ENSG00000286208,,137.40070331063998,-8.93609261504631,1.4522909987739092,-6.153100599391285,7.59825734758027e-10,1.4442926335837093e-07,Downregulated
ENSG00000163884,KLF15,351.2420400577309,-2.31548644948398,0.3765398935778028,-6.149378828051166,7.778698653853603e-10,1.467638766017075e-07,Downregulated
ENSG00000172478,MAB21L4,839.1222128381429,5.838869915861203,0.9497246121407548,6.147961041780233,7.848530375176992e-10,1.4699258616627437e-07,Upregulated
ENSG00000127743,IL17B,217.7611886452679,-4.080761246203673,0.6648938435545724,-6.137462823219444,8.384983343463077e-10,1.5476370343575946e-07,Downregulated
ENSG00000164128,NPY1R,1155.485981868428,-4.178204922033263,0.6806880277154558,-6.138208330262943,8.345737052335613e-10,1.5476370343575946e-07,Downregulated
ENSG00000088325,TPX2,1186.614882463774,3.8742709150206105,0.6318513929833173,6.131617272738849,8.69901748251834e-10,1.5940480165267966e-07,Upregulated
ENSG00000143476,DTL,398.8821544238359,3.2918745859645395,0.5375122466354372,6.124278296113361,9.109555685499108e-10,1.6573535204667697e-07,Upregulated
ENSG00000171310,CHST11,1955.6250729104245,2.497349251555431,0.4082961647246694,6.116514107448191,9.564442343411736e-10,1.7277724179364566e-07,Upregulated
ENSG00000262406,MMP12,565.8089734837789,4.697394139703268,0.7684511881831928,6.112807439089345,9.789346801120662e-10,1.7372084813805234e-07,Upregulated
ENSG00000156234,CXCL13,1836.136663295375,5.254639774168169,0.8595869069766856,6.112982563507903,9.778605906530042e-10,1.7372084813805234e-07,Upregulated
ENSG00000174326,SLC16A11,142.18010508619037,-3.06474479972593,0.5014071519937964,-6.112287763625374,9.821287790773635e-10,1.7372084813805234e-07,Downregulated
ENSG00000158458,NRG2,310.1584506392429,-2.516277495330618,0.4121386535690087,-6.105414946014742,1.025339458761269e-09,1.801132507179882e-07,Downregulated
ENSG00000165621,OXGR1,46.91458833898744,-2.388593098929336,0.3914543689730978,-6.101842994358019,1.048523463356318e-09,1.829242543503341e-07,Downregulated
ENSG00000221955,SLC12A8,591.6692160936993,1.920332439117804,0.3148051272020296,6.100067226304764,1.0602386458510118e-09,1.8370978604402127e-07,Upregulated
ENSG00000167553,TUBA1C,2755.011328625378,2.073494830871106,0.3400204175359617,6.0981480050438615,1.0730437351919887e-09,1.846722768856429e-07,Upregulated
ENSG00000168004,PLAAT5,367.683766286234,-3.235654171337059,0.5315252780560793,-6.087488789189208,1.146954045240117e-09,1.9606756031081225e-07,Downregulated
ENSG00000103257,SLC7A5,2571.590314262894,2.878953013296811,0.475806776024983,6.050676783858258,1.4423858159330948e-09,2.449267274508791e-07,Upregulated
ENSG00000080986,NDC80,287.14876170437384,2.991832723564645,0.4952440867538858,6.041127604722825,1.530408810882168e-09,2.581526014700643e-07,Upregulated
ENSG00000011426,ANLN,1342.1878034428134,4.35184843470722,0.7206198434944738,6.039034969678285,1.5503864586965687e-09,2.598019308517125e-07,Upregulated
ENSG00000186074,CD300LF,194.9050661085797,2.857701779588562,0.4735965228803832,6.034042991296064,1.5990749240604846e-09,2.662093947107491e-07,Upregulated
ENSG00000277494,GPIHBP1,831.842008931915,-3.2835105644355527,0.5452746384162689,-6.021755521167084,1.7253537161802994e-09,2.853667824988859e-07,Downregulated
ENSG00000090889,KIF4A,431.8305651836951,4.166985487261224,0.6926705146733523,6.015826282466029,1.7897142069460336e-09,2.941020036459512e-07,Upregulated
ENSG00000174680,GRIK1-AS1,93.74492671554962,-5.94231008906885,0.9887799777368386,-6.009739500055271,1.8582166427583758e-09,3.034015135108885e-07,Downregulated
ENSG00000186301,MST1P2,188.2707927164913,-2.3622415285748284,0.3933897681703577,-6.004837237027116,1.9152393629433677e-09,3.1072013893968484e-07,Downregulated
ENSG00000138316,ADAMTS14,140.50366220900727,3.4015620231416865,0.566800795033026,6.001336012493572,1.95700528069228e-09,3.154865918007156e-07,Upregulated
ENSG00000251141,MRPS30-DT,101.47303553813798,-2.18009589412713,0.3634510879124854,-5.998319902269959,1.993694684416097e-09,3.193798572752353e-07,Downregulated
ENSG00000168476,REEP4,1115.775548385994,1.4000545633991448,0.2335380609548133,5.99497382857023,2.0351821607888434e-09,3.2398828010907893e-07,Upregulated
ENSG00000134690,CDCA8,428.4858531705457,3.221355810221366,0.537464229378549,5.993618987343784,2.0522188075235292e-09,3.246712127107566e-07,Upregulated
ENSG00000198814,GK,587.6834477079475,1.6448763009349483,0.2745161108466066,5.991911716445918,2.0738850753376794e-09,3.260736219378151e-07,Upregulated
ENSG00000128606,LRRC17,385.31723997484187,-2.44859283876113,0.4094265097164791,-5.980542980611438,2.2239503339714488e-09,3.455305554650221e-07,Downregulated
ENSG00000104321,TRPA1,23.81174956603115,4.2678202366998805,0.7136246434916451,5.980483263327561,2.2247658551397123e-09,3.455305554650221e-07,Upregulated
ENSG00000139144,PIK3C2G,579.7050734659156,-3.2622676776342767,0.5465343227785431,-5.969007876850498,2.387005896933832e-09,3.684813769745554e-07,Downregulated
ENSG00000039139,DNAH5,187.28610796674488,-3.502284595329512,0.5870590687472826,-5.965812950991438,2.434190119193834e-09,3.735015453372659e-07,Downregulated
ENSG00000104368,PLAT,3870.866754370082,-2.2860621390805647,0.3840313775851627,-5.9528004025494194,2.635926962855779e-09,4.020341058137698e-07,Downregulated
ENSG00000205420,KRT6A,340.0886730535916,4.743995749055249,0.7971489570186219,5.951203607915436,2.661777011240029e-09,4.03560251507707e-07,Upregulated
ENSG00000138131,LOXL4,682.6229330270191,-1.915638609497981,0.322183501959167,-5.945799824786699,2.7511018208773756e-09,4.1463499692051853e-07,Downregulated
ENSG00000099769,IGFALS,52.12376214519384,-3.220324816337248,0.5424045380358942,-5.937127347788046,2.9005936369007353e-09,4.345942383852861e-07,Downregulated
ENSG00000186847,KRT14,17095.942849107087,-3.1453928390947654,0.530017285877941,-5.934509916756046,2.9472451869318486e-09,4.390016500370825e-07,Downregulated
ENSG00000152527,PLEKHH2,1032.613509643216,-2.4768082480635893,0.4175345169650699,-5.9319844166818765,2.992950369503363e-09,4.432176678001173e-07,Downregulated
ENSG00000162063,CCNF,575.214476238738,2.5755001753124107,0.4344861964006444,5.927691596760221,3.0722279336182484e-09,4.497282626275312e-07,Upregulated
ENSG00000249661,TNRC18P1,115.44555741700506,-3.704100061292969,0.6248764226239605,-5.927732151805047,3.071469503519593e-09,4.497282626275312e-07,Downregulated
ENSG00000154736,ADAMTS5,1475.079882604987,-1.958293336727152,0.3314454000950268,-5.908343685462826,3.455644931066185e-09,5.029641830810675e-07,Downregulated
ENSG00000070031,SCT,32.9458007231522,3.4633895468864884,0.5866863917234545,5.9033064269863305,3.5628761562513993e-09,5.120113906582577e-07,Upregulated
ENSG00000164733,CTSB,27324.20650171269,1.6636254990943715,0.2818903580809836,5.901675780682192,3.5982776515686812e-09,5.120113906582577e-07,Upregulated
ENSG00000094804,CDC6,456.0272290544615,3.565654490174623,0.6045498340822076,5.898032369139249,3.6786182124950405e-09,5.120113906582577e-07,Upregulated
ENSG00000145050,MANF,2339.3062635968936,1.3680662081221462,0.23187837485725,5.899930120539964,3.6365555948390323e-09,5.120113906582577e-07,Upregulated
ENSG00000128965,CHAC1,102.0445296011118,2.947799622568534,0.4993745564553501,5.9029832106235895,3.5698661658498842e-09,5.120113906582577e-07,Upregulated
ENSG00000223485,LINC01615,129.9334856911494,2.5743951190238348,0.4364490016783388,5.898501564041046,3.6681749068849022e-09,5.120113906582577e-07,Upregulated
ENSG00000188517,COL25A1,183.1971453911451,-3.7016584850636622,0.6276042559358631,-5.89807741112888,3.677614416686867e-09,5.120113906582577e-07,Downregulated
ENSG00000299732,,47.822052008015575,-6.547889466424696,1.1098405147517114,-5.899847211731642,3.638383402752744e-09,5.120113906582577e-07,Downregulated
ENSG00000159176,CSRP1,14907.473619091315,-1.7459802150838486,0.2960903886858528,-5.8967811242812935,3.706610036337397e-09,5.131036099758143e-07,Downregulated
ENSG00000284753,EEF1AKMT4,162.8234042000701,2.6954315844649868,0.4572205534934381,5.895254629019364,3.741040398317717e-09,5.150704864083815e-07,Upregulated
ENSG00000291119,DPY19L2P4,44.478858682462594,-4.343068242275555,0.7368367420164308,-5.894206945205114,3.7648510335154516e-09,5.155619391111401e-07,Downregulated
ENSG00000100985,MMP9,2691.950721880941,4.2568303083271255,0.722993923495126,5.887781584316209,3.914139215674953e-09,5.331392511361323e-07,Upregulated
ENSG00000170959,DCDC1,31.968999659597195,-3.4679252030021868,0.5907105594488801,-5.870768936715275,4.3377849127714716e-09,5.85503366523853e-07,Downregulated
ENSG00000129173,E2F8,147.84623958401454,4.635605357649728,0.789642638458502,5.870510445964655,4.3445540525699115e-09,5.85503366523853e-07,Upregulated
ENSG00000180660,MAB21L1,180.34323977670584,-3.789360244825757,0.646062376557102,-5.865316387899638,4.482770846534848e-09,5.97804482890519e-07,Downregulated
ENSG00000050555,LAMC3,693.1219377987526,-3.320252533664501,0.5660737377181894,-5.865406416924141,4.480339077138674e-09,5.97804482890519e-07,Downregulated
ENSG00000174498,IGDCC3,61.608527807927125,-4.876176119357193,0.833281506178431,-5.851775280265316,4.863534739397649e-09,6.452036111833204e-07,Downregulated
ENSG00000111341,MGP,84547.51266938867,-2.9032172866198973,0.4962000049434905,-5.850901365771911,4.889161130298561e-09,6.452426069939619e-07,Downregulated
ENSG00000007402,CACNA2D2,254.56989403353728,-2.0220079307640626,0.3458919824614955,-5.845778547321927,5.042044514036557e-09,6.619892567887893e-07,Downregulated
ENSG00000275385,CCL18,988.8765639651548,5.275522893510641,0.9039318260185306,5.83619554225375,5.340621436389875e-09,6.975947108014693e-07,Upregulated
ENSG00000137573,SULF1,6344.158199100172,2.590711927094462,0.4441406245432563,5.833089305349378,5.44104266815718e-09,7.070857030644467e-07,Upregulated
ENSG00000197409,H3C4,26.10420975193864,4.2821002846103084,0.7344316945179742,5.8304949480982815,5.526321207762542e-09,7.145224745325873e-07,Upregulated
ENSG00000129757,CDKN1C,2327.590756528961,-2.4739665968344564,0.4248116338886084,-5.823679013186267,5.756609086892201e-09,7.294855226479166e-07,Downregulated
ENSG00000197308,GATA3-AS1,206.74252278952548,-3.925464958029004,0.6740145868910364,-5.824005940488063,5.7453532527806715e-09,7.294855226479166e-07,Downregulated
ENSG00000185585,OLFML2A,2407.053053746551,-1.4729797655245855,0.2528878867699254,-5.824635510773538,5.723737955063969e-09,7.294855226479166e-07,Downregulated
ENSG00000109805,NCAPG,340.80664657060595,3.0623198603876443,0.5257088377286626,5.825125317691955,5.706975947283691e-09,7.294855226479166e-07,Upregulated
ENSG00000142945,KIF2C,614.7482371702275,3.931960425658147,0.6766403813507629,5.811004684362552,6.2099025750303474e-09,7.791745245743741e-07,Upregulated
ENSG00000165821,SALL2,560.5775237131888,-1.9561868139744956,0.3366086923057635,-5.811456622152716,6.193158186826905e-09,7.791745245743741e-07,Downregulated
ENSG00000172061,LRRC15,1784.8016254849963,4.298466313382267,0.7402029151210576,5.807145886042975,6.354676412717347e-09,7.934311907270762e-07,Upregulated
ENSG00000134668,SPOCD1,88.97149102808682,2.408576562820104,0.4149412333952829,5.804620917308637,6.451179096226277e-09,7.976601104853374e-07,Upregulated
ENSG00000100162,CENPM,209.7627622632527,2.847475182967755,0.4905273360511397,5.80492660386799,6.439420549137641e-09,7.976601104853374e-07,Upregulated
ENSG00000117724,CENPF,1988.507549935114,3.770000425962986,0.6497760706330489,5.801999483129683,6.5528763974086395e-09,8.063203609584321e-07,Upregulated
ENSG00000085840,ORC1,218.26107110297767,4.024230151463126,0.6941296865843415,5.79751915130654,6.730309708134721e-09,8.241717239225939e-07,Upregulated
ENSG00000156738,MS4A1,1754.01406305123,4.613577862352043,0.7961593843604357,5.794791787900843,6.840599440094529e-09,8.336694178882667e-07,Upregulated
ENSG00000130304,SLC27A1,1860.679635634232,-1.3201289471726312,0.2279543012407895,-5.791199990467259,6.988530159935349e-09,8.476421509700632e-07,Downregulated
ENSG00000007968,E2F2,237.41872193404728,3.35420664701522,0.5797141933104171,5.785966060035997,7.209677102940048e-09,8.703207843079904e-07,Upregulated
ENSG00000135547,HEY2,302.67592226716647,-1.7367048131105662,0.3004624236954129,-5.7801065163180345,7.46533450597858e-09,8.969317698197189e-07,Downregulated
ENSG00000164056,SPRY1,2996.383971871508,-1.2223720244847545,0.2115139554567913,-5.779155431351498,7.507654376699464e-09,8.977815240793994e-07,Downregulated
ENSG00000165349,SLC7A3,62.70978093966694,-5.43466059404717,0.9421974249914816,-5.768069886304671,8.01845558416621e-09,9.54383561608867e-07,Downregulated
ENSG00000231023,LINC00326,34.17664975457562,-6.101732168933998,1.0590737119023876,-5.761385728264002,8.342613695647298e-09,9.883475043806154e-07,Downregulated
ENSG00000163017,ACTG2,3370.7194044555417,-3.2003736494414228,0.5557369552385051,-5.75879221144817,8.471790989416149e-09,9.927498296601735e-07,Downregulated
ENSG00000091651,ORC6,402.14865014404165,3.3033920853936816,0.5737522291534901,5.757523749001346,8.535676365104551e-09,9.927498296601735e-07,Upregulated
ENSG00000109846,CRYAB,5415.670056494849,-2.916447837539837,0.5064750378157579,-5.758324931703273,8.49527099400942e-09,9.927498296601735e-07,Downregulated
ENSG00000211896,IGHG1,328296.23157279735,5.021118307505095,0.8720896896061725,5.75757100140994,8.533288148378714e-09,9.927498296601735e-07,Upregulated
ENSG00000117399,CDC20,894.776105565005,4.057646424860702,0.7050678758380701,5.754972767746129,8.665576281815942e-09,1.0032767885187902e-06,Upregulated
ENSG00000137812,KNL1,329.9903906429734,3.2685101151521896,0.5683414731573739,5.750961824049639,8.873715296184091e-09,1.0217690487734555e-06,Upregulated
ENSG00000155980,KIF5A,94.3206272801959,-2.2683266761544227,0.3944671162426604,-5.750356830147127,8.905528986993332e-09,1.0217690487734555e-06,Downregulated
ENSG00000119147,ECRG4,835.71948226533,-3.81079067789846,0.6629261044862159,-5.748439610553451,9.007080425547424e-09,1.0219651680134608e-06,Downregulated
ENSG00000145386,CCNA2,672.5299707007933,3.169938099879194,0.5514737670445069,5.748121287559563,9.024049997437192e-09,1.0219651680134608e-06,Upregulated
ENSG00000007372,PAX6,39.20876242354465,4.393034355890982,0.7642645424385396,5.748054648556797,9.027606407405626e-09,1.0219651680134608e-06,Upregulated
ENSG00000118777,ABCG2,452.4951760182057,-2.408481918581442,0.4194316212449214,-5.742251648630568,9.342584174343036e-09,1.0529423075428829e-06,Downregulated
ENSG00000178965,ERICH3,74.13270442599999,-3.952472434645705,0.6890951048459576,-5.735743015514894,9.708577512817655e-09,1.0806265124351212e-06,Downregulated
ENSG00000231131,LOC105378305,84.07076884638306,3.642402077265897,0.6350015279344954,5.7360524613440536,9.690865538081489e-09,1.0806265124351212e-06,Upregulated
ENSG00000034239,CLXN,107.64200044753343,-3.9972648383470863,0.6969191257354599,-5.73562224186166,9.71549885546868e-09,1.0806265124351212e-06,Downregulated
ENSG00000241158,ADAMTS9-AS1,51.79126478149716,-3.430771379331661,0.598276392656844,-5.734425461944416,9.784344133833721e-09,1.0835523018820812e-06,Downregulated
ENSG00000198838,RYR3,155.37507386778623,-2.0596231517948103,0.3592859288991053,-5.732546103616526,9.893413052946409e-09,1.0861858787568876e-06,Downregulated
ENSG00000113368,LMNB1,1494.9923240625355,2.5487422542287983,0.4445941197333724,5.732739460785727,9.882137220463834e-09,1.0861858787568876e-06,Upregulated
ENSG00000287407,,95.47965892625348,5.577260695433589,0.9736292657282792,5.728320718935838,1.0142966955345068e-08,1.1040662876905736e-06,Upregulated
ENSG00000161055,SCGB3A1,28.02046314724168,-4.441655905232422,0.7753640707579458,-5.728477850270449,1.0133578112640542e-08,1.1040662876905736e-06,Downregulated
ENSG00000169136,ATF5,1314.5826333740354,1.5330966648556812,0.2680432420742946,5.719587082261699,1.0678323605003085e-08,1.1573939597575894e-06,Upregulated
ENSG00000265206,MIR142HG,225.5051967595449,2.740381006128398,0.4805760601345604,5.702283641347212,1.1821290704136818e-08,1.2758478623943598e-06,Upregulated
ENSG00000227888,FAM86B2-DT,520.2203809326467,-1.666980087511547,0.2924613472744166,-5.699830432455127,1.1992665617815506e-08,1.288882641145058e-06,Downregulated
ENSG00000138435,CHRNA1,37.76786491233603,4.711386865158254,0.8272213550797137,5.695436700499891,1.2305653549472944e-08,1.3169634519269972e-06,Upregulated
ENSG00000180914,OXTR,2339.0976415663526,-3.866182261688752,0.679035174845197,-5.693640631459401,1.243586944525754e-08,1.325330672134539e-06,Downregulated
ENSG00000211956,IGHV4-34,1569.266802707106,4.582422494806551,0.8051485369298131,5.691400138762238,1.2600184012108838e-08,1.3372470290517676e-06,Upregulated
ENSG00000154678,PDE1C,622.6034083580425,-2.537229838074678,0.4462200932837449,-5.686050171795582,1.3001121420271592e-08,1.3740728784055509e-06,Downregulated
ENSG00000182983,ZNF662,430.6864262324319,-2.553682786788117,0.4496930125270614,-5.678724631360472,1.3570273735042621e-08,1.4282993483688866e-06,Downregulated
ENSG00000290801,LINC00993,291.81889105446254,-5.284430896679393,0.9314121380513284,-5.673568853993375,1.3985285157512418e-08,1.4643580530284045e-06,Downregulated
ENSG00000058404,CAMK2B,140.1029353971945,-3.0447055848974083,0.5366965554006831,-5.673048493155156,1.402784990534061e-08,1.4643580530284045e-06,Downregulated
ENSG00000144891,AGTR1,344.96350507500347,-3.114659870470498,0.54923308544308,-5.670925428605278,1.4202821366868918e-08,1.476571685859258e-06,Downregulated
ENSG00000173258,ZNF483,470.2548417200023,-2.3583103902179348,0.4160445607093491,-5.668408177713115,1.4413027632957465e-08,1.4923342554433317e-06,Downregulated
ENSG00000186871,ERCC6L,131.91087867718986,3.2656976608564,0.5770553679998158,5.659244921637124,1.5204044429951313e-08,1.5678632213574485e-06,Upregulated
ENSG00000303652,,28.244510268349487,-5.673050600430718,1.0031084473121294,-5.6554708672146985,1.5541959158017733e-08,1.5962469423946355e-06,Downregulated
ENSG00000180549,FUT7,59.33460121249996,3.542923852120293,0.6265765840027862,5.654414707755084,1.5637822737767977e-08,1.5996425018220408e-06,Upregulated
ENSG00000173947,CIMAP3,215.2186952322384,-1.8392293041059624,0.3253950513593998,-5.652296482144494,1.5831820047782162e-08,1.613009153748238e-06,Downregulated
ENSG00000139734,DIAPH3,241.26784366580532,3.696651126504148,0.6542018734196005,5.65062754586938,1.598631371236406e-08,1.6222605440941235e-06,Upregulated
ENSG00000089685,BIRC5,882.4907179611132,4.209882178946431,0.7451440490811837,5.64975615672905,1.6067559165379756e-08,1.6240349186563005e-06,Upregulated
ENSG00000187824,TMEM220,359.1288732339249,-1.7451760352374417,0.3090282829988808,-5.647301982530065,1.62985394235987e-08,1.6408699512192983e-06,Downregulated
ENSG00000163600,ICOS,275.604549704145,3.866761106898275,0.6850833059612587,5.644220306131558,1.6593148992939808e-08,1.663953141729015e-06,Upregulated
ENSG00000138685,FGF2,1371.5865512298744,-2.6799700301630565,0.4752562402300598,-5.639000192539816,1.71040345190016e-08,1.708458287190156e-06,Downregulated
ENSG00000108924,HLF,936.6403096050028,-3.060502336618677,0.5434742204088039,-5.63136616547617,1.7878768665669587e-08,1.7788676432940236e-06,Downregulated
ENSG00000196932,TMEM26,398.9273619769889,-2.6112155699561663,0.4641092727637858,-5.626294761158925,1.841216190563786e-08,1.8248100229513692e-06,Downregulated
ENSG00000181467,RAP2B,2598.2440621791084,1.4845962350272677,0.2640026296828199,5.623414572843092,1.8721936755088133e-08,1.834101734957115e-06,Upregulated
ENSG00000196092,PAX5,272.5898615327844,4.971185008516764,0.8839142795405799,5.624057811466253,1.8652318200665268e-08,1.834101734957115e-06,Upregulated
ENSG00000276644,DACH1,533.0540943109953,-3.232228582242819,0.5746802163096595,-5.62439508184004,1.8615915509913026e-08,1.834101734957115e-06,Downregulated
ENSG00000143127,ITGA10,328.6881745724145,-2.4044240119399416,0.4276872127288143,-5.621921676354925,1.8884488615574e-08,1.842937967537492e-06,Downregulated
ENSG00000151623,NR3C2,649.6162521965143,-2.018908157658031,0.3593077034007093,-5.618883587938253,1.9219529270297125e-08,1.86847568718984e-06,Downregulated
ENSG00000104415,CCN4,603.5709182620666,3.0814072062176447,0.5496556725494832,5.606068235273671,2.0697439166175345e-08,2.0045036996260543e-06,Upregulated
ENSG00000197472,ZNF695,42.07506212717852,4.789629084710886,0.8550630148820989,5.601492523181239,2.1251395615590207e-08,2.050357188351129e-06,Upregulated
ENSG00000127564,PKMYT1,640.8669925501418,4.244309542532736,0.7582538780332757,5.597478187043938,2.1749220676856308e-08,2.090469433434743e-06,Upregulated
ENSG00000186642,PDE2A,1025.3443204900332,-2.564109393408956,0.4582737337945337,-5.595148061788263,2.2043356920551816e-08,2.1107757297871254e-06,Downregulated
ENSG00000075218,GTSE1,452.2174500009648,3.759950364999132,0.6725720413790937,5.590405389569033,2.2654009291605077e-08,2.161124609237726e-06,Upregulated
ENSG00000269289,ZNF276-AS1,69.63126765646764,-4.59072128597593,0.8222247073008118,-5.583292797228495,2.3600691589568877e-08,2.235865396226793e-06,Downregulated
ENSG00000171189,GRIK1,98.7441964414364,-4.644726205136863,0.831910851666289,-5.583201848892386,2.3613041953005667e-08,2.235865396226793e-06,Downregulated
ENSG00000135451,TROAP,278.79129390712507,3.887416097229031,0.6966395322789763,5.5802404501963805,2.40186315068054e-08,2.2658465300364457e-06,Upregulated
ENSG00000157456,CCNB2,633.0325606413244,3.555353822694543,0.638188946108971,5.571005020333688,2.5327402923002043e-08,2.37174367592568e-06,Upregulated
ENSG00000215915,ATAD3C,319.5466901114982,-2.188040680596483,0.3927176181354566,-5.571536848753706,2.525019434500233e-08,2.37174367592568e-06,Downregulated
ENSG00000185527,PDE6G,53.19614952200661,3.327511157177448,0.5984372248752265,5.560334516074313,2.692580552020753e-08,2.5121875179677883e-06,Upregulated
ENSG00000161649,CD300LG,1172.766772389198,-4.716800061210474,0.8491847293474084,-5.554504100462683,2.7840097904280696e-08,2.588011436934064e-06,Downregulated
ENSG00000225950,NTF4,94.84205421235433,-3.050402804857286,0.5494483728915925,-5.551755097214817,2.828156262064352e-08,2.6194897509469493e-06,Downregulated
ENSG00000286373,,37.14524632664912,-3.0758127699332656,0.5546223284712835,-5.545778833699663,2.9264855419355214e-08,2.7007432332840456e-06,Downregulated
ENSG00000161800,RACGAP1,1167.2936701973024,2.4735053796148443,0.4467649691593346,5.536480141379866,3.086108126980338e-08,2.827563313032957e-06,Upregulated
ENSG00000298169,,86.46032209902837,-2.970068015847563,0.5364252805730501,-5.536778603489217,3.0808559386926314e-08,2.827563313032957e-06,Downregulated
ENSG00000132185,FCRLA,232.61332285346876,4.4375534176506015,0.8016667005120023,5.5354094348891625,3.1050214606989824e-08,2.834695398762142e-06,Upregulated
ENSG00000234918,,367.2751235094753,-5.029531055399531,0.9103948297396623,-5.524560213987355,3.3031194203044354e-08,3.0047769555205097e-06,Downregulated
ENSG00000259030,FPGT-TNNI3K,41.33543569977843,-3.0425178496178784,0.5508385423467806,-5.523429491073013,3.324457400093769e-08,3.0134254248323277e-06,Downregulated
ENSG00000106462,EZH2,1087.791430672685,2.77680508264282,0.5030208316862556,5.520258620968546,3.385010876828084e-08,3.057433051194615e-06,Upregulated
ENSG00000241684,ADAMTS9-AS2,238.87140481635024,-2.845742983844933,0.5156384080178835,-5.518873186316712,3.4118028352597976e-08,3.07074311013789e-06,Downregulated
ENSG00000178662,CSRNP3,264.1464839824538,-2.616975812932152,0.4748133445873547,-5.511588591105169,3.556093595216656e-08,3.189340139569135e-06,Downregulated
ENSG00000105894,PTN,12612.213834626677,-4.194053802261181,0.7615216930494013,-5.507464646826685,3.6403848790213233e-08,3.253482219422881e-06,Downregulated
ENSG00000108821,COL1A1,68613.21913074012,2.3761642824851963,0.431929572725655,5.501277135276042,3.7705000084148745e-08,3.3579862137879458e-06,Upregulated
ENSG00000154451,GBP5,3411.174103239178,3.925399466865215,0.7137500892371653,5.499683329021456,3.8047393773997306e-08,3.376673055113189e-06,Upregulated
ENSG00000138180,CEP55,451.02987568290274,3.5744348357386864,0.6509829403373092,5.490827200305096,4.0005561374390426e-08,3.5381307422468703e-06,Upregulated
ENSG00000128203,ASPHD2,98.04554781451304,2.2582815332627515,0.4114864893283477,5.488106151307303,4.0626590975007045e-08,3.5806224869356547e-06,Upregulated
ENSG00000160883,HK3,358.825285392648,2.3563617665230097,0.4295553920370794,5.485583024225214,4.1210794531301216e-08,3.619586715540598e-06,Upregulated
ENSG00000116661,FBXO2,969.5454749195488,-2.2743405258031544,0.4149591952449766,-5.48087752209098,4.2322139979854246e-08,3.704423461947998e-06,Downregulated
ENSG00000035499,DEPDC1B,194.07796735270816,3.776616345754664,0.6894716655513711,5.477551195282987,4.3125225736956105e-08,3.7617898107740033e-06,Upregulated
ENSG00000133216,EPHB2,427.8753662768671,1.9576477353044528,0.3579906813358141,5.46843210554991,4.5403391686019636e-08,3.946995869060088e-06,Upregulated
ENSG00000249669,CARMN,1977.0902516527235,-2.5977470244309893,0.4752246170709441,-5.466356184244519,4.593808073557363e-08,3.979894062638762e-06,Downregulated
ENSG00000300966,LOC107986528,42.91528334345155,-7.265349689190919,1.3298776545782764,-5.463171491136053,4.6770237390388e-08,4.038253276510416e-06,Downregulated
ENSG00000303405,,102.25629003265848,2.899264233199551,0.5310063413551882,5.459942767915541,4.7628809471116e-08,4.084691602824227e-06,Upregulated
ENSG00000252621,Y_RNA,36.651105404251815,-5.552435476320081,1.0169079736648527,-5.460115979137778,4.758236438602132e-08,4.084691602824227e-06,Downregulated
ENSG00000138160,KIF11,748.4577080545287,3.035502740210433,0.5565394657308533,5.454245255049757,4.9181284339590054e-08,4.203679508099658e-06,Upregulated
ENSG00000134824,FADS2,4881.023997171031,3.480750163727192,0.6384409253600768,5.451953384354347,4.9819517109504856e-08,4.243989699987285e-06,Upregulated
ENSG00000253250,C8orf88,61.02339138136224,-2.321755881629371,0.4259864914415248,-5.450304007933732,5.028379022859686e-08,4.2692614030419694e-06,Downregulated
ENSG00000237649,KIFC1,951.973540020016,3.315545121233238,0.6094141854265605,5.440544707557991,5.311790717871487e-08,4.494904364614772e-06,Upregulated
ENSG00000103522,IL21R,336.0310810967887,3.762840413967828,0.6924209450792466,5.434324944542479,5.5004265792927695e-08,4.62380743898238e-06,Upregulated
ENSG00000150764,DIXDC1,1959.602536372086,-1.553949634845463,0.2859202742149198,-5.434905373927396,5.4825519616657806e-08,4.62380743898238e-06,Downregulated
ENSG00000126351,THRA,2752.4057206983503,-1.4177154207418097,0.2609484300439015,-5.432933321358918,5.5435126491446544e-08,4.644697719946167e-06,Downregulated
ENSG00000101447,SACK1D,652.9999482696701,4.4977385224197866,0.8280057720155121,5.432013488832931,5.572170948597812e-08,4.653402171532291e-06,Upregulated
ENSG00000171962,DRC3,282.7487532102789,-1.5488627572421665,0.2851697467187388,-5.431371227361646,5.592266313018667e-08,4.654922067284263e-06,Downregulated
ENSG00000170373,CST1,661.6734953519601,7.948904434797094,1.4661963159092375,5.421446192809256,5.9118792544652695e-08,4.890960976696366e-06,Upregulated
ENSG00000296622,,20.123313765257468,4.584490459042866,0.8456324435280496,5.421374846873171,5.914239648315656e-08,4.890960976696366e-06,Upregulated
ENSG00000166450,PRTG,168.67057653840584,-2.386536275530173,0.4404508345684096,-5.418394263842637,6.013668718468813e-08,4.957092424858223e-06,Downregulated
ENSG00000224713,ARHGEF25-AS1,48.39282187054265,-3.5637985270444896,0.6581060958050438,-5.415234032568851,6.120859327216804e-08,5.029174449146427e-06,Downregulated
ENSG00000241935,HOGA1,36.68936772589409,-3.863943868021896,0.7141022734902975,-5.410911029783181,6.270492167956508e-08,5.135553247910618e-06,Downregulated
ENSG00000051341,POLQ,216.17252082945737,3.569596878189471,0.6598879675545939,5.409398342900003,6.323683352788046e-08,5.157281349535673e-06,Upregulated
ENSG00000279453,,222.924975539938,-2.1355368835479305,0.3948112670410671,-5.409006940335869,6.337517421399498e-08,5.157281349535673e-06,Downregulated
ENSG00000184661,CDCA2,234.1502097321076,3.52730570811609,0.6522050874189941,5.408276899640394,6.36339899600201e-08,5.1614502987502175e-06,Upregulated
ENSG00000025423,HSD17B6,83.7467392688375,2.7081575687391037,0.500794599003879,5.407721197724273,6.383168482220246e-08,5.1614502987502175e-06,Upregulated
ENSG00000156970,BUB1B,386.5198777337539,3.688834887013955,0.6825504737998055,5.40448659639478,6.499428324658733e-08,5.238827179031095e-06,Upregulated
ENSG00000105989,WNT2,491.1471253337907,2.692252278750624,0.4983271852988185,5.4025795866148325,6.568929605633333e-08,5.27707764702207e-06,Upregulated
ENSG00000123473,STIL,596.5548498727401,2.959427256323959,0.5478340027226722,5.402051062212175,6.588318840065245e-08,5.27707764702207e-06,Upregulated
ENSG00000197299,BLM,327.2746757209204,3.063258045717902,0.5674007492474742,5.398755729139599,6.710466539525321e-08,5.358065618440422e-06,Upregulated
ENSG00000196549,MME,3044.8028106919155,-2.524125467078611,0.4678249625248665,-5.395448446050899,6.83526171190299e-08,5.440654720746283e-06,Downregulated
ENSG00000111602,TIMELESS,1148.0107228536858,1.632089531861572,0.3025364049910729,5.39468806046575,6.864269945716558e-08,5.44672335786126e-06,Upregulated
ENSG00000165323,FAT3,141.31142781799454,-3.661868124908928,0.6790037716084982,-5.393001155552193,6.929050685421388e-08,5.46408204360273e-06,Downregulated
ENSG00000169679,BUB1,732.4471894666275,4.020501891572809,0.7454605638209412,5.393312653543037,6.917044086417742e-08,5.46408204360273e-06,Upregulated
ENSG00000090006,LTBP4,6601.925316613166,-2.132461902032957,0.3962773909987429,-5.381235342895759,7.397640406929376e-08,5.815595642126487e-06,Downregulated
ENSG00000122952,ZWINT,794.1141315150968,2.245049383771314,0.4173433968503041,5.37938158531974,7.47421371135565e-08,5.845221186894664e-06,Upregulated
ENSG00000183807,FAM162B,234.70602179566345,-2.065600293330069,0.3839967586071166,-5.379212837167389,7.481222201435597e-08,5.845221186894664e-06,Downregulated
ENSG00000155886,SLC24A2,34.95148879824751,4.653217700848795,0.8660709127129045,5.3727906486005015,7.752732189735339e-08,6.038833076597823e-06,Upregulated
ENSG00000148123,PLPPR1,49.43620119489377,-3.2831841912827087,0.6114839768088047,-5.369207233224487,7.908350431579303e-08,6.141268104962085e-06,Downregulated
ENSG00000226891,LINC01359,42.560013888009145,-3.285683230583148,0.6123145624207904,-5.366005370823084,8.049954541455108e-08,6.232230763690064e-06,Downregulated
ENSG00000153291,SLC25A27,442.78186425412525,-2.500377005284208,0.4660370554168068,-5.365189261716453,8.086438244117597e-08,6.241505106543009e-06,Downregulated
ENSG00000128165,ADM2,496.0635648924874,2.440166117274732,0.4551646718124407,5.361062200979098,8.273402182823378e-08,6.366520453132757e-06,Upregulated
ENSG00000105173,CCNE1,309.2941691634963,3.2825524721917625,0.6125342554826727,5.358969629551794,8.36979221565648e-08,6.402011337086672e-06,Upregulated
ENSG00000138623,SEMA7A,640.4178187736513,2.266243285599394,0.4228795940526403,5.359074586411211,8.364931797128051e-08,6.402011337086672e-06,Upregulated
ENSG00000100292,HMOX1,1940.55061184688,1.993145115014884,0.3719896807798319,5.358065607724636,8.41176968485124e-08,6.414855857570238e-06,Upregulated
ENSG00000138964,PARVG,950.0362208040482,2.1850810826085434,0.4079271398992748,5.356547453910722,8.48272287879709e-08,6.4496547595773344e-06,Upregulated
ENSG00000024526,DEPDC1,290.951265754265,3.489430309275116,0.6518616260017848,5.353023049811437,8.649682591064259e-08,6.537568702581534e-06,Upregulated
ENSG00000179222,MAGED1,7479.680475744203,1.581715688953487,0.2954660493779995,5.353290817280824,8.63688689883487e-08,6.537568702581534e-06,Upregulated
ENSG00000101412,E2F1,825.1391585960171,3.363904786261644,0.6291350374462487,5.3468724296714205,8.948704078040066e-08,6.743563360111198e-06,Upregulated
ENSG00000118193,KIF14,255.9302941228246,3.6579202162612794,0.6843740971864255,5.344913302972147,9.046034085690336e-08,6.796800418779308e-06,Upregulated
ENSG00000106823,ECM2,2339.1134988402564,-1.4288804788483327,0.2675290332284891,-5.341029575761842,9.242017516070461e-08,6.883141174030138e-06,Downregulated
ENSG00000186818,LILRB4,1070.0323804411885,2.467432042224642,0.4619502891127572,5.341336720372455,9.226369655686525e-08,6.883141174030138e-06,Upregulated
ENSG00000019169,MARCO,202.60023957182295,2.6210872220361754,0.4906941185199479,5.341590867121067,9.213441231572504e-08,6.883141174030138e-06,Upregulated
ENSG00000104738,MCM4,3381.2878855214444,1.567764791398995,0.2935933508303994,5.339919269168492,9.298798044853313e-08,6.905238629750983e-06,Upregulated
ENSG00000204540,PSORS1C1,67.29577121935013,-2.1163264977740326,0.3965516052723293,-5.336824941915588,9.458828238844373e-08,7.003657385802472e-06,Downregulated
ENSG00000109971,HSPA8,38346.32848598436,1.233463764371959,0.2311869468154409,5.335352109462506,9.535932525924725e-08,7.040282242545757e-06,Upregulated
ENSG00000231806,PCAT7,77.40982889656036,3.412813880785444,0.6403390105435581,5.329698526236037,9.837593064452209e-08,7.242003842331277e-06,Upregulated
ENSG00000175567,UCP2,4012.436277399599,1.639525242123555,0.3076617903493034,5.328985572963487,9.876284072920993e-08,7.249534052489065e-06,Upregulated
ENSG00000276386,CNTNAP3P2,47.90616746934548,-2.9659626233095406,0.5567148160617198,-5.327615751797634,9.951036206438533e-08,7.2834150348906845e-06,Downregulated
ENSG00000051180,RAD51,223.63487100523213,2.961757312053606,0.5562419199202964,5.324584872132605,1.01183850463823e-07,7.384681533421306e-06,Upregulated
ENSG00000151303,AGAP11,61.68306242078085,-2.7423123999349577,0.5151245876383378,-5.323590575451815,1.0173875767915949e-07,7.4034454743984914e-06,Downregulated
ENSG00000172201,ID4,4006.2213860416086,-1.8535318278773345,0.3482063449684884,-5.323084586655287,1.0202227480326137e-07,7.4034454743984914e-06,Downregulated
ENSG00000105011,ASF1B,392.3102137577379,2.7196018721297284,0.5113689462646698,5.318277325980098,1.0475431866943895e-07,7.580105826219543e-06,Upregulated
ENSG00000287354,LOC124904503,37.83036228678158,-4.187952232016057,0.7875910010870956,-5.317420115561902,1.0524886752758719e-07,7.594317010751198e-06,Downregulated
ENSG00000146670,CDCA5,739.7990544314035,3.5499877138388274,0.6677587701664262,5.31627269074139,1.059143872599086e-07,7.620749598579468e-06,Upregulated
ENSG00000112149,CD83,1037.334618543641,2.103705034409446,0.39607269739199,5.311411385489735,1.0877946187613819e-07,7.804849784358072e-06,Upregulated
ENSG00000123975,CKS2,469.34227972493954,2.648642634069512,0.4989768217933746,5.308147630084329,1.107449302231562e-07,7.923550892455087e-06,Upregulated
ENSG00000117009,KMO,333.54357897178147,4.214993067153213,0.7942386668405296,5.306960291823108,1.1146844835181295e-07,7.94572152803528e-06,Upregulated
ENSG00000112183,RBM24,73.23641078984048,-2.6510489295342503,0.4995742309575071,-5.306616645244346,1.1167870547040285e-07,7.94572152803528e-06,Downregulated
ENSG00000048342,CC2D2A,508.4231023486348,-1.296493552038669,0.2443443452634097,-5.306010051679378,1.120507813952433e-07,7.9499873340341e-06,Downregulated
ENSG00000169607,CKAP2L,256.6583458603056,3.957618141521805,0.7462517752915463,5.30332827680797,1.1371016914311256e-07,8.045310328456168e-06,Upregulated
ENSG00000177494,ZBED2,128.63494441478895,5.0199683971862745,0.9473600050623407,5.2989026034046445,1.1650075432643105e-07,8.219918873818628e-06,Upregulated
ENSG00000102144,PGK1,14614.780885481085,1.5629212467062792,0.29516668431464,5.295046256102012,1.1898628790827929e-07,8.372098727380611e-06,Upregulated
ENSG00000092096,SLC22A17,1408.7737583597975,-1.917673363201906,0.3623188660582379,-5.292778110245204,1.2047206004023978e-07,8.432513569197242e-06,Downregulated
ENSG00000130066,SAT1,12088.090660898071,1.432436086144606,0.2706424531815561,5.292725030036879,1.2050704484267582e-07,8.432513569197242e-06,Upregulated
ENSG00000183856,IQGAP3,656.4355805326155,3.743646448917879,0.7078600327454891,5.288681767210194,1.2320102135982144e-07,8.597406068646608e-06,Upregulated
ENSG00000121152,NCAPH,413.56234835215247,3.2368018268517806,0.6125484213096097,5.28415667112748,1.262851430875314e-07,8.788548851318338e-06,Upregulated
ENSG00000049768,FOXP3,192.44879282463583,2.9401169536716147,0.556989251385877,5.27858831450722,1.3018291940020736e-07,9.03512027259586e-06,Upregulated
ENSG00000196787,H2AC11,120.7836200443494,3.059330100842453,0.5796607639221889,5.277793998237776,1.3074832914255006e-07,9.04970296627688e-06,Upregulated
ENSG00000271133,ITGB8-AS1,87.64436537683932,-1.9413615214292212,0.3681782853802109,-5.272884356621991,1.3429619189724808e-07,9.270076704105166e-06,Downregulated
ENSG00000228971,LINC02607,667.3561484815939,-4.594799642530321,0.8715443556136956,-5.272020423211743,1.349300585662942e-07,9.288658166870486e-06,Downregulated
ENSG00000198796,ALPK2,72.95125282868636,4.025478023085076,0.7639751972352211,5.269121350605401,1.3707832399901785e-07,9.411110486735802e-06,Upregulated
ENSG00000253755,IGHGP,164.28336578439195,3.641073607666976,0.6916087573115275,5.264643585227038,1.4046158555562416e-07,9.617465176578771e-06,Upregulated
ENSG00000088543,C3orf18,472.0976586178208,-1.2385764997715416,0.2353249543047352,-5.263260343259817,1.4152295095234116e-07,9.664158401359469e-06,Downregulated
ENSG00000178999,AURKB,379.0916857513652,4.197796192401707,0.7977071159486708,5.262327624355576,1.422430032095763e-07,9.687357044789083e-06,Upregulated
ENSG00000168542,COL3A1,54693.43730942217,1.9362560931714567,0.3682686843856154,5.257726695935939,1.458470523607793e-07,9.906320721817092e-06,Upregulated
ENSG00000148513,ANKRD30A,1521.0607993857557,-5.14610951302178,0.9789454639149976,-5.2567887616961455,1.4659252662185177e-07,9.93047405740741e-06,Downregulated
ENSG00000158714,SLAMF8,396.8710840185593,3.655237960925122,0.6956053626284076,5.254758167926533,1.4821909852008836e-07,1.0014028271631753e-05,Upregulated
ENSG00000126562,WNK4,187.36037117613165,-3.896810559944443,0.742099757889192,-5.251060276624295,1.5122617833664376e-07,1.0190163990509664e-05,Downregulated
ENSG00000100453,GZMB,335.6681162470126,3.7720086221768265,0.7184788795694038,5.249992351114695,1.521055260967984e-07,1.022237428815713e-05,Upregulated
ENSG00000203685,STUM,466.65684771208765,-2.4190729194683325,0.4608525791062357,-5.249125271599462,1.5282312936563774e-07,1.0243573494926736e-05,Downregulated
ENSG00000187123,LYPD6,418.30910684350965,-3.407291914963998,0.649365986927467,-5.247105613101024,1.545073354821632e-07,1.0302241733157536e-05,Downregulated
ENSG00000172752,COL6A5,20.17169351040132,6.410703091280067,1.221656229233675,5.247550774002435,1.5413457777422236e-07,1.0302241733157536e-05,Upregulated
ENSG00000159958,TNFRSF13C,321.8604966543625,3.4601271998813896,0.6599680918141226,5.242870439948361,1.5809755566145953e-07,1.0514106632514452e-05,Upregulated
ENSG00000143228,NUF2,447.32401716866,3.725048291758008,0.7105718027268358,5.242324952190685,1.585657973517692e-07,1.0517784959236751e-05,Upregulated
ENSG00000135476,ESPL1,464.3352207072112,3.164855326648649,0.605665024803125,5.225421969309527,1.737583870837952e-07,1.1495584097172331e-05,Upregulated
ENSG00000131747,TOP2A,2948.0916258955885,3.994134981087413,0.765875674783187,5.21512186977099,1.8369642240977265e-07,1.212158439170808e-05,Upregulated
ENSG00000164109,MAD2L1,924.8233804824004,2.766331726067955,0.5306905047824297,5.212702509539122,1.861092240267139e-07,1.2217494961815535e-05,Upregulated
ENSG00000156802,ATAD2,1599.932679721511,1.825086243842504,0.3501095846633955,5.212899971296672,1.8591115495939322e-07,1.2217494961815535e-05,Upregulated
ENSG00000182575,NXPH3,304.4511437956487,-2.161020919051135,0.414706417884737,-5.210965699720052,1.8786018562145042e-07,1.23007372441233e-05,Downregulated
ENSG00000163808,KIF15,316.5675077303009,3.446910417524604,0.6617235638407261,5.208988474761736,1.8987290587000257e-07,1.2400648167730348e-05,Upregulated
ENSG00000134765,DSC1,29.007537961678526,-3.641129583954764,0.6995927400600084,-5.204641751488789,1.943712089870961e-07,1.2661966915883184e-05,Downregulated
ENSG00000129596,CDO1,714.8089247722278,-2.3155192977980703,0.444936928393455,-5.204151757326087,1.948847039170529e-07,1.2663031360896057e-05,Downregulated
ENSG00000180071,ANKRD18A,54.97795101087087,-3.0220722452069406,0.580929872442703,-5.202129187297055,1.9701818990592717e-07,1.276908477123122e-05,Downregulated
ENSG00000171241,SHCBP1,330.6846608610353,2.623709632894065,0.5044270535527589,5.201365815760409,1.978292775827835e-07,1.278911048048497e-05,Upregulated
ENSG00000115163,CENPA,357.9540285072204,4.201565613881388,0.8087059920765749,5.1954179331511,2.042604304467082e-07,1.3171436516223051e-05,Upregulated
ENSG00000137309,HMGA1,2967.318582174648,1.9692521299955892,0.379097443908189,5.1945803424422685,2.0518215046627078e-07,1.3197460996278742e-05,Upregulated
ENSG00000166851,PLK1,287.8459796519287,3.2377813567526563,0.6237093414031908,5.191170216351825,2.0897646670519826e-07,1.3407656381481374e-05,Upregulated
ENSG00000182010,RTKN2,278.9445287721874,2.094045157874572,0.4034638639722893,5.190167806498763,2.101046457322783e-07,1.3436469599619923e-05,Upregulated
ENSG00000072274,TFRC,6050.672361857691,2.366406158356104,0.4559694471040856,5.189834918513555,2.104806003002768e-07,1.3436469599619923e-05,Upregulated
ENSG00000105255,FSD1,46.50086083010291,3.356439050950004,0.6468859720595632,5.188610042452666,2.118695467560727e-07,1.3491323063559818e-05,Upregulated
ENSG00000120694,HSPH1,5095.5846089020215,1.2314335747752745,0.2374230537835634,5.186663869203949,2.1409464197508642e-07,1.3599014029295329e-05,Upregulated
ENSG00000065328,MCM10,422.2342009845865,4.0599437552882245,0.78296065097168,5.185373939609481,2.155818679175802e-07,1.36594173077828e-05,Upregulated
ENSG00000211893,IGHG2,35472.8557907523,3.3428402544448925,0.6447787748416828,5.184476265158828,2.166227287686621e-07,1.3691308993713628e-05,Upregulated
ENSG00000160856,FCRL3,311.52823483965284,3.692265512133109,0.7137958406084245,5.172719287612968,2.3071148895443906e-07,1.454567409692702e-05,Upregulated
ENSG00000229108,LINC02587,85.58693565593856,-3.414572148249682,0.6607427934918008,-5.167778115603547,2.368933051770429e-07,1.4898541669541874e-05,Downregulated
ENSG00000113396,SLC27A6,292.0931953419624,-3.399886867981144,0.6581200632639872,-5.1660586840632,2.390817545232549e-07,1.4999141304093169e-05,Downregulated
ENSG00000179915,NRXN1,189.11949459676288,-4.013566447437613,0.7769902754314323,-5.165529832672664,2.3975878196869244e-07,1.5004658318242176e-05,Downregulated
ENSG00000011422,PLAUR,1555.6307367640711,3.072168939231688,0.5948398176984743,5.1646995507435545,2.40825434310409e-07,1.5034472150295166e-05,Upregulated
ENSG00000157782,CABP1,92.36916321836368,-3.369887024603892,0.6530091364899571,-5.160551110689887,2.462239272000247e-07,1.5333911123989803e-05,Downregulated
ENSG00000136295,TTYH3,7309.902201892605,2.1083802512236614,0.4089274298153704,5.155878763563474,2.524441975548886e-07,1.5682941843708703e-05,Upregulated
ENSG00000139946,PELI2,621.6717491536056,-1.9192427544751332,0.3723091034188916,-5.154971331216038,2.536697357731829e-07,1.572073440359791e-05,Downregulated
ENSG00000158406,H4C8,550.2805977213656,3.284430316950581,0.6380136751002102,5.147899559417294,2.634194687807783e-07,1.628533322649321e-05,Upregulated
ENSG00000130203,APOE,42110.361629508974,1.648482495415977,0.3202641630235232,5.147258687494476,2.643207018063509e-07,1.630148328258974e-05,Upregulated
ENSG00000101049,SGK2,126.79937932815616,-3.746696555161833,0.7285695636536477,-5.14253784686367,2.710518157576374e-07,1.6676233814402855e-05,Downregulated
ENSG00000104524,PYCR3,800.7503366615855,1.0881784905385294,0.2118626067782324,5.136246112923468,2.802805588176327e-07,1.7194218659020857e-05,Upregulated
ENSG00000135338,LCA5,452.98519069479454,-1.4136233540629182,0.2752444188502467,-5.135883808172814,2.808211284265508e-07,1.7194218659020857e-05,Downregulated
ENSG00000232679,LINC02257,25.72471072743288,4.095720861853364,0.7977386508875398,5.134163748110473,2.8340127689132306e-07,1.73105849489182e-05,Upregulated
ENSG00000225783,MIAT,721.7013270522103,3.024850909444973,0.5893672637426975,5.132370078100476,2.861162221993404e-07,1.7434608362773677e-05,Upregulated
ENSG00000147257,GPC3,2268.7261508927463,-3.0156097690626336,0.5877807988528592,-5.130500647431901,2.889725659041928e-07,1.756663538459593e-05,Downregulated
ENSG00000013810,TACC3,1151.9927711781163,1.9585345596193573,0.3819560818355324,5.127643341107182,2.933915834185079e-07,1.779280243155432e-05,Upregulated
ENSG00000169245,CXCL10,3413.1594647078714,3.807796925030365,0.7430207865286472,5.124751546750374,2.9793034906082985e-07,1.8025139954699283e-05,Upregulated
ENSG00000163749,CCDC158,142.23606758648518,-2.862692560404922,0.5591390812903168,-5.119821983823292,3.0582420110715217e-07,1.845888205308121e-05,Downregulated
ENSG00000177807,KCNJ10,85.10497718798152,4.424593717743308,0.8648696139651231,5.115908393934782,3.122345796199633e-07,1.880124580969287e-05,Upregulated
ENSG00000078549,ADCYAP1R1,505.69396344621873,-2.6975821086685805,0.5275138673528985,-5.113765297214339,3.15799700250354e-07,1.8971071144048977e-05,Downregulated
ENSG00000137135,ARHGEF39,88.9652952948987,3.007794218510903,0.5887232076970644,5.109012485301249,3.238469555783791e-07,1.9408719542439745e-05,Upregulated
ENSG00000270876,ZNF30-AS1,18.222761555952804,-4.06334669886345,0.7965668125631995,-5.101074554924499,3.377304809776674e-07,2.016978015428441e-05,Downregulated
ENSG00000166924,NYAP1,94.43394694627476,-2.598868330606777,0.509496998541329,-5.100851110109069,3.3812948552783335e-07,2.016978015428441e-05,Downregulated
ENSG00000106366,SERPINE1,1410.5053053570482,2.691949903606821,0.527918538052692,5.099176690283484,3.4113400596933657e-07,2.0301458565525637e-05,Upregulated
ENSG00000107485,GATA3,5548.915228869825,-2.7156945583622187,0.532906438292959,-5.096006284069883,3.468936167935472e-07,2.0596100963516174e-05,Downregulated
ENSG00000186910,SERPINA11,51.9687329402515,-4.972980451896492,0.9762724297298532,-5.093845017494324,3.508736286440755e-07,2.0783958593472663e-05,Downregulated
ENSG00000259460,,29.35095356591263,-3.601368983437937,0.7074368331960506,-5.090728690458074,3.566900877087022e-07,2.1079473837652792e-05,Downregulated
ENSG00000134057,CCNB1,1018.2379134845291,2.2898278992924244,0.4500461592414297,5.087984537301725,3.618888686837897e-07,2.133720225519631e-05,Upregulated
ENSG00000103253,HAGHL,528.9056154782579,1.7643624398282038,0.3469469133216015,5.085395984465015,3.668598447588994e-07,2.15803397363832e-05,Upregulated
ENSG00000179218,CALR,21993.62225705814,1.2209004177796112,0.2401625706841872,5.083641527909401,3.702664492874347e-07,2.173054546036924e-05,Upregulated
ENSG00000111665,CDCA3,323.36067614792705,3.1718424021618503,0.6245345939080321,5.078729718259499,3.799668085645013e-07,2.2248585243554967e-05,Upregulated
ENSG00000101349,PAK5,50.09203339048504,-3.220224037530973,0.6344127908785647,-5.075912850167247,3.856400313472437e-07,2.2528984491847808e-05,Downregulated
ENSG00000090530,P3H2,474.3385819483913,-2.1574150119844893,0.4254210304454375,-5.071246735793869,3.952179698167395e-07,2.3035690867739525e-05,Downregulated
ENSG00000214140,PRCD,94.247656641671,-1.6870225936070855,0.3330091963763373,-5.06599400846745,4.062746942031032e-07,2.3626079306043927e-05,Downregulated
ENSG00000189159,JPT1,1296.2318536031355,1.8097439042334007,0.3573201893383119,5.064768121792104,4.08897756578072e-07,2.3670533540454712e-05,Upregulated
ENSG00000153822,KCNJ16,184.07007281833967,-4.457642588487335,0.8801247027951139,-5.064785222288028,4.088610540623406e-07,2.3670533540454712e-05,Downregulated
ENSG00000135074,ADAM19,1160.7259197610622,2.7383807994856486,0.5407283271864349,5.064245133474386,4.100217744406737e-07,2.3681779176368248e-05,Upregulated
ENSG00000164007,CLDN19,179.76080686746477,-3.687440508144873,0.7283114080600653,-5.062999792858884,4.127103019570829e-07,2.3783131450563023e-05,Downregulated
ENSG00000131203,IDO1,1222.606279686441,4.454573878548351,0.8800574847270993,5.061685123818575,4.155669540711778e-07,2.3893692747510085e-05,Upregulated
ENSG00000112175,BMP5,79.93838210953734,-2.987586062711529,0.5904275261024672,-5.06003858328421,4.191716487604843e-07,2.4046669066617783e-05,Downregulated
ENSG00000121966,CXCR4,4589.887335588822,2.95465617284097,0.5841324284641379,5.058195759837647,4.232418330768409e-07,2.422560164112408e-05,Upregulated
ENSG00000133466,C1QTNF6,822.9985000267377,1.7896872102354993,0.3538507779510377,5.057745585861444,4.242418976709721e-07,2.4228397703088184e-05,Upregulated
ENSG00000286647,LOC124900989,29.043362519851897,-5.609244891272275,1.1093956783095824,-5.056126502871582,4.2785758056778157e-07,2.4325804541611523e-05,Downregulated
ENSG00000198805,PNP,1316.9747002081774,1.8059699890646224,0.3571783970531429,5.056212816801236,4.276640792363662e-07,2.4325804541611523e-05,Upregulated
ENSG00000203499,IQANK1,2590.0703054422165,2.02190815515628,0.4004410392313985,5.049203146203757,4.436567599368426e-07,2.516788715445728e-05,Upregulated
ENSG00000124507,PACSIN1,290.66197413830656,3.611660874845438,0.7161083906103037,5.0434556028137,4.571988867157862e-07,2.587847298563953e-05,Upregulated
ENSG00000071539,TRIP13,529.5198710431301,3.460237134905314,0.6870590311825377,5.03630252694546,4.746102522739513e-07,2.6804429569112665e-05,Upregulated
ENSG00000234261,,44.75107040562232,3.157862815157072,0.6271738954605937,5.035067368098845,4.776808090053793e-07,2.691815904021243e-05,Upregulated
ENSG00000090382,LYZ,9641.163532785273,3.453623519199514,0.6867710529408322,5.028784344376052,4.935991449029274e-07,2.7687866532751808e-05,Upregulated
ENSG00000165028,NIPSNAP3B,329.1189283493473,-1.8903359324482631,0.3759022356866052,-5.028796726881566,4.935672758085885e-07,2.7687866532751808e-05,Downregulated
ENSG00000157404,KIT,5917.012930723698,-2.3952776244333425,0.4763502824699203,-5.028395516034139,4.946008901261071e-07,2.7687866532751808e-05,Downregulated
ENSG00000142583,SLC2A5,417.0085731370016,2.244266518559364,0.4463862747511729,5.027633342468641,4.965701824852437e-07,2.773714718877553e-05,Upregulated
ENSG00000251381,LINC00958,45.18125199630022,-3.204954622091649,0.6377274467670934,-5.025586774316993,5.018955590139374e-07,2.797326429681401e-05,Downregulated
ENSG00000169248,CXCL11,961.0010540698707,4.0084847937326025,0.7977231536522194,5.024907169085589,5.036761101035861e-07,2.8011210044647253e-05,Upregulated
ENSG00000149380,P4HA3,125.15031812497465,2.62581475661691,0.5226422439262475,5.024115036876835,5.057591679994865e-07,2.805127876185252e-05,Upregulated
ENSG00000168497,CAVIN2,1204.337964112426,-3.2828491968524,0.6534598300209807,-5.023796484547485,5.065992002847222e-07,2.805127876185252e-05,Downregulated
ENSG00000073282,TP63,1588.8147348331186,-3.792803372929492,0.7551639037219867,-5.022490288844382,5.100577697532291e-07,2.818152159085575e-05,Downregulated
ENSG00000182481,KPNA2,2329.3935181282686,2.4368872492929787,0.4864350976297236,5.009686309987333,5.451882556710465e-07,3.005733779263469e-05,Upregulated
ENSG00000236751,LINC01186,21.56637483898666,-3.911276436631584,0.7811626198165219,-5.006993854301755,5.528669149746313e-07,3.0414844905656232e-05,Downregulated
ENSG00000009790,TRAF3IP3,1012.3134212130708,2.545189430744643,0.5086148676727953,5.00415853431565,5.610656964708384e-07,3.079936283363949e-05,Upregulated
ENSG00000182379,NXPH4,651.3582659836619,4.560999964500674,0.9116470742390844,5.003032525835241,5.643541434875948e-07,3.091325675004844e-05,Upregulated
ENSG00000165891,E2F7,88.29326477567788,2.462679920815148,0.4923601245296692,5.0017858841993785,5.680165669560704e-07,3.1047102954802726e-05,Upregulated
ENSG00000290885,,110.31223244709074,-2.284067135509689,0.456747868861689,-5.000717663340304,5.711730397847558e-07,3.115278050611887e-05,Downregulated
ENSG00000004776,HSPB6,954.5799722680237,-3.029716632573931,0.6059620605843571,-4.99984541879113,5.7376295923042e-07,3.122717165503852e-05,Downregulated
ENSG00000139618,BRCA2,407.2789603400847,2.5036447129349364,0.5007867817785712,4.999422516790694,5.750227361709452e-07,3.122900663754829e-05,Upregulated
ENSG00000166803,PCLAF,139.80651160798615,2.598653561208535,0.5199658523079483,4.997738889340544,5.800645614644623e-07,3.143579669161983e-05,Upregulated
ENSG00000140022,STON2,597.0577012356525,-1.460920698345477,0.2928700276207721,-4.988290233089935,6.09160062312882e-07,3.294249670312403e-05,Downregulated
ENSG00000165804,ZNF219,2370.0870638446186,-1.5493281611310326,0.3106748341870153,-4.986976705678039,6.133145674000304e-07,3.309689692001308e-05,Downregulated
ENSG00000153395,LPCAT1,3383.405511090697,1.340456608820139,0.2691768086607935,4.9798369164459935,6.363787612167609e-07,3.426892902104042e-05,Upregulated
ENSG00000133800,LYVE1,1632.8802630924708,-3.508291270508571,0.704616313934876,-4.9790094284317465,6.391052964640171e-07,3.434314558277422e-05,Downregulated
ENSG00000296756,,56.68817600511328,-4.127752105681466,0.8304369891710683,-4.970578333464814,6.67534847018668e-07,3.57201262361607e-05,Downregulated
ENSG00000291116,PLAC9P1,66.2628599231185,-5.312282203614066,1.0687127362593754,-4.970729760560074,6.670136528326712e-07,3.57201262361607e-05,Downregulated
ENSG00000205744,DENND1C,999.9114043535378,1.4514696909273477,0.292240075165977,4.96670311251114,6.810072233495656e-07,3.636464357638739e-05,Upregulated
ENSG00000102575,ACP5,3696.6956452918735,1.779790243030562,0.358514418661679,4.964347737182936,6.89323406479007e-07,3.673170813059997e-05,Upregulated
ENSG00000108829,LRRC59,687.5920292372621,1.6297140964176515,0.3283585863557064,4.963214498226047,6.933593448968239e-07,3.678797460550821e-05,Upregulated
ENSG00000155660,PDIA4,8692.631213546136,1.5326124122119862,0.3088178612837069,4.962836041416644,6.947122525715305e-07,3.678797460550821e-05,Upregulated
ENSG00000291115,ZNF300P1,137.3555500908067,-2.2616759034863447,0.4557045425122638,-4.963031290006241,6.940139604531988e-07,3.678797460550821e-05,Downregulated
ENSG00000198483,ANKRD35,414.9356606066284,-2.120774754125818,0.4275040714498227,-4.96082937159755,7.019283032527972e-07,3.7092978863385886e-05,Downregulated
ENSG00000196440,ARMCX4,589.861137133345,-1.591584667035437,0.3211650922326961,-4.955658960228076,7.208555994738058e-07,3.801431257597786e-05,Downregulated
ENSG00000157193,LRP8,426.60816537192574,2.4733745670997407,0.499612608871317,4.950584759434678,7.399082343618096e-07,3.893843520130093e-05,Upregulated
ENSG00000166986,MARS1,3311.0716490353243,1.2354592373358615,0.2496295023090473,4.949171575907457,7.453002496210377e-07,3.914132506824217e-05,Upregulated
ENSG00000106105,GARS1,2590.4632791026725,1.3429239255008598,0.2714481564129378,4.947257491990294,7.526638455397301e-07,3.932405813997643e-05,Upregulated
ENSG00000131094,C1QL1,87.05390867409852,-2.9288254183461717,0.5920330324016235,-4.9470641975249,7.534113451497192e-07,3.932405813997643e-05,Downregulated
ENSG00000105227,PRX,701.6104330865836,-1.5813838494405006,0.3196326234395643,-4.94750452073146,7.517095870915361e-07,3.932405813997643e-05,Downregulated
ENSG00000121933,TMIGD3,84.84718740385634,2.397024666035912,0.4848897890300566,4.943442242474875,7.675509719988787e-07,3.998014480119313e-05,Upregulated
ENSG00000168702,LRP1B,145.95376267956087,-3.4358294677675945,0.6951093033746353,-4.942862152883349,7.698391823133756e-07,4.001749757694692e-05,Downregulated
ENSG00000163534,FCRL1,258.8343158601215,4.350021145979241,0.8808496738479796,4.938437596254346,7.875097035758133e-07,4.085266733152656e-05,Upregulated
ENSG00000106006,HOXA6,221.1021218592839,-2.183644716585968,0.4423257863563579,-4.936733927663722,7.944173527590415e-07,4.112724469944217e-05,Downregulated
ENSG00000112164,GLP1R,90.26266653454545,-3.118652326553661,0.6322117786065617,-4.932923479260993,8.100789712955388e-07,4.185298474212712e-05,Downregulated
ENSG00000133067,LGR6,618.0728788132396,-2.3849742310563387,0.4837424824376911,-4.93025590607196,8.212196907180337e-07,4.2342685713115455e-05,Downregulated
ENSG00000152779,SLC16A12,70.92603062445541,-2.545662987954884,0.5164238512227759,-4.929406304389939,8.247988033245748e-07,4.244131377672777e-05,Downregulated
ENSG00000230937,MIR205HG,2178.01668322102,-3.508166437572852,0.7119076705120053,-4.927839076449017,8.314405115468046e-07,4.269681707582391e-05,Downregulated
ENSG00000280362,,25.109551536151173,-4.559714997383889,0.9254489965525662,-4.9270300301469865,8.348892726699372e-07,4.278765525991141e-05,Downregulated
ENSG00000123838,C4BPA,114.63902000059574,-3.904931168402634,0.7929212224521066,-4.92474038760956,8.447242726493496e-07,4.320476294909957e-05,Downregulated
ENSG00000211653,IGLV1-40,9058.37555613378,3.940642593549181,0.800241769550148,4.92431505514189,8.465635055856858e-07,4.321065683769197e-05,Upregulated
ENSG00000228162,,18.80226897186894,-3.986352032227494,0.8095874907543432,-4.923929875093748,8.482324376289108e-07,4.321065683769197e-05,Downregulated
ENSG00000091513,TF,1062.4425654875436,-3.3629319857155497,0.6831393800934592,-4.922761128564236,8.533158710064493e-07,4.3382851398014514e-05,Downregulated
ENSG00000198826,ARHGAP11A,195.66458640616744,2.523049841080818,0.5131166145104652,4.917108060295248,8.783207346619341e-07,4.456515424815563e-05,Upregulated
ENSG00000184564,SLITRK6,328.8760657319688,-3.360506605836857,0.6839086527622407,-4.913677568289416,8.938370332865784e-07,4.526227251459729e-05,Downregulated
ENSG00000173894,CBX2,977.6921649095428,2.674579144830518,0.544701628956563,4.9101728407788565,9.099615228715662e-07,4.584359670970347e-05,Upregulated
ENSG00000004468,CD38,549.0013400223331,3.089352309869076,0.6291946810750757,4.910010212722147,9.107164985713148e-07,4.584359670970347e-05,Upregulated
ENSG00000258818,RNASE4,30.85860240780993,-3.0825746126711127,0.6277986219972356,-4.910132811162313,9.10147298270862e-07,4.584359670970347e-05,Downregulated
ENSG00000029153,BMAL2,596.3388736386321,2.254631403031177,0.4593718113671598,4.908075217591288,9.197458219064688e-07,4.620679650844115e-05,Upregulated
ENSG00000181856,SLC2A4,175.35507573086366,-3.7367329203030297,0.7615326022266963,-4.906858760054324,9.25466271954918e-07,4.64026602617396e-05,Downregulated
ENSG00000226409,LOC102723341,16.162960297400808,-3.867178560474765,0.7884005968814272,-4.90509339512382,9.338289523108768e-07,4.672997493970597e-05,Downregulated
ENSG00000102100,SLC35A2,1883.962060824905,1.843873932218238,0.3761412514922819,4.902078474251242,9.482793799601824e-07,4.736004722934472e-05,Upregulated
ENSG00000215251,FASTKD5,904.2544247414548,1.272726847185091,0.2597713832151518,4.899411287851416,9.612423906114962e-07,4.791351258564661e-05,Upregulated
ENSG00000178199,ZC3H12D,349.8815890290708,2.707239767710689,0.5526734614406571,4.8984435776121975,9.65987680534769e-07,4.805600041191623e-05,Upregulated
ENSG00000135838,NPL,991.8270548974596,1.9076311706442548,0.3896042199456531,4.896330873701407,9.764260799955493e-07,4.845666822289503e-05,Upregulated
ENSG00000233006,MIR3936HG,190.8150465869849,-1.6397761777341604,0.3349446662286808,-4.895662905151671,9.797488961874658e-07,4.845666822289503e-05,Downregulated
ENSG00000246084,LINC02325,24.03842616875073,4.113268838800447,0.8401450099961448,4.895903433169616,9.785511349924014e-07,4.845666822289503e-05,Upregulated
ENSG00000211897,IGHG3,31945.061064322683,3.887273064551359,0.7942935791744399,4.894000362676544,9.88066560880537e-07,4.8773339868581705e-05,Upregulated
ENSG00000154258,ABCA9,880.1303811077385,-2.825291722854564,0.5774040031221848,-4.893093410467232,9.92632635566924e-07,4.890395717703117e-05,Downregulated
ENSG00000226833,PPP1CB-DT,141.4960742977526,-2.321762618401744,0.47456104481412,-4.892442487164429,9.959222391026758e-07,4.897130376869548e-05,Downregulated
ENSG00000115423,DNAH6,101.60969176966502,-1.963976877017096,0.4018426504353938,-4.887427640866742,1.0216202481649184e-06,5.004741790268867e-05,Downregulated
ENSG00000171346,KRT15,20949.882204411115,-3.2188881786997805,0.6586088241960821,-4.887405179590257,1.021736771598999e-06,5.004741790268867e-05,Downregulated
ENSG00000157542,KCNJ6,19.06781358400967,7.075404336814845,1.4479770591546648,4.886406377836882,1.0269312548353845e-06,5.02053090055894e-05,Upregulated
ENSG00000183378,OVCH2,99.9098562902533,-4.164284653694776,0.8529190123644863,-4.882391637806768,1.0480683659854854e-06,5.087685744814639e-05,Downregulated
ENSG00000129244,ATP1B2,191.5037827789086,-2.5007132050005296,0.5122804830914133,-4.881531285185216,1.0526521877889815e-06,5.087685744814639e-05,Downregulated
ENSG00000133816,MICAL2,2286.4562565206656,1.5213922943465137,0.3116274757174428,4.882086506794355,1.0496918526015556e-06,5.087685744814639e-05,Upregulated
ENSG00000154263,ABCA10,951.9260462026516,-3.532775586712152,0.7235395252189648,-4.882629716245327,1.046803319438184e-06,5.087685744814639e-05,Downregulated
ENSG00000187116,LILRA5,43.1537641784879,2.7235237841241275,0.5578998924629794,4.881742801742613,1.0515234758135872e-06,5.087685744814639e-05,Upregulated
ENSG00000167434,CA4,263.09681901622366,-4.4392930628335945,0.90912675976378,-4.88302980322245,1.0446807384112897e-06,5.087685744814639e-05,Downregulated
ENSG00000187134,AKR1C1,1516.2509083221755,-3.1347813190237543,0.6425238312690438,-4.878856108468805,1.067028705916929e-06,5.147403062198883e-05,Downregulated
ENSG00000144857,BOC,3204.9380305773484,-1.9573736738255736,0.4013922844210071,-4.8764606341375245,1.0800623018051287e-06,5.200428523493088e-05,Downregulated
ENSG00000187741,FANCA,308.77585985670066,1.9353243565959064,0.3969677240459598,4.875268792310781,1.086603969070796e-06,5.222054659660801e-05,Upregulated
ENSG00000186265,BTLA,163.22957561692377,2.9584337598014163,0.6071972738204664,4.872277737986278,1.103189334555422e-06,5.291776937939954e-05,Upregulated
ENSG00000007516,BAIAP3,394.1507581834512,-2.038518516195022,0.418431283190693,-4.8718119272788725,1.1057940750463103e-06,5.294300918327927e-05,Downregulated
ENSG00000068489,PRR11,571.6730402297625,2.84062925087827,0.5832639880219396,4.870229105883731,1.1146892597782937e-06,5.326876198088727e-05,Upregulated
ENSG00000101670,LIPG,482.6974740303348,2.3655169491912367,0.4858213028762779,4.869109146071459,1.1210247962687196e-06,5.3471203344120896e-05,Upregulated
ENSG00000077152,UBE2T,384.6808808036227,2.75499405910114,0.5661267187657858,4.866391159045291,1.136544679013404e-06,5.40091968640866e-05,Upregulated
ENSG00000180777,ANKRD30B,86.00441865054631,-4.451887990448714,0.914781690250312,-4.86661248021978,1.1352732278237338e-06,5.40091968640866e-05,Downregulated
ENSG00000139874,SSTR1,79.49465735654462,-3.3445901721742346,0.6873372975280144,-4.866010013137569,1.1387375074921145e-06,5.401263138423025e-05,Downregulated
ENSG00000165810,BTNL9,2611.995103706813,-3.511901280081979,0.7218479917606669,-4.865153495150778,1.1436801348032368e-06,5.414623924455993e-05,Downregulated
ENSG00000188610,RUMY2,70.93356981359676,2.9561114824348937,0.6080066312427015,4.861972436703384,1.1622180922085106e-06,5.492181266538584e-05,Upregulated
ENSG00000082175,PGR,1743.9774536539423,-3.883276180055133,0.7992462880042421,-4.858672775011402,1.1817525797902892e-06,5.574151844414529e-05,Downregulated
ENSG00000169495,HTRA4,56.03773128119105,3.981781114448454,0.8196790438622614,4.857731991886267,1.1873797810176552e-06,5.5903420336969865e-05,Upregulated
ENSG00000125454,SLC25A19,303.82691705593214,1.564090836848776,0.32234459788682,4.852232198406351,1.220795707328474e-06,5.73706410726265e-05,Upregulated
ENSG00000274576,IGHV2-70,994.8628357555184,4.3708271686259685,0.9013522798206166,4.849188565314144,1.2396753492591711e-06,5.815059083053472e-05,Upregulated
ENSG00000163531,NFASC,1047.1699942781577,-1.844537722696728,0.3805646937890076,-4.846844052536769,1.2544095430811837e-06,5.873357623496476e-05,Downregulated
ENSG00000007314,SCN4A,314.8512268288924,-3.281122635428245,0.6771309864533842,-4.845624703447429,1.2621390413861352e-06,5.898705233604816e-05,Downregulated
ENSG00000211966,IGHV5-51,4041.005077994187,4.037906768293285,0.8336444661073106,4.843679688954485,1.2745634717464565e-06,5.9458619393505485e-05,Upregulated
ENSG00000108106,UBE2S,2342.784435521065,2.55341956837895,0.5272112640227151,4.843256854749096,1.2772799921452756e-06,5.9476414405726346e-05,Upregulated
ENSG00000083454,P2RX5,122.40828232132,3.3284269466622103,0.6875344621235719,4.841105617283204,1.2911871994169027e-06,6.00142867816568e-05,Upregulated
ENSG00000167641,PPP1R14A,1050.7726547697714,-2.27815135830804,0.4707407328886648,-4.839503359584662,1.3016399120861535e-06,6.0389927505913335e-05,Downregulated
ENSG00000135127,BICDL1,1011.914533283902,2.683293017969404,0.5551339814100431,4.833595326219855,1.3408902483125966e-06,6.209784639049118e-05,Upregulated
ENSG00000258441,LINC00641,304.178576650934,-1.2661079320693889,0.2621364794942636,-4.82995703044488,1.3656251776977608e-06,6.312856424889232e-05,Downregulated
ENSG00000130653,PNPLA7,776.8849131112202,-2.210930189315332,0.4578667112096473,-4.828763775978015,1.3738326418110482e-06,6.339291887603118e-05,Downregulated
ENSG00000136854,STXBP1,600.2024491092715,-1.3575016575923389,0.2812752244671154,-4.826239709395547,1.3913503087747246e-06,6.40851423414123e-05,Downregulated
ENSG00000182916,TCEAL7,184.41956656896127,-2.349021596983676,0.4868071642151853,-4.825363654560615,1.3974804168976418e-06,6.425130631552316e-05,Downregulated
ENSG00000146005,PSD2,46.53883027128008,-3.372490803468206,0.6990367316652194,-4.824482964485118,1.4036691348656705e-06,6.44195613228171e-05,Downregulated
ENSG00000118946,PCDH17,384.97273121840783,1.9232962576888764,0.3986836342746882,4.8241163979250485,1.406252803806547e-06,6.442205965064129e-05,Upregulated
ENSG00000172987,HPSE2,552.4118744631013,-3.9015288846295983,0.8095116075520696,-4.819608327084603,1.4384033370076152e-06,6.577660933019923e-05,Downregulated
ENSG00000139631,CSAD,1175.1469606161136,-1.1947556553377958,0.2482003718312468,-4.81367391403474,1.481805273758034e-06,6.76398962865428e-05,Downregulated
ENSG00000292333,P2RY8,35.55721059739095,4.643136313597262,0.9647343219632794,4.812865270666709,1.4878159690752629e-06,6.779277378947408e-05,Upregulated
ENSG00000244402,RN7SL314P,38.31515964409361,-4.689254945234319,0.9747342234850612,-4.810803634726576,1.5032464917841338e-06,6.837355605756012e-05,Downregulated
ENSG00000235687,LINC00993,432.3584855616726,-4.652302655215527,0.9675905128797386,-4.808131738879254,1.5234736132117358e-06,6.917004706259559e-05,Downregulated
ENSG00000139910,NOVA1,772.9502806478863,-3.21369616216378,0.6684924251260947,-4.807378575093944,1.529222420118382e-06,6.918697959943056e-05,Downregulated
ENSG00000163599,CTLA4,187.13310467847955,3.414611170922913,0.7103037147338768,4.807255122130729,1.530166708677765e-06,6.918697959943056e-05,Upregulated
ENSG00000196668,LINC00173,99.3677064635108,-2.650400197326421,0.5514014154862624,-4.806661939721576,1.5347117692151177e-06,6.918697959943056e-05,Downregulated
ENSG00000181778,TMEM252,32.47311113091761,-3.4942563315399555,0.7269518646786021,-4.806723115133388,1.5342424336406588e-06,6.918697959943056e-05,Downregulated
ENSG00000155918,RAET1L,36.92565564983576,4.578277845092181,0.9533374641751824,4.802368539091516,1.5679976041847706e-06,7.056266250210299e-05,Upregulated
ENSG00000164330,EBF1,1086.762510659093,-1.8785875819881963,0.3913754291125986,-4.79996300801941,1.5869494025700384e-06,7.128957360293024e-05,Downregulated
ENSG00000176092,CRYBG2,99.80736600414168,2.968568005973304,0.6187736559104027,4.797502249195863,1.606564059902893e-06,7.204364994680737e-05,Upregulated
ENSG00000167701,GPT,222.16438423435253,-2.5770664206257528,0.5372429464360701,-4.796836212967226,1.6119129660622438e-06,7.215647655284958e-05,Downregulated
ENSG00000164032,H2AZ1,4892.543015209441,1.5418491979072646,0.3214937842866862,4.795891159539025,1.6195320329269237e-06,7.226310612893e-05,Upregulated
ENSG00000038945,MSR1,2383.145487746852,2.1014580132624068,0.4381837792250025,4.795837073154941,1.619969125657376e-06,7.226310612893e-05,Upregulated
ENSG00000123610,TNFAIP6,281.1173615371296,1.5298305003770258,0.3190187240875683,4.795425424487306,1.6232995335321854e-06,7.228507415838862e-05,Upregulated
ENSG00000097046,CDC7,406.3585962497951,1.8797753231379533,0.39246330293631,4.78968430697585,1.670439075683569e-06,7.425436945329177e-05,Upregulated
ENSG00000235819,,27.992386995948028,-2.67574346896785,0.5589195490331703,-4.787349938996412,1.6899801230800333e-06,7.49921319076159e-05,Downregulated
ENSG00000137571,SLCO5A1,146.98627959561688,3.4324841053565174,0.7177512231492673,4.782275522005874,1.733218908471511e-06,7.677707620465714e-05,Upregulated
ENSG00000019485,PRDM11,557.6783894595774,-1.3173430195087203,0.2755163603790461,-4.781360416115994,1.7411287909939836e-06,7.699356151980514e-05,Downregulated
ENSG00000304597,,211.7993518537585,-4.784363855340587,1.0007055415988435,-4.780990667540954,1.7443346097431497e-06,7.700164097880029e-05,Downregulated
ENSG00000224958,PGM5-AS1,69.6071781772339,-4.238306200204391,0.8870765225725507,-4.77783606301874,1.7719174911893766e-06,7.808392805896991e-05,Downregulated
ENSG00000158258,CLSTN2,2794.2451278183485,-3.457484320356935,0.7238724133077087,-4.776372544103576,1.7848559236261949e-06,7.85182473759634e-05,Downregulated
ENSG00000164045,CDC25A,391.7221280008493,3.485991002157935,0.7300871258318313,4.774760270133705,1.799214535587284e-06,7.901343695852364e-05,Upregulated
ENSG00000130176,CNN1,3978.503581960031,-3.3648741890235714,0.7055450451284916,-4.769184068765973,1.849735884884744e-06,8.109229384492137e-05,Downregulated
ENSG00000111640,GAPDH,33527.023727220294,1.3402944543194175,0.281100226176129,4.768030508376856,1.860356169597726e-06,8.141775257014379e-05,Upregulated
ENSG00000171819,ANGPTL7,113.76369751152951,-3.7654146459447504,0.7898612200697193,-4.76718510830597,1.8681765440579104e-06,8.161976801663643e-05,Downregulated
ENSG00000293490,SLC66A1LP,67.98230583985611,-2.5460488780925585,0.534140977187685,-4.766623395002953,1.8733901290762391e-06,8.170739722209056e-05,Downregulated
ENSG00000211945,IGHV1-18,1582.9771272369862,3.264212658350638,0.6852044416716139,4.763852158324188,1.8993168541388104e-06,8.269658049875152e-05,Upregulated
ENSG00000287385,,24.43299107519213,-2.708523904441527,0.5692510700708505,-4.758047980664168,1.9547404145004736e-06,8.496449334085591e-05,Downregulated
ENSG00000173114,LRRN3,213.65716165676469,-2.6392676971562268,0.554868573303543,-4.756563669560008,1.9691615171553816e-06,8.544550767200123e-05,Downregulated
ENSG00000149050,ZNF214,107.40644292202543,-2.5861111495854643,0.5437609296013566,-4.755970885001614,1.974949339192919e-06,8.555090921527693e-05,Downregulated
ENSG00000101003,GINS1,508.3864072607496,2.9378126598240115,0.6178812869404947,4.75465550085018,1.987850892756437e-06,8.59635824947355e-05,Upregulated
ENSG00000132326,PER2,1303.1206998968737,-1.1400364936049767,0.240051298018637,-4.749136967867872,2.042865555169166e-06,8.804370313995571e-05,Downregulated
ENSG00000156886,ITGAD,54.09450666906889,3.111468765373344,0.655127349522704,4.7494105804622855,2.040103772075686e-06,8.804370313995571e-05,Upregulated
ENSG00000247809,NR2F2-AS1,201.3782900124384,-1.9847774193082428,0.4182038826410637,-4.745956462130073,2.075233500756777e-06,8.928762246245924e-05,Downregulated
ENSG00000165863,SPMIP5,80.25059691604825,-4.5649757214638,0.961970245601472,-4.745443783045024,2.0804969124085075e-06,8.936313129166458e-05,Downregulated
ENSG00000253490,LINC02099,28.514520379872828,5.584544526322541,1.177074849923027,4.744426003739469,2.09098394670351e-06,8.966237728364494e-05,Upregulated
ENSG00000165801,ARHGEF40,3022.008910313656,-1.1589033669347837,0.244306477228772,-4.743645686682183,2.099058574239117e-06,8.98573461251169e-05,Downregulated
ENSG00000272068,BCAN-AS1,22.43774763866713,-2.552301317237765,0.5381260714796994,-4.74294306205911,2.1063548671042203e-06,9.001839734901275e-05,Downregulated
ENSG00000165244,ZNF367,342.62896058459984,2.3914926530878,0.5042856164420755,4.7423376259681564,2.112661453507532e-06,9.003327509122963e-05,Upregulated
ENSG00000239887,C1orf226,531.0187375375306,-2.195242923527519,0.462938048943628,-4.741979901061954,2.11639625042513e-06,9.003327509122963e-05,Downregulated
ENSG00000125657,TNFSF9,69.41449702708584,2.723678252411553,0.5743863055273289,4.74189274048067,2.117307203472441e-06,9.003327509122963e-05,Upregulated
ENSG00000230107,LOC101927344,50.40975381106649,1.9257338222636076,0.4061852947757638,4.741022993771146,2.1264179557167158e-06,9.026998625010077e-05,Upregulated
ENSG00000230490,,32.50676836256051,-2.778683812453886,0.5861959104732711,-4.740196515889181,2.135110339973528e-06,9.048817881774664e-05,Downregulated
ENSG00000138640,FAM13A,1641.4398535047224,-1.4513475037425787,0.306264452166025,-4.738870258948001,2.14913045460348e-06,9.093106612824792e-05,Downregulated
ENSG00000073910,FRY,1605.3235549673695,-1.09031983852833,0.2301116853913515,-4.7382202110858485,2.156034481338563e-06,9.1071897635447e-05,Downregulated
ENSG00000010319,SEMA3G,3257.870716818462,-2.0495327858408965,0.4326747084129226,-4.736890661713758,2.1702217515017084e-06,9.151940104718548e-05,Downregulated
ENSG00000115884,SDC1,12275.72793205052,2.3832518938825,0.5033051010173853,4.7352031383448585,2.188358018233197e-06,9.213168112796328e-05,Upregulated
ENSG00000092345,DAZL,13.125546324278652,5.7752320686591645,1.2200467746713055,4.733615291278547,2.2055558824156136e-06,9.270249815347872e-05,Upregulated
ENSG00000168389,MFSD2A,245.6978240516692,2.1350904928998435,0.4511550547886986,4.7324982181565645,2.21773252016311e-06,9.306073314839304e-05,Upregulated
ENSG00000164039,BDH2,1193.81532843681,-1.366541849508354,0.2888963626621089,-4.73021479715427,2.2428240769898177e-06,9.395883563323626e-05,Downregulated
ENSG00000173085,COQ2,513.677372332205,1.5015445210805476,0.3175330162506145,4.728782344622225,2.258703604455748e-06,9.44687019853733e-05,Upregulated
ENSG00000147614,ATP6V0D2,27.411887542617556,3.985503590030688,0.8436145093556231,4.724318448570697,2.308883754768688e-06,9.640914445526764e-05,Upregulated
ENSG00000256650,RERG-IT1,12.677273229402063,-3.7273178398712967,0.7896755691161478,-4.720062245363795,2.3577248435710725e-06,9.82874132415692e-05,Downregulated
ENSG00000227507,LTB,1139.1922486520557,3.448688583598485,0.7308331823101478,4.718845103197498,2.37187328753445e-06,9.85546239915008e-05,Upregulated
ENSG00000187730,GABRD,101.32214172986656,2.4055422795249,0.5097613195596346,4.718958044135176,2.370557003141889e-06,9.85546239915008e-05,Upregulated
ENSG00000227467,LINC01537,35.972400115562024,-4.220764275140438,0.8949356527961967,-4.716276820520895,2.401995769103982e-06,9.932018544618104e-05,Downregulated
ENSG00000089169,RPH3A,37.30464749294802,5.717804118882267,1.2122862003138202,4.716546404142949,2.398816747841479e-06,9.932018544618104e-05,Upregulated
ENSG00000105974,CAV1,8761.264826570132,-2.309376343923258,0.4896143347821791,-4.716725348637228,2.39670880475944e-06,9.932018544618104e-05,Downregulated
ENSG00000075702,WDR62,301.83787298612043,2.6470222813256745,0.5615179183732418,4.714047752909275,2.428437124923677e-06,0.0001002507650063,Upregulated
ENSG00000152256,PDK1,1703.9427549386824,1.8590465237169425,0.3943964526202358,4.713649200863928,2.4331941306827136e-06,0.000100284607933,Upregulated
ENSG00000100721,TCL1A,86.93098391119395,4.685240297922471,0.994190419554678,4.712618634990572,2.445536185518494e-06,0.000100517188423,Upregulated
ENSG00000151376,ME3,810.2335860348788,-1.2746238924210491,0.2704761150724529,-4.712519225882897,2.446729881915758e-06,0.000100517188423,Downregulated
ENSG00000152766,ANKRD22,375.2544201166968,2.9661299052705656,0.6295653299215573,4.711393344420888,2.4602884755010265e-06,0.0001009114456674,Upregulated
ENSG00000076382,SPAG5,702.2694629109099,3.2831745719373444,0.6969220170831161,4.71096405546015,2.465477221130295e-06,0.0001009616885842,Upregulated
ENSG00000277954,,48.01404699830436,-2.009754370603474,0.4268918874452443,-4.707876700658212,2.503104231034965e-06,0.0001023379901584,Downregulated
ENSG00000166106,ADAMTS15,775.4889055764578,-2.1350130359292616,0.4535578250846111,-4.707256534557584,2.5107286786980432e-06,0.0001024852086139,Downregulated
ENSG00000203778,FAM229B,378.3298327436525,-1.1061861569886051,0.2350138373585475,-4.706897982781152,2.515146951959492e-06,0.0001025012928213,Downregulated
ENSG00000244437,IGKV3-15,10435.425138570488,4.561444896664948,0.969274261486436,4.706041497140054,2.525731269404052e-06,0.0001027682127204,Upregulated
ENSG00000301690,,19.06122023914241,-4.621388274120384,0.9822797583947348,-4.704757717569959,2.541676128136838e-06,0.0001032520457093,Downregulated
ENSG00000059573,ALDH18A1,3377.4824143414103,1.269095544228995,0.2698398175010152,4.70314409482663,2.561854800757562e-06,0.0001039060567358,Upregulated
ENSG00000170369,CST2,15.190751995073349,5.98455448344782,1.272561631125478,4.702762001518908,2.566655421389956e-06,0.0001039352626998,Upregulated
ENSG00000137693,YAP1,5268.95806596599,-1.0467471886382795,0.2226732873384181,-4.7008206559030885,2.5911801764852334e-06,0.0001047618258337,Downregulated
ENSG00000157150,TIMP4,789.2457088485429,-4.068002661650998,0.8657389633571166,-4.6988790314765465,2.615933337466144e-06,0.0001055949889676,Downregulated
ENSG00000124635,H2BC11,331.348600657911,2.7485384828743,0.5850291382583467,4.698122372257902,2.6256410724130635e-06,0.0001058191515117,Upregulated
ENSG00000182183,SHISAL2A,84.89185434079616,2.8985119178072254,0.6170594619420045,4.697297580828033,2.6362623101181864e-06,0.0001060793638246,Upregulated
ENSG00000197291,RAMP2-AS1,194.56413815035512,-2.3695092607733965,0.5047847392164461,-4.694098447689752,2.6778505794318862e-06,0.0001075147265224,Downregulated
ENSG00000074211,PPP2R2C,338.7208965820928,2.6511736246819817,0.5648118586851476,4.693905738547656,2.6803757740852503e-06,0.0001075147265224,Upregulated
ENSG00000154027,AK5,1935.3617736513647,-3.662267303767739,0.7802794776354541,-4.6935327773400015,2.6852694230038647e-06,0.0001075416626939,Downregulated
ENSG00000149090,PAMR1,1362.022406803891,-2.851724484817951,0.6077074954495604,-4.69259389783953,2.697626514354408e-06,0.000107822631636,Downregulated
ENSG00000078081,LAMP3,672.8063861736291,3.2606607065905493,0.6948875840394921,4.692357125789771,2.7007514029210536e-06,0.000107822631636,Upregulated
ENSG00000169418,NPR1,1386.4022813719885,-2.390773652954649,0.5095946894060399,-4.6915199523394255,2.7118281958265194e-06,0.0001080954240624,Downregulated
ENSG00000025708,TYMP,5240.835763422079,2.130179804860634,0.4541810165454331,4.690155967026301,2.7299687726640437e-06,0.0001086484915758,Upregulated
ENSG00000167483,NIBAN3,291.9726828379828,3.7920333597119136,0.8086173613502587,4.68952750826403,2.7383662128757263e-06,0.0001088126767677,Upregulated
ENSG00000254986,DPP3,1321.098600617167,1.5169579341049368,0.3239697437061792,4.682406192476804,2.8352694901190287e-06,0.0001124877713128,Upregulated
ENSG00000116017,ARID3A,640.8895651730313,1.1229647769151228,0.2400829593691147,4.677403093772367,2.9053079649564552e-06,0.0001150034369948,Upregulated
ENSG00000070915,SLC12A3,34.79832559089482,4.841730227295778,1.035169606588448,4.677233756169101,2.9077073308747244e-06,0.0001150034369948,Upregulated
ENSG00000172824,CES4A,149.7947912530599,-1.8414308566574409,0.3939497086624857,-4.674279016246403,2.949880682239096e-06,0.0001164905594687,Downregulated
ENSG00000153310,CYRIB,2970.935927970362,1.3741500855771362,0.2941288491416404,4.671932350693698,2.9837924141630622e-06,0.0001174654970342,Upregulated
ENSG00000160949,TONSL,918.4315982729864,2.243841277044483,0.480280923240921,4.671935045646016,2.983753255664465e-06,0.0001174654970342,Upregulated
ENSG00000303038,,27.917731224046843,3.728953518112972,0.7983149204222838,4.671030720734207,2.9969210915857123e-06,0.0001178002733391,Upregulated
ENSG00000235947,EGOT,47.31186769157493,-2.572711353457646,0.5510955598676316,-4.668357977835258,3.03616546134805e-06,0.0001191589683605,Downregulated
ENSG00000113578,FGF1,1246.814708287495,-2.397984869091593,0.5142358772146088,-4.663200245926889,3.1132954217379035e-06,0.0001219980733647,Downregulated
ENSG00000123119,NECAB1,44.02794660655432,-2.340668678277172,0.5021156970970885,-4.661612237596673,3.137418910692851e-06,0.0001227545269957,Downregulated
ENSG00000185002,RFX6,28.36758715169659,-4.971751037005891,1.066664688736294,-4.661025240177451,3.146381314333169e-06,0.0001229163780021,Downregulated
ENSG00000253522,MIR3142HG,201.78543063452355,2.6329308762913763,0.5651460712314205,4.658850181076855,3.179805153472004e-06,0.000124031879118,Upregulated
ENSG00000119686,FLVCR2,320.4451302060754,2.315707087083537,0.497392207802834,4.655696351402195,3.22887516701629e-06,0.0001257533323839,Upregulated
ENSG00000280073,,42.570089509481335,-2.7347190297315,0.5875346045097195,-4.654566741670548,3.2466266249448923e-06,0.0001260287168614,Downregulated
ENSG00000259146,SIPA1L1-AS1,30.951136416407028,-2.1666069327342354,0.4654989889234999,-4.654375163616725,3.249646481556848e-06,0.0001260287168614,Downregulated
ENSG00000204936,CD177,200.88364224360248,4.36052241782181,0.9368798551996698,4.654302676721005,3.2507897992989863e-06,0.0001260287168614,Upregulated
ENSG00000122254,HS3ST2,174.26293667690516,3.1484140789769914,0.6766250408481274,4.653114929105428,3.2695788889182626e-06,0.0001264499457188,Upregulated
ENSG00000153002,CPB1,112.24717244789773,-4.335692059227897,0.9318080188679048,-4.652988567854913,3.2715839279452244e-06,0.0001264499457188,Downregulated
ENSG00000164885,CDK5,607.5345107120207,1.6433470607476302,0.3533083081897522,4.651311680632864,3.298303877624225e-06,0.0001272895425257,Upregulated
ENSG00000269113,TRABD2B,560.976746918313,-2.3378680844800366,0.502789069863107,-4.649798940769658,3.322587722487099e-06,0.0001280327259901,Downregulated
ENSG00000170909,OSCAR,231.03668381634853,1.666153287209176,0.358388953759335,4.649008485702463,3.335344922674588e-06,0.0001283301669568,Upregulated
ENSG00000136490,LIMD2,2430.0931448726715,2.1529440792897665,0.4631936253909069,4.648043412671783,3.3509839845965383e-06,0.0001287374254474,Upregulated
ENSG00000117322,CR2,370.82067901700606,4.03587476625893,0.8684512251000023,4.647209480065156,3.3645545253531768e-06,0.0001287474653898,Upregulated
ENSG00000232079,LINC01697,48.20312092053456,-4.162544841278995,0.8957551439407906,-4.646967276086488,3.3685057637108007e-06,0.0001287474653898,Downregulated
ENSG00000172243,CLEC7A,783.5206117759539,2.2042756274474087,0.4743656304660299,4.646786119984847,3.371463994936104e-06,0.0001287474653898,Upregulated
ENSG00000167977,KCTD5,1584.9381404040223,1.092075696050854,0.2349844255959093,4.647438626119166,3.360820401794019e-06,0.0001287474653898,Upregulated
ENSG00000163431,LMOD1,1892.1658666245023,-2.505484661278725,0.5392370652470714,-4.646350970200361,3.3785800589863644e-06,0.0001288260668898,Downregulated
ENSG00000008311,AASS,1057.0239762455458,-2.2537347187848824,0.485250062592415,-4.64448104703884,3.4093234362342288e-06,0.0001298040018599,Downregulated
ENSG00000107742,SPOCK2,2350.410968295179,2.4901390354556066,0.5362082195928135,4.643977739368807,3.417644020430325e-06,0.0001299265833498,Upregulated
ENSG00000181847,TIGIT,667.5163724626104,3.3172804422090154,0.7145023898114325,4.642784250287104,3.437452456531662e-06,0.0001304848755891,Upregulated
ENSG00000178295,GEN1,874.7948990153134,2.304356637304078,0.4964272572486488,4.641881773526145,3.452503986834709e-06,0.0001308612039414,Upregulated
ENSG00000106714,CNTNAP3,393.7781556042912,-2.399141468942418,0.5174041491698714,-4.636881000648383,3.5370590738625244e-06,0.000133866911843,Downregulated
ENSG00000164692,COL1A2,64224.89587244399,1.549043939926966,0.3342404467653085,4.634519714529488,3.5776713950882707e-06,0.0001352030684039,Upregulated
ENSG00000165730,STOX1,167.9785628648641,-2.059865930209577,0.4445508572035841,-4.633588928760634,3.593802736958009e-06,0.00013561148076,Downregulated
ENSG00000287826,LOC124902005,148.84186506518438,-4.349098894655596,0.938985744404858,-4.631698532773907,3.626779877408888e-06,0.0001366534175406,Downregulated
ENSG00000140678,ITGAX,921.2906206406452,1.849293000105928,0.3994601006311405,4.629481135122318,3.665831193071355e-06,0.00013792080697,Upregulated
ENSG00000144115,THNSL2,1262.1557739625032,-1.1561107737450371,0.2497470033037918,-4.629127711049034,3.6720925879760495e-06,0.0001379526110742,Downregulated
ENSG00000290027,,55.11680994526373,3.786668874499164,0.8180922375574116,4.628657626437172,3.6804366750134857e-06,0.0001380624485261,Upregulated
ENSG00000296857,,13.07491689265693,-4.571817216860943,0.9886415226034738,-4.624342708994851,3.757881157541677e-06,0.000140760280829,Downregulated
ENSG00000086991,NOX4,252.47850969888708,2.0238778182666906,0.4377514579591121,4.623349120760049,3.775934161812246e-06,0.000141021728791,Upregulated
ENSG00000170619,COMMD5,1603.2406645066596,1.1113759376630792,0.2403694534083346,4.623615529778223,3.771085501848417e-06,0.000141021728791,Upregulated
ENSG00000151882,CCL28,4863.940218263853,-3.4906417326109027,0.7551522794612475,-4.622434213005687,3.79263108062632e-06,0.0001413545946223,Downregulated
ENSG00000238078,LINC01352,31.00170474829133,-2.761365383637513,0.5974067987223142,-4.6222530268207525,3.7959460846338274e-06,0.0001413545946223,Downregulated
ENSG00000090104,RGS1,1887.039927551593,2.54713095431038,0.5517133329009968,4.616765269958512,3.897677069682742e-06,0.0001449309965575,Upregulated
ENSG00000129810,SGO1,120.97304758344926,3.3630133667560487,0.7288162312540385,4.61435026079136,3.943269444313332e-06,0.0001464125597902,Upregulated
ENSG00000239961,LILRA4,65.76108988316489,3.1184626956663126,0.6765915315678162,4.609077338642011,4.044598712613224e-06,0.0001499562937539,Upregulated
ENSG00000269151,PPP5C-AS1,43.258515457077486,-3.440767011854669,0.7470410960263784,-4.605860414047655,4.10763868533136e-06,0.0001520721874332,Downregulated
ENSG00000158402,CDC25C,78.29328860137126,3.140929918907183,0.6823123457043343,4.603360819545011,4.157270572730512e-06,0.0001532414453806,Upregulated
ENSG00000164591,MYOZ3,92.24208298579936,-2.297638400808853,0.4991162832175726,-4.603413028316843,4.156228065233083e-06,0.0001532414453806,Downregulated
ENSG00000169297,NR0B1,17.627893383568207,-4.932448769369434,1.071428825755194,-4.603617758643753,4.1521424161610685e-06,0.0001532414453806,Downregulated
ENSG00000282728,PGR-AS1,21.289411438270584,-3.998252649367291,0.869276461053009,-4.5995179077136825,4.2346979073415055e-06,0.0001558699283206,Downregulated
ENSG00000158859,ADAMTS4,1871.4058682905247,3.6485248751575576,0.7934246419584402,4.598451676710929,4.256424122497423e-06,0.0001564435480867,Upregulated
ENSG00000268751,SCGB1B2P,85.24277255507837,-4.074130503622453,0.8863827526012,-4.5963557973870905,4.299442848976405e-06,0.0001577969867525,Downregulated
ENSG00000271856,LINC01215,73.39745469861307,3.892668163859355,0.8472191693887466,4.594641274072971,4.334943582701751e-06,0.0001588710043093,Upregulated
ENSG00000188505,NCCRP1,557.3661326480507,3.804887047463152,0.8283500989118747,4.593332037336959,4.362241441531272e-06,0.0001596417410305,Upregulated
ENSG00000147027,TMEM47,2045.032897513883,-1.3899443877303546,0.3027213956407484,-4.591497025799447,4.400779149052642e-06,0.0001608210124899,Downregulated
ENSG00000177602,HASPIN,102.89828608980278,3.0260179456579883,0.6591931044691687,4.590487863332192,4.422111718582053e-06,0.0001611382082746,Upregulated
ENSG00000139626,ITGB7,399.01145212253056,2.7492816809453005,0.5988835636158948,4.590678135071684,4.418082022019071e-06,0.0001611382082746,Upregulated
ENSG00000188404,SELL,1275.838656369596,2.8298636923302825,0.6165323438126714,4.58996794041695,4.433140944129208e-06,0.0001613093328398,Upregulated
ENSG00000248994,LOC124901165,223.97123197496109,-2.147025407046808,0.4678424224634907,-4.589206330929419,4.449344704129088e-06,0.0001616679871025,Downregulated
ENSG00000254349,MIR2052HG,52.39056085064693,-4.807550391483208,1.0479345584674318,-4.587643715571405,4.482768231945041e-06,0.0001626504125867,Downregulated
ENSG00000266088,LOC105371773,88.64609774709557,3.0456565541321394,0.6641089954247287,4.586079356121807,4.516469933151472e-06,0.0001636401218596,Upregulated
ENSG00000101265,RASSF2,2661.0479103712023,2.2487699537592936,0.4903949284965951,4.585630525693552,4.526184014089521e-06,0.0001637591378165,Upregulated
ENSG00000101084,RAB5IF,732.4605601296421,1.357442189873067,0.2960991401411915,4.584417871749936,4.552529798566256e-06,0.0001642457315853,Upregulated
ENSG00000203747,FCGR3A,4138.206943187309,2.0631898758077605,0.450023734549063,4.584624581801529,4.548028510390887e-06,0.0001642457315853,Upregulated
ENSG00000120049,KCNIP2,753.2620543228079,-3.626438119283879,0.791152596274442,-4.583740401486224,4.567312226953518e-06,0.0001645344803704,Downregulated
ENSG00000138071,ACTR2,12153.631306737196,1.1890986647688253,0.2594325611319218,4.583459607308763,4.573452636420164e-06,0.0001645344803704,Upregulated
ENSG00000133116,KL,214.8618899385964,-2.1356434252052066,0.4660133919066724,-4.582794104837458,4.588037449063102e-06,0.0001648263778068,Downregulated
ENSG00000232611,,64.14725044062202,-1.5545224595468703,0.339284809837059,-4.581762620889003,4.610731006854992e-06,0.000165408351374,Downregulated
ENSG00000159259,CHAF1B,436.6540844034996,1.6879273277037974,0.3686654213574901,4.578480188048436,4.683665158451502e-06,0.0001675528584984,Upregulated
ENSG00000227036,LINC00511,378.1067748523016,4.074945149784535,0.8910653787560907,4.573115785817059,4.805244182204987e-06,0.0001716611143968,Upregulated
ENSG00000184445,KNTC1,1093.641159069185,1.5627680162738091,0.3418499853426668,4.571502364428381,4.842398249027765e-06,0.0001727461145672,Upregulated
ENSG00000182310,SPACA6,242.38659066819608,-1.771043428485907,0.3874712339032394,-4.570773965966664,4.859261901078542e-06,0.0001731052585767,Downregulated
ENSG00000181513,ACBD4,810.18315871642,-1.5297393413464784,0.3347575466496909,-4.569693369593497,4.884383182943373e-06,0.0001737571564982,Downregulated
ENSG00000167779,IGFBP6,3491.0521058729587,-2.8588408973367643,0.6258802932655138,-4.5677119540237285,4.930769845532052e-06,0.0001751626760607,Downregulated
ENSG00000135218,CD36,12146.43049845257,-2.9759677187528086,0.6523409021730192,-4.561982406498708,5.067289420651283e-06,0.0001797617393222,Downregulated
ENSG00000010030,ETV7,471.2438356735271,3.024440837676033,0.6633699221332231,4.559207067981357,5.134712414103569e-06,0.0001819002223916,Upregulated
ENSG00000188001,TPRG1,337.8047250618323,-1.8972901233472368,0.4162571069667742,-4.557976528431212,5.164880771110988e-06,0.0001827148307235,Downregulated
ENSG00000211978,IGHV5-78,16.79481926968984,4.830868615123694,1.0604973640914643,4.5552858297411545,5.231439334451832e-06,0.000184812747972,Upregulated
ENSG00000211669,IGLV3-10,1207.8599066321096,3.701033056367693,0.8127562506601372,4.553681443066896,5.271516321272743e-06,0.0001859706263422,Upregulated
ENSG00000115556,PLCD4,42.61221951095042,-2.867540098448116,0.6298700337534165,-4.5525901293642255,5.298944739649046e-06,0.0001866796977366,Downregulated
ENSG00000114019,AMOTL2,3159.42593118565,-1.1962764036578164,0.2627869690336884,-4.552266834450447,5.307096439068173e-06,0.0001867086372921,Downregulated
ENSG00000161405,IKZF3,1953.426553590056,2.723461624614528,0.5983468771916125,4.551643416937857,5.322849472908644e-06,0.0001870045502406,Upregulated
ENSG00000079308,TNS1,12463.08450570408,-1.6130207336575282,0.3544584705327787,-4.550662116306693,5.347736528962607e-06,0.0001874616627652,Downregulated
ENSG00000106686,SPATA6L,135.8832573077097,-2.492043783309823,0.5476357004784206,-4.550550267509489,5.350580221832831e-06,0.0001874616627652,Downregulated
ENSG00000158445,KCNB1,269.053334582837,-2.2609664245343684,0.4968957616876651,-4.550182551075067,5.359939413163401e-06,0.0001875316164734,Downregulated
ENSG00000167618,LAIR2,74.88899853862371,4.01071438322023,0.8816404165918105,4.549149866251135,5.38630740414222e-06,0.0001881956596583,Upregulated
ENSG00000162444,RBP7,1024.350349796604,-2.529667675491829,0.5561843409394314,-4.548254039693129,5.409281485358275e-06,0.0001882237823955,Downregulated
ENSG00000187474,FPR3,2010.208717590476,2.6263799176241305,0.5774438122870823,4.5482865375625465,5.408446417968586e-06,0.0001882237823955,Upregulated
ENSG00000158301,GPRASP2,583.9282915509725,-1.5159348377418431,0.3332774267609215,-4.548567397663294,5.401234559112529e-06,0.0001882237823955,Downregulated
ENSG00000272143,FGF14-AS2,124.97139132761195,-2.2282723958935478,0.4899567388583097,-4.547896210358972,5.418484457699281e-06,0.0001882867907531,Downregulated
ENSG00000143799,PARP1,6069.993710954734,1.423189779418052,0.3130394116439987,4.546359744109672,5.458171306028677e-06,0.00018940746776,Upregulated
ENSG00000154162,CDH12,17.31861670779899,-6.710956187436366,1.476501424441927,-4.545174204605258,5.488983780191725e-06,0.0001902175590003,Downregulated
ENSG00000198759,EGFL6,367.2888976671823,2.397867879714946,0.5276050245287938,4.544816232287575,5.498320256591609e-06,0.0001902822218147,Upregulated
ENSG00000224397,PELATON,151.72845471483117,3.030288150133592,0.6672852292902164,4.541218682986396,5.592997990457802e-06,0.0001932961354341,Upregulated
ENSG00000165186,PTCHD1,306.65688861027667,-3.789495025752328,0.8349143400194872,-4.53878301534967,5.657981991398791e-06,0.0001950449655344,Downregulated
ENSG00000110455,ACCS,801.800219756474,-1.62450515590517,0.3579192043067858,-4.538748232443951,5.658915218483403e-06,0.0001950449655344,Downregulated
ENSG00000197766,CFD,15219.968466507167,-2.9951514054202715,0.6603514198994204,-4.535693140292588,5.741460812902944e-06,0.0001975010619154,Downregulated
ENSG00000126353,CCR7,447.856012503812,2.9447880834340903,0.6492698496367739,4.535538012555975,5.745682811014424e-06,0.0001975010619154,Upregulated
ENSG00000169583,CLIC3,942.991424433928,3.6974547479112654,0.8158224010486669,4.532180954039161,5.837780756010771e-06,0.0002003963795638,Upregulated
ENSG00000170209,ANKK1,66.23500676570914,-2.086026254345268,0.4606085644089512,-4.528848170728302,5.930609369372873e-06,0.0002033089518806,Downregulated
ENSG00000286449,,57.99133384893517,-2.2431736153565915,0.4955367765655171,-4.526755069328364,5.989629341627781e-06,0.0002050562486029,Downregulated
ENSG00000129521,EGLN3,1143.741297998102,2.400364395394825,0.530359369084899,4.525920602734895,6.013315482394493e-06,0.0002055908169826,Upregulated
ENSG00000266256,LINC00908,49.50290200832795,-2.8898129968812616,0.6390236400050169,-4.522231754772913,6.119100808081994e-06,0.0002089271001107,Downregulated
ENSG00000105612,DNASE2,2392.4317280867126,1.0959046664143524,0.2424002112301629,4.521054915145158,6.15322217101287e-06,0.0002097898641511,Upregulated
ENSG00000149451,ADAM33,2116.627843871577,-3.427218981080808,0.75810129376446,-4.520792945837705,6.16084246339294e-06,0.0002097898641511,Downregulated
ENSG00000140749,IGSF6,831.0763331681997,1.8416099684475948,0.4074753839267399,4.51956128171585,6.196790916822516e-06,0.0002107322582675,Upregulated
ENSG00000224940,PRRT4,99.17727825408376,-3.618719463409831,0.8011296623280052,-4.517020943768556,6.271570452348095e-06,0.0002129908946556,Downregulated
ENSG00000205846,CLEC6A,24.813513006581427,7.455441153503025,1.6512909547486778,4.514916727462922,6.334165027635986e-06,0.0002148302495591,Upregulated
ENSG00000160190,SLC37A1,1483.7358857048018,1.30739640969198,0.2896049500284012,4.514413201721051,6.349231909733114e-06,0.0002150549015595,Upregulated
ENSG00000198018,ENTPD7,669.125652577252,1.4820522666212244,0.3283597070743385,4.513502219338067,6.37657820461159e-06,0.0002156943206502,Upregulated
ENSG00000171303,KCNK3,140.03101954172502,-2.2917114231043336,0.5082834805457207,-4.508726942382286,6.521778216337918e-06,0.0002200214741037,Downregulated
ENSG00000184481,FOXO4,1632.2575620174923,-1.2255915434554412,0.271817632728204,-4.508874318249011,6.517250088280258e-06,0.0002200214741037,Downregulated
ENSG00000108179,PPIF,1965.3104738449792,1.504456942134471,0.3338164906917718,4.506838290153872,6.580074216726891e-06,0.000221694537532,Upregulated
ENSG00000211662,IGLV3-21,1390.551289771644,3.9394228145380663,0.8742859615839191,4.505874493742443,6.610014977507055e-06,0.0002224091036883,Upregulated
ENSG00000290782,CFL1P1,20.77707124303397,-2.4248022785956524,0.5383357864200694,-4.504256153432744,6.660582809864639e-06,0.0002238149139182,Downregulated
ENSG00000164129,NPY5R,68.38632594963718,-4.159557450390217,0.923573320078102,-4.503765277713375,6.675994076403204e-06,0.0002240372135969,Downregulated
ENSG00000125257,ABCC4,779.7598691146552,2.0746683033375666,0.460725116769615,4.503050143834468,6.698507091728153e-06,0.0002244969396492,Upregulated
ENSG00000184730,APOBR,509.8128166207444,1.4870088437043123,0.3305052408202283,4.499198983997779,6.820998917192076e-06,0.0002281212312084,Upregulated
ENSG00000259772,LINC03034,58.25887713097585,2.916921177050359,0.6483361017386793,4.499088002700895,6.824560409126977e-06,0.0002281212312084,Upregulated
ENSG00000142233,NTN5,46.41992358541114,-2.608922382535458,0.5801150733505909,-4.497249774026753,6.883810224861019e-06,0.0002298001706912,Downregulated
ENSG00000214548,MEG3,2155.404505183651,-2.158156707885615,0.4799330606861194,-4.4967869160759255,6.898806431905322e-06,0.0002299993437526,Downregulated
ENSG00000140650,PMM2,1266.5958317945272,1.2339158938976371,0.2744775166545476,4.4955080799955685,6.94040225287208e-06,0.0002310836415462,Upregulated
ENSG00000136167,LCP1,9475.805879071304,1.982111003085096,0.4411484780428099,4.493070024584212,7.020368743238454e-06,0.000233441008171,Upregulated
ENSG00000292995,TPRXL,36.182197343933176,3.483646879929624,0.7755986883127458,4.491558498516836,7.070387451472291e-06,0.0002347977037502,Upregulated
ENSG00000169436,COL22A1,597.2835104387264,4.099250212110742,0.912985739816201,4.489938926029653,7.1243597820928585e-06,0.0002362819895959,Upregulated
ENSG00000112812,PRSS16,484.3820896358606,-1.5328829757554432,0.3414845537257309,-4.488879391559842,7.159881789664311e-06,0.0002371512991736,Downregulated
ENSG00000105971,CAV2,3220.3233489972613,-1.683771563437429,0.3751503469748855,-4.488258046447041,7.180791764845514e-06,0.0002372269092637,Downregulated
ENSG00000286289,LOC107984270,143.1015590066374,-2.817971087545079,0.6278538102240008,-4.488259912828602,7.180728868602429e-06,0.0002372269092637,Downregulated
ENSG00000254404,,46.91289945763211,-4.212142440840636,0.939256525235818,-4.48454956411732,7.306812105986856e-06,0.0002410774755849,Downregulated
ENSG00000179094,PER1,1620.3753446867,-1.6538547314388266,0.3692083529112993,-4.479461849651483,7.483146281587503e-06,0.000246575962404,Downregulated
ENSG00000177990,DPY19L2,306.1031306778329,-1.833033650932182,0.4092904653986958,-4.4785642615607895,7.5146749379102e-06,0.0002472949423042,Downregulated
ENSG00000006283,CACNA1G,137.29931230352406,-2.8510611043508387,0.6373325123355053,-4.473427997424961,7.697548582211462e-06,0.0002529861418548,Downregulated
ENSG00000085999,RAD54L,177.79514163378144,2.716874671061468,0.6074488803884837,4.4725980387418565,7.727495238106706e-06,0.0002536430814559,Upregulated
ENSG00000129195,PIMREG,267.25474284053854,3.908906969238852,0.8749184577370767,4.467738604291196,7.905081688360703e-06,0.0002591381411637,Upregulated
ENSG00000143119,CD53,3725.841344677642,2.2958175997422905,0.5146144155612207,4.46123841524834,8.148737097046689e-06,0.0002667821113096,Upregulated
ENSG00000173805,HAP1,137.21424613720887,-2.9333375171372404,0.6577480448812102,-4.459667406030836,8.208693596550027e-06,0.0002684000444129,Downregulated
ENSG00000143643,TTC13,976.9723729562816,1.2021112026161525,0.2699267353382978,4.4534721657324985,8.449266588170645e-06,0.000275911883676,Upregulated
ENSG00000153902,LGI4,373.0019855955171,-2.573744549982436,0.5780178530764962,-4.452707708392911,8.479414800026629e-06,0.0002765418365831,Downregulated
ENSG00000123096,SSPN,1617.962162642585,-1.6522676402265888,0.3711008129525018,-4.452341742614471,8.493883904399475e-06,0.0002766594845638,Downregulated
ENSG00000157613,CREB3L1,892.7825843579933,2.844571036410073,0.6393896526029273,4.448885002799074,8.631721309649106e-06,0.0002805740546816,Upregulated
ENSG00000185290,NUPR2,77.48817754848113,-2.786036912978126,0.6262479497706938,-4.448776102178472,8.636098263532322e-06,0.0002805740546816,Downregulated
ENSG00000185149,NPY2R,259.6628732524825,-4.470969322099308,1.005271065116532,-4.4475261223011815,8.686489824638415e-06,0.0002818516972272,Downregulated
ENSG00000172578,KLHL6,1039.7703681757848,2.415509870806755,0.5432436283706573,4.446457803935148,8.729780494269213e-06,0.0002828959783327,Upregulated
ENSG00000018236,CNTN1,898.4768952764064,-2.1039010917815277,0.4732109795520659,-4.446010728181005,8.747958139605899e-06,0.0002831248307165,Downregulated
ENSG00000134020,PEBP4,18.788566024244,-2.896246060637704,0.6515301651675944,-4.445298491885938,8.776991676270337e-06,0.0002837040037896,Downregulated
ENSG00000114698,PLSCR4,1912.5016423671725,-1.8430712402227143,0.414782478553917,-4.443464551946199,8.852174658271394e-06,0.0002857715345004,Downregulated
ENSG00000181264,TLCD5,361.5298037586257,-1.2516410771435422,0.2817455852491579,-4.442451426653838,8.893971553565762e-06,0.0002867574043555,Downregulated
ENSG00000092607,TBX15,330.2416042014111,-1.3461344536560371,0.3030832793481082,-4.441467231552308,8.934755457531573e-06,0.0002877081621476,Downregulated
ENSG00000146678,IGFBP1,27.746403936644672,-5.851134238207501,1.3176626339385742,-4.440540459676012,8.97332313155751e-06,0.0002885852442978,Downregulated
ENSG00000204021,LIPK,19.34725130518239,-3.664241956278225,0.8254784238741287,-4.438931231032344,9.04066950108874e-06,0.0002903844802802,Downregulated
ENSG00000159263,SIM2,381.8675798477092,5.035676067811011,1.1350258551903605,4.436617936748634,9.138327771705812e-06,0.0002931515701172,Upregulated
ENSG00000163362,INAVA,605.8429466169121,2.6378950162116577,0.5946620376409711,4.435956642997101,9.166429749372212e-06,0.0002932713822849,Upregulated
ENSG00000070193,FGF10,671.4800668803705,-2.7213618468653284,0.6135110565595092,-4.435717690446158,9.176604439601184e-06,0.0002932713822849,Downregulated
ENSG00000121594,CD80,98.91472024620664,2.926516066301557,0.6597382837130064,4.43587425278874,9.169936737551252e-06,0.0002932713822849,Upregulated
ENSG00000242265,PEG10,2737.288342309555,-3.750461219685034,0.8456260703613382,-4.435129605314146,9.20169130572234e-06,0.0002933370203354,Downregulated
ENSG00000137727,ARHGAP20,239.87075521103944,-2.15849948260269,0.4866535624691095,-4.435392338753714,9.19047538776527e-06,0.0002933370203354,Downregulated
ENSG00000127990,SGCE,2511.532166381387,-1.9076040338782032,0.4302477457905663,-4.433733941761955,9.261490854169954e-06,0.0002946830700365,Downregulated
ENSG00000224559,LINC01087,43.59607748146554,-8.780388655818797,1.980417645711434,-4.433604535302239,9.26705426168164e-06,0.0002946830700365,Downregulated
ENSG00000163376,KBTBD8,209.85508693410543,1.960195375418467,0.4423164900778626,4.431657917780561,9.351128955557706e-06,0.0002969857925523,Upregulated
ENSG00000136842,TMOD1,223.51394048355365,-1.9903443267020715,0.4492677278766386,-4.430196524706948,9.4147251087576e-06,0.0002986332045394,Downregulated
ENSG00000256654,,18.559218696719107,-4.7296393788032765,1.0677283604797794,-4.429627940835094,9.439579931710842e-06,0.0002990491796524,Downregulated
ENSG00000180354,MTURN,2498.230764963909,-1.7381948620931875,0.3924467372266532,-4.429122979532666,9.461706131960636e-06,0.000299377784953,Downregulated
ENSG00000074842,MYDGF,4332.361824658085,1.189380808193906,0.2685875408946136,4.428279897988962,9.4987584140407e-06,0.0003001772649677,Upregulated
ENSG00000124074,ENKD1,241.45455860982344,-1.3625414404483045,0.3077298769522946,-4.427719056539741,9.523483360912578e-06,0.0003005856811472,Downregulated
ENSG00000308342,,12.234263646180937,-3.86205835923742,0.8725816992955332,-4.426013475134075,9.599053033363915e-06,0.0003025958908574,Downregulated
ENSG00000176533,GNG7,1133.468573744776,-1.1123850270924611,0.2516945043553687,-4.419584090409377,9.889103660274412e-06,0.0003113539670344,Downregulated
ENSG00000108381,ASPA,189.900367143492,-2.4468369249831494,0.553766951257172,-4.418531874154453,9.93736264360015e-06,0.0003123239647382,Downregulated
ENSG00000154856,APCDD1,2192.354395092939,-2.0131003600138806,0.4556197624792563,-4.418378055112423,9.944436237396644e-06,0.0003123239647382,Downregulated
ENSG00000070778,PTPN21,1145.9888406604275,-1.2167038458462611,0.2754725733608997,-4.416787598859229,1.0017858196915991e-05,0.0003138559239036,Downregulated
ENSG00000033100,CHPF2,3149.202597241033,1.2420256264412248,0.2811974008087674,4.416917165197708,1.0011857566859172e-05,0.0003138559239036,Upregulated
ENSG00000105369,CD79A,1614.0008227570038,3.105404314814298,0.7032191720241959,4.415983577176204,1.005517187005201e-05,0.0003146379394374,Upregulated
ENSG00000197405,C5AR1,478.0293070977318,1.7163601233668,0.3887412993530478,4.415173088692161,1.0092919985709617e-05,0.0003154316134429,Upregulated
ENSG00000169258,GPRIN1,146.80794533828154,2.3694686443173665,0.5367425788430339,4.414534523094541,1.012275616072725e-05,0.0003159763752081,Upregulated
ENSG00000106689,LHX2,14.645238419237806,5.928569299219127,1.3439718795326958,4.411230167464898,1.027849862906615e-05,0.0003204450900623,Upregulated
ENSG00000103888,CEMIP,376.1637396388893,2.150024903073749,0.4874993501734129,4.410313372333612,1.0322113353293398e-05,0.0003213768604298,Upregulated
ENSG00000285906,LOC102723663,71.77107864470452,2.5947170975191503,0.5883616040769378,4.410072104534967,1.033362053676755e-05,0.0003213768604298,Upregulated
ENSG00000163121,NEURL3,205.17119867928295,-1.6630898188304766,0.3771368282982397,-4.409778345792593,1.0347647796682543e-05,0.0003214206549137,Downregulated
ENSG00000076555,ACACB,3030.054978652204,-2.7281263272716885,0.6188532706663336,-4.408357290144483,1.041576169333196e-05,0.0003231423460302,Downregulated
ENSG00000077279,DCX,145.7816617746585,-4.7408597681137845,1.075988095230873,-4.40605225013809,1.05271580223333e-05,0.0003262010243149,Downregulated
ENSG00000074370,ATP2A3,4041.937208477033,1.819931992954358,0.4131038781580003,4.405506917701428,1.0553678385721843e-05,0.0003266254461272,Upregulated
ENSG00000134138,MEIS2,631.5233306542502,-2.079773273919904,0.4725494671434326,-4.401175789049471,1.0766585121190076e-05,0.0003328103029391,Downregulated
ENSG00000213186,TRIM59,47.93231846213012,2.542054105332133,0.577713403619278,4.400199284639389,1.081515086993446e-05,0.0003335020675642,Upregulated
ENSG00000183734,ASCL2,688.715654476484,2.800435876848396,0.6364290830849763,4.400232408100811,1.0813500076543365e-05,0.0003335020675642,Upregulated
ENSG00000278771,RN7SL3,54.37126732100421,2.849114475535665,0.6478557790596127,4.3977603775816645,1.0937363450010245e-05,0.000336862859051,Upregulated
ENSG00000050730,TNIP3,109.11698473236449,3.3034502232445417,0.7514165281098607,4.396296993298984,1.1011324748726112e-05,0.0003380481344935,Upregulated
ENSG00000114346,ECT2,1767.2229855464047,2.2134863597777072,0.5034986112807674,4.396211449614891,1.1015662974742696e-05,0.0003380481344935,Upregulated
ENSG00000291129,PPIEL,158.4395523621812,-1.554207971522943,0.3534952757193165,-4.396686683747991,1.0991582785116888e-05,0.0003380481344935,Downregulated
ENSG00000147256,ARHGAP36,96.514481505954,-8.384716913418512,1.9077132809508663,-4.395166190403255,1.1068803766639234e-05,0.0003392701573286,Downregulated
ENSG00000130307,USHBP1,272.1420854635014,-1.9199736399467555,0.436924794013877,-4.394288596691026,1.111360939777128e-05,0.0003402340684743,Downregulated
ENSG00000145936,KCNMB1,912.5294300987456,-2.1675663682796755,0.4933632365759459,-4.393449303849804,1.1156621519177878e-05,0.0003411408243877,Downregulated
ENSG00000102970,CCL17,34.51202343595349,2.955998160209029,0.6730369189033197,4.39202973445451,1.1229733634030625e-05,0.0003423450013349,Upregulated
ENSG00000117593,DARS2,804.4821522632546,1.2874017622161962,0.2931307902970759,4.391902198030674,1.123632449122688e-05,0.0003423450013349,Upregulated
ENSG00000171124,FUT3,611.6495194605611,4.350396594871362,0.9904554680902236,4.392319225880705,1.1214786922087085e-05,0.0003423450013349,Upregulated
ENSG00000211638,IGLV8-61,6320.901234748803,4.341696539299791,0.9890556909061976,4.389739201967303,1.1348668299481188e-05,0.0003453547553836,Upregulated
ENSG00000204577,LILRB3,229.7531300570597,2.174146999488896,0.4953278922216104,4.389308645102866,1.1371158582143031e-05,0.0003456262294102,Upregulated
ENSG00000136628,EPRS1,6230.607577398032,1.1784387953108846,0.2685247993299896,4.388565965792616,1.1410052712446124e-05,0.000345737183763,Upregulated
ENSG00000206549,,15.232875273295925,-5.8189927792712455,1.3258675752211242,-4.388818980131384,1.1396788105901014e-05,0.000345737183763,Downregulated
ENSG00000117122,MFAP2,665.9453031808049,2.2525548986399446,0.5132903329486129,4.388461566575918,1.141553027147572e-05,0.000345737183763,Upregulated
ENSG00000283063,TRBV6-3,24.34419052958028,3.854883749638922,0.8787754030656532,4.386654128223164,1.1510760776893836e-05,0.0003482073488696,Upregulated
ENSG00000159648,SPMIP8,64.89649542514672,-2.73016765731192,0.622527989646529,-4.385614306052498,1.1565890171447642e-05,0.0003490459580058,Downregulated
ENSG00000065911,MTHFD2,3843.481011090737,2.2519649214311164,0.5134650942244897,4.385818913031204,1.1555022419898905e-05,0.0003490459580058,Upregulated
ENSG00000267594,CYP4F24P,36.65802249068518,-4.3733774651492165,0.9982007659800228,-4.381260377871462,1.1799476236117916e-05,0.000354834072267,Downregulated
ENSG00000125726,CD70,43.31264434729967,3.571604942611782,0.8151996292517508,4.3812641891042805,1.1799269810051136e-05,0.000354834072267,Upregulated
ENSG00000133110,POSTN,20521.232771163563,1.875679548900804,0.4280981434747751,4.381424160535573,1.1790608458302176e-05,0.000354834072267,Upregulated
ENSG00000226516,FAM138B,84.51033000006815,-3.158175030271268,0.721097589657005,-4.37967769629278,1.1885496872151954e-05,0.0003569993995643,Downregulated
ENSG00000263155,MYZAP,415.5935959487335,-2.266856041725056,0.5177707683446966,-4.378107418022365,1.1971434682999525e-05,0.0003591571411197,Downregulated
ENSG00000128510,CPA4,219.19655184312228,2.24365025693713,0.5134547738085136,4.369713500363463,1.2440965265809148e-05,0.0003719293735744,Upregulated
ENSG00000169744,LDB2,1262.2276157441172,-1.6715012406443657,0.3827842350228326,-4.366693002768682,1.2614182732767042e-05,0.0003744706857649,Downregulated
ENSG00000182253,SYNM,13018.81019098567,-2.200624887201145,0.5039529756885361,-4.366726645863129,1.2612240779315388e-05,0.0003744706857649,Downregulated
ENSG00000103044,HAS3,555.2031360401633,-2.723181302205364,0.623570484094468,-4.3670785767865405,1.2591943644637262e-05,0.0003744706857649,Downregulated
ENSG00000234883,MIR155HG,196.63542308011645,2.522048903450176,0.5775573852121059,4.366750331699009,1.261087375186353e-05,0.0003744706857649,Upregulated
ENSG00000151276,MAGI1,2209.394496360992,-1.354681057349535,0.3103490571070016,-4.365023918479219,1.2710884956560582e-05,0.0003769001402002,Downregulated
ENSG00000125910,S1PR4,377.5687437039773,2.7546126252768817,0.6311013293517721,4.364770754177063,1.272561425041119e-05,0.0003769001402002,Upregulated
ENSG00000167244,IGF2,105.6173638013604,-3.018451889178174,0.6916393867343665,-4.364198955513578,1.2758941890674515e-05,0.0003773668711837,Downregulated
ENSG00000153993,SEMA3D,374.0269094486481,-2.0358895326671087,0.4665199582146309,-4.363992358351497,1.2771004002999618e-05,0.0003773668711837,Downregulated
ENSG00000117410,ATP6V0B,4944.686115749066,1.1797381536518423,0.2704278384180857,4.362487828741759,1.2859174212686488e-05,0.0003795318961429,Upregulated
ENSG00000277224,H2BC7,25.38944962220605,3.167770203523831,0.7262786835361732,4.3616455712293485,1.290878643958204e-05,0.0003805552076418,Upregulated
ENSG00000131730,CKMT2,210.6146540359541,-1.811624832074094,0.4154321907121859,-4.360819581574504,1.2957617758832253e-05,0.0003815531583066,Downregulated
ENSG00000065534,MYLK,6822.075997242883,-1.6514252587605491,0.378732846870527,-4.360396180068064,1.2982716920161808e-05,0.0003818507883065,Downregulated
ENSG00000162745,OLFML2B,2083.6632671702687,1.5842537628558828,0.3634118776282442,4.35938905793418,1.304260545208379e-05,0.0003831697848558,Upregulated
ENSG00000166292,TMEM100,358.693172759053,-2.176470707466676,0.4994815349609448,-4.357459796060043,1.3158065865984387e-05,0.0003861164696687,Downregulated
ENSG00000151892,GFRA1,3383.2990278048,-3.8149049962152968,0.8758781915213101,-4.355520017674148,1.327513838954292e-05,0.0003886563792184,Downregulated
ENSG00000112742,TTK,384.9322983850568,2.9656393550783537,0.6808679968236735,4.3556744756889705,1.326578000609294e-05,0.0003886563792184,Upregulated
ENSG00000130595,TNNT3,158.06012606273757,-2.300901277077009,0.5285032558764244,-4.353617979630781,1.3390897604032918e-05,0.0003915953534699,Downregulated
ENSG00000152076,CCDC74B,218.1486335012063,-1.827474843161325,0.4199848607238627,-4.351287425007631,1.3534049643455572e-05,0.0003953277276014,Downregulated
ENSG00000094963,FMO2,4205.941549853971,-2.2279545562402894,0.5121414597947641,-4.350271811880104,1.3596888324772634e-05,0.0003967082961286,Downregulated
ENSG00000259793,,54.08616470732102,-2.71710325636147,0.6249543059672965,-4.34768307125426,1.3758321830130846e-05,0.0004009590564476,Downregulated
ENSG00000204140,CLPSL1,245.5450023411569,4.243833533278186,0.9773694026572666,4.34209780021768,1.4112868133906093e-05,0.0004098846798617,Upregulated
ENSG00000223923,TNS1-AS1,22.064419841133688,-2.137133034905157,0.4921620284172773,-4.342336286645012,1.4097552839817284e-05,0.0004098846798617,Downregulated
ENSG00000130675,MNX1,237.963081066124,4.091563198569397,0.9427200655093644,4.3401677213252805,1.42374005473392e-05,0.0004130305573363,Upregulated
ENSG00000185803,SLC52A2,1814.328637596287,1.335671021844055,0.3077791142617577,4.339706497134512,1.4267314387867017e-05,0.0004134274912097,Upregulated
ENSG00000065600,PACC1,657.6069361747623,2.123256724157635,0.4895347263715719,4.337295414965143,1.4424669313887786e-05,0.0004174592022797,Upregulated
ENSG00000120262,CCDC170,601.435548593153,-2.3533010218155708,0.5426078329642267,-4.337019996485603,1.44427489673024e-05,0.0004174592022797,Downregulated
ENSG00000160999,SH2B2,444.2886623883462,1.3088660210139855,0.3018028790050974,4.336824172548331,1.4455616835253466e-05,0.0004174592022797,Upregulated
ENSG00000188389,PDCD1,275.4884324245801,3.145686402823319,0.725698531714939,4.334701346838295,1.4595814213796308e-05,0.0004210305592747,Upregulated
ENSG00000129450,SIGLEC9,192.5354711119388,1.6449136511151208,0.379657523118045,4.332624934192798,1.4734200092688664e-05,0.0004245416409059,Upregulated
ENSG00000137962,ARHGAP29,3034.0480387466,-1.198446357324406,0.2766988824423912,-4.331229482193239,1.482790423111476e-05,0.0004262771429692,Downregulated
ENSG00000154096,THY1,3792.358653086864,1.541632312882979,0.3559302106593873,4.331276937765384,1.482470829290655e-05,0.0004262771429692,Upregulated
ENSG00000018280,SLC11A1,227.6558970786509,2.196097299645116,0.5071609372338218,4.330178328842044,1.489886377109278e-05,0.0004278342267345,Upregulated
ENSG00000237125,HAND2-AS1,191.94924704281985,-2.3528604871235226,0.5434975316614444,-4.329109793619388,1.4971328501104553e-05,0.0004294309777608,Downregulated
ENSG00000162511,LAPTM5,6411.571699198181,1.9902701573497,0.4598580001047567,4.328010292082148,1.504624401562868e-05,0.000431094354693,Upregulated
ENSG00000229312,LOC124902178,15.938270714328716,-6.583131805394542,1.5211472048404642,-4.327741447012008,1.5064616322598188e-05,0.0004311357779246,Downregulated
ENSG00000072571,HMMR,238.81739289129249,2.9347347925002576,0.6782057159734417,4.327204450478535,1.5101377587896003e-05,0.0004317027929756,Upregulated
ENSG00000166961,MS4A15,54.627874388821255,6.090399633454755,1.4075827462687571,4.326850161810581,1.5125678002011837e-05,0.0004319127179251,Upregulated
ENSG00000156787,TBC1D31,353.7436147773228,1.53062722858819,0.3539252196385217,4.324719301301789,1.527262054955236e-05,0.0004356202889335,Upregulated
ENSG00000309031,,26.419160621063888,-5.1723524435512935,1.196569671797021,-4.322650461116402,1.5416587683666074e-05,0.0004392347929425,Downregulated
ENSG00000178222,RNF212,132.8763830820783,-2.1869333789537584,0.5059746567947405,-4.322219205221844,1.544676058626517e-05,0.0004396027250198,Downregulated
ENSG00000280411,IGHV1-69D,832.8043279128938,3.825183743426381,0.8852445470982029,4.321047507115614,1.552902320962176e-05,0.0004414506140315,Upregulated
ENSG00000254951,LOC283299,28.33012894601732,-3.1127103048970293,0.7205311013237549,-4.320022132533042,1.560135526570364e-05,0.000443012396848,Downregulated
ENSG00000121621,KIF18A,203.81122105261812,2.7185880952983683,0.629851524371841,4.316236430497888,1.5871198410420713e-05,0.0004501729339775,Upregulated
ENSG00000260001,TGFBR3L,50.027567178643366,3.6019149018249728,0.8345864581683133,4.315807986784474,1.590201643032031e-05,0.0004505453398183,Upregulated
ENSG00000301982,,37.30709216895715,-2.187069334430838,0.5071545530106119,-4.312431627494577,1.614688232972018e-05,0.0004564675247728,Downregulated
ENSG00000160791,CCR5,931.5277540516556,2.51041651819358,0.5821256912450654,4.312499097616249,1.61419541483181e-05,0.0004564675247728,Upregulated
ENSG00000135447,PPP1R1A,1287.9870326524865,-3.6994596163018127,0.8579150185579176,-4.3121515957609535,1.6167351859804334e-05,0.0004565394891586,Downregulated
ENSG00000137807,KIF23,584.3654632584371,2.694466250955865,0.6251823959710452,4.309888231530846,1.6333707667558177e-05,0.0004607263211521,Upregulated
ENSG00000179750,APOBEC3B,168.25226486731492,2.823948629833771,0.655347736890356,4.309084278269563,1.639318942356067e-05,0.000461892619256,Upregulated
ENSG00000154358,OBSCN,2295.1712472135964,-1.6128941718201029,0.3743275637980928,-4.308777466064657,1.6415943793556838e-05,0.0004620226567576,Downregulated
ENSG00000303594,,18.31275731746128,-3.4541843620343826,0.802304692756515,-4.305327381504753,1.6673896525863047e-05,0.0004684523984488,Downregulated
ENSG00000151364,KCTD14,77.48552385269403,-2.05516798288301,0.4773653540410257,-4.305230711624675,1.6681179592207755e-05,0.0004684523984488,Downregulated
ENSG00000263513,RUMY3,20.829212699697635,3.5948708581604936,0.8351572084449009,4.304424151297574,1.674206377946781e-05,0.000469644390448,Upregulated
ENSG00000163354,DCST2,111.60709738097076,-2.5818395696634133,0.5998926694016152,-4.303835838232135,1.6786606819059504e-05,0.0004703758661037,Downregulated
ENSG00000140557,ST8SIA2,98.89003463064954,-3.281465408028527,0.7626666045473527,-4.3026210777592615,1.6878937788663913e-05,0.000472443323533,Downregulated
ENSG00000101463,SYNDIG1,138.91242729401546,3.3037424195347405,0.7687255229644948,4.297687953424868,1.7258889830402965e-05,0.0004820188408664,Upregulated
ENSG00000157020,SEC13,3941.363929363087,1.091016366811104,0.2538486836433768,4.297900430887538,1.7242358086180694e-05,0.0004820188408664,Upregulated
ENSG00000184867,ARMCX2,1353.4029829397998,-1.2006332237619588,0.2794172630464079,-4.296918560692322,1.7318878653326346e-05,0.0004831644667895,Downregulated
ENSG00000128944,KNSTRN,525.8733849053835,1.5650380068676564,0.3643387285728822,4.295557633957618,1.742547567247316e-05,0.0004853312318623,Upregulated
ENSG00000170266,GLB1,2536.066980532611,1.2981570066516308,0.3022174114942578,4.2954408226618535,1.7434654201013666e-05,0.0004853312318623,Upregulated
ENSG00000289064,,12.144316656199898,-3.9385353066163113,0.9170222687076024,-4.294917845525226,1.7475804003055475e-05,0.0004859456372945,Downregulated
ENSG00000257986,LINC02306,12.809012822126778,-6.266474858301897,1.45914035111448,-4.294634750876167,1.749811754038676e-05,0.0004860354982237,Downregulated
ENSG00000166342,NETO1,16.205016282335528,4.993595388342922,1.1628856730592936,4.294141293533941,1.753707679227521e-05,0.0004865870184924,Upregulated
ENSG00000159753,CARMIL2,525.8059442132165,2.3259346615138856,0.5417466272149798,4.293399431891417,1.759580353008897e-05,0.0004876852140532,Upregulated
ENSG00000139572,GPR84,51.73286702879982,2.7447093885533818,0.639526620606403,4.291782859563894,1.772442320473299e-05,0.0004907160689649,Upregulated
ENSG00000013725,CD6,1131.4034933850155,2.706242599912325,0.6309868521099558,4.288904896929193,1.795562306702542e-05,0.0004961006330399,Upregulated
ENSG00000163239,TDRD10,102.02020212835215,-2.349012869435482,0.5476987988834646,-4.288877160629465,1.795786516677121e-05,0.0004961006330399,Downregulated
ENSG00000100196,KDELR3,1331.9457830004455,1.7683796083360397,0.4123564651254097,4.288473100083985,1.799055818644771e-05,0.0004964653386424,Upregulated
ENSG00000186185,KIF18B,357.77502321581204,4.202109313379815,0.9799232036787586,4.288202685276308,1.8012469435125564e-05,0.0004965320443529,Upregulated
ENSG00000138829,FBN2,721.5552432525717,3.9494483436106727,0.9211254447894376,4.28763353129767,1.8058670106022208e-05,0.0004972674446167,Upregulated
ENSG00000185267,CDNF,165.1578817942086,-1.4916974179726403,0.3480004362275004,-4.286481460033182,1.81525344511254e-05,0.0004993123164196,Downregulated
ENSG00000167100,SAMD14,85.98841045199421,1.830493483024768,0.4274057041305185,4.282800779995633,1.845554019675416e-05,0.000507099314295,Upregulated
ENSG00000052850,ALX4,593.150067091269,-3.604923653295797,0.8418313753790888,-4.28223960133637,1.8502159462451283e-05,0.0005078324392975,Downregulated
ENSG00000179523,EIF3J-DT,469.24830678117615,-1.4097056131458146,0.3292698401586762,-4.281308037403222,1.8579795820986468e-05,0.0005094144018905,Downregulated
ENSG00000054967,RELT,419.20768827913,2.14906037126163,0.5022768530215147,4.27863708696442,1.8804116395562545e-05,0.0005141914490169,Upregulated
ENSG00000251359,WWC2-AS2,18.11980097441624,-2.590870132999565,0.6054919265087901,-4.27895074991054,1.8777640246603204e-05,0.0005141914490169,Downregulated
ENSG00000211959,IGHV4-39,4772.177110684776,3.314369530404161,0.7746545210392498,4.278513118283641,1.881459033739536e-05,0.0005141914490169,Upregulated
ENSG00000132182,NUP210,3994.5860619827577,2.07002396268562,0.4838776571022889,4.277990381043837,1.885881683199622e-05,0.0005145451805295,Upregulated
ENSG00000174469,CNTNAP2,396.0717986255528,4.755781525931046,1.1117138578498114,4.277882741454083,1.8867936029782865e-05,0.0005145451805295,Upregulated
ENSG00000165795,NDRG2,9129.918534824375,-1.9906969799315095,0.4654795187994126,-4.276658584390592,1.8971942240831262e-05,0.0005168281719959,Downregulated
ENSG00000153898,MCOLN2,241.6470968018215,2.532408635292531,0.5922451845003146,4.275946350545946,1.9032705735138213e-05,0.0005179295382261,Upregulated
ENSG00000136026,CKAP4,6180.343391443357,1.667780883201958,0.3901076385442882,4.275181304896745,1.90981812876914e-05,0.0005191566441609,Upregulated
ENSG00000102384,CENPI,272.25181425644274,2.643820512883093,0.6189317594710546,4.271586442974794,1.9408726410898777e-05,0.0005270358959616,Upregulated
ENSG00000181135,ZNF707,852.488263186269,1.0443193607947554,0.2445997998315761,4.269502107171967,1.959097987309401e-05,0.0005314183688472,Upregulated
ENSG00000106683,LIMK1,2201.824806429278,1.2593317615403494,0.2950185416922745,4.268652927089318,1.9665698117316264e-05,0.0005323113674241,Upregulated
ENSG00000139211,AMIGO2,1217.9886169706642,-1.8505224493955532,0.4334910523140969,-4.268882689773976,1.964545486268403e-05,0.0005323113674241,Downregulated
ENSG00000253364,COPDA1,21.63594964975738,7.256242266876557,1.7000118049425046,4.268348164277581,1.969257991378562e-05,0.0005324731454182,Upregulated
ENSG00000250056,LINC01018,68.59643726272594,2.5525566304618152,0.5980859770149766,4.267875737868867,1.9734319761743737e-05,0.0005330359052506,Upregulated
ENSG00000245812,LINC02202,149.3255731104113,-2.0381318864143223,0.4775902468723404,-4.267532471112447,1.9764700922657137e-05,0.0005332909927976,Downregulated
ENSG00000150337,FCGR1A,693.13771369134,2.3640673721292047,0.5540714708106895,4.266719180957324,1.9836859844413367e-05,0.0005346715948116,Upregulated
ENSG00000163131,CTSS,8422.983036842334,1.9861171241363127,0.465573402365917,4.265959167863557,1.9904518481971415e-05,0.0005359281080912,Upregulated
ENSG00000183010,PYCR1,1525.6301710880043,1.9291390396863983,0.4526997153147812,4.261409880377297,2.0314126964563045e-05,0.0005463792269423,Upregulated
ENSG00000205959,,73.89567193018094,-1.8736051428081668,0.4397599485270446,-4.260517923662033,2.039537246283561e-05,0.0005477997406978,Downregulated
ENSG00000002726,AOC1,97.46744817184528,4.330170750953905,1.0163865470075395,4.260358191185095,2.0409954612000505e-05,0.0005477997406978,Upregulated
ENSG00000169508,GPR183,683.0754451716871,2.0686992772063637,0.4859591261432265,4.2569408946477045,2.0724311627173515e-05,0.0005550672360207,Upregulated
ENSG00000197182,MIRLET7BHG,375.84080469366376,-1.7877574165057817,0.4199625684152592,-4.256944668311596,2.072396195898677e-05,0.0005550672360207,Downregulated
ENSG00000165807,PPP1R36,30.70413269106492,-2.2716522049225585,0.5338152038567734,-4.255503006489976,2.0857956157114995e-05,0.0005574742930512,Downregulated
ENSG00000188060,RAB42,409.8006317547603,1.6334830407085974,0.3838494679604986,4.255530297821584,2.085541194233824e-05,0.0005574742930512,Upregulated
ENSG00000136634,IL10,61.67189695056484,2.6654193714998624,0.6263892434122437,4.255212552789125,2.088505180868249e-05,0.0005576133696215,Upregulated
ENSG00000128595,CALU,9842.290888072455,1.702126190763536,0.4001328056437706,4.253903121052517,2.1007621832230087e-05,0.0005602985714018,Upregulated
ENSG00000300168,,47.48042813906733,3.5333781741173897,0.8308087448339371,4.252938111314229,2.109839006029659e-05,0.0005621308506546,Upregulated
ENSG00000183242,WT1-AS,11.548521404943394,6.352641581127359,1.4938280561681163,4.252592227664272,2.113101446649963e-05,0.0005624117758372,Upregulated
ENSG00000117394,SLC2A1,4087.120541439149,1.894644553905868,0.4456801889624007,4.25113029663005,2.126943782689164e-05,0.0005655050635582,Upregulated
ENSG00000188263,IL17REL,109.64612025819837,4.272422077195373,1.0051814838570503,4.250398704919803,2.133903246125811e-05,0.0005667638121175,Upregulated
ENSG00000164087,POC1A,308.335094116578,2.15399826186285,0.5068155808587429,4.250063224601616,2.1371018376909707e-05,0.0005670220927898,Upregulated
ENSG00000301889,,14.6107973864463,-4.775988911006062,1.1238728915560252,-4.249581021919308,2.1417073296124255e-05,0.0005676527304116,Downregulated
ENSG00000009765,IYD,954.7818955488503,6.855300098965893,1.6140183668493284,4.247349497235212,2.163143810513253e-05,0.0005727384199332,Upregulated
ENSG00000171793,CTPS1,1150.8619878249108,2.273768887490088,0.5353983380102869,4.246873264381335,2.1677449701988683e-05,0.0005727658935263,Upregulated
ENSG00000224616,RTCA-AS1,219.0465207355677,-1.411762513902684,0.3324162270523217,-4.2469723166687485,2.1667872023771105e-05,0.0005727658935263,Downregulated
ENSG00000279082,LINC01727,16.15674868368561,5.478876930425739,1.290354861162176,4.24602339661131,2.1759791882668836e-05,0.0005743457606667,Upregulated
ENSG00000110448,CD5,733.3694066051943,2.68936913413708,0.6334527722537815,4.245571654171611,2.180368150731664e-05,0.0005749084592886,Upregulated
ENSG00000187800,PEAR1,1129.597614945737,-1.8040939850160065,0.4250638653092283,-4.244289228639917,2.1928736849503896e-05,0.0005776079175736,Downregulated
ENSG00000259969,,31.94544140804426,-2.4637746398833618,0.5805454544746349,-4.2438961857223685,2.196720079773986e-05,0.0005779322179059,Downregulated
ENSG00000222032,,13.56094522451686,5.817670900584905,1.3708959077663767,4.243699953896376,2.1986428453963632e-05,0.0005779322179059,Upregulated
ENSG00000258708,SLC25A21-AS1,95.14680096225489,-1.6402416318179045,0.3867246711578331,-4.241367965760002,2.2216156692366742e-05,0.0005833687908363,Downregulated
ENSG00000285051,SLC7A14-AS1,23.00379967444928,-3.604488234790065,0.8500006923761507,-4.240570939670448,2.2295195647940038e-05,0.0005848413268266,Downregulated
ENSG00000226979,LTA,74.19062529855589,2.890191048065223,0.6816367774266768,4.240074983888496,2.234451327005494e-05,0.0005855319933143,Upregulated
ENSG00000273599,,172.28338686066377,-1.492807566892973,0.3521143829697236,-4.239552938175012,2.239653742166525e-05,0.0005858579083147,Downregulated
ENSG00000124657,OR2B6,13.542037483398904,5.818231197855265,1.3723898528819296,4.23948864503578,2.2402952483160814e-05,0.0005858579083147,Upregulated
ENSG00000100154,TTC28,1008.7517834780356,-1.296590599597992,0.3059092836685964,-4.238480715749183,2.25037508726601e-05,0.0005878902958743,Downregulated
ENSG00000163040,CCDC74A,504.0440464801008,-2.245562386598201,0.5298761768455158,-4.237900258068953,2.256199549448579e-05,0.0005888079787295,Downregulated
ENSG00000176619,LMNB2,3702.3856435088815,1.444412208692038,0.3409035238170624,4.2370116698093945,2.2651436740370215e-05,0.0005899786477315,Upregulated
ENSG00000140525,FANCI,833.5787917168608,2.304026480087692,0.5437879461001939,4.236994395721989,2.265317881046813e-05,0.0005899786477315,Upregulated
ENSG00000087494,PTHLH,360.9215329546036,-2.879966105255211,0.6798560343028277,-4.236141123919759,2.273938908702499e-05,0.000591618977973,Downregulated
ENSG00000234965,SHISA8,89.62574328312914,4.109234056202617,0.9702670688350304,4.235157708832112,2.283913568173565e-05,0.0005936077805607,Upregulated
ENSG00000204065,TCEAL5,61.18758658327276,-3.262849960354874,0.7707768653037357,-4.23319654134806,2.30392990563012e-05,0.0005981997821233,Downregulated
ENSG00000162062,TEDC2,224.30015509563617,2.0099368239293884,0.4752439190538963,4.2292741544820185,2.344465036471945e-05,0.0006081045717309,Upregulated
ENSG00000100385,IL2RB,1661.9317997367143,2.6490921167521253,0.6266098666123294,4.227657842469091,2.36136515471249e-05,0.0006118650239642,Upregulated
ENSG00000224032,EPB41L4A-AS1,1242.4808089993485,-1.6385531242993725,0.3876489550430267,-4.226899371152704,2.369335613135777e-05,0.0006133063760384,Downregulated
ENSG00000152969,JAKMIP1,22.45540351551653,5.125617037896473,1.2128562885795149,4.226071205764653,2.378067690049699e-05,0.0006149417475457,Upregulated
ENSG00000104549,SQLE,2453.7855012430937,2.4530087280283404,0.580518221717503,4.225549924636208,2.383579709419937e-05,0.0006157419754425,Upregulated
ENSG00000139044,B4GALNT3,1260.454799676626,2.3994175099746826,0.5679567145907931,4.224648548619481,2.393139541168188e-05,0.0006175851798692,Upregulated
ENSG00000198932,GPRASP1,730.3896226577208,-2.130005760637572,0.5044290695861735,-4.222607080089572,2.41492604081709e-05,0.0006225767326483,Downregulated
ENSG00000034053,APBA2,640.1633529488679,2.321216088985905,0.549798446702725,4.221940063502911,2.4220852319255485e-05,0.0006237910307621,Upregulated
ENSG00000289965,,19.43028292190237,-6.086710518615011,1.442884805774309,-4.218431363513209,2.460078333374197e-05,0.0006329359114078,Downregulated
ENSG00000111247,RAD51AP1,505.5469405344643,2.708672560784998,0.642315073280092,4.217046545323462,2.475228982386737e-05,0.0006361912957656,Upregulated
ENSG00000137103,TMEM8B,1107.8116518480983,-1.2884441497457502,0.3057517648369018,-4.214020319500197,2.508647016310694e-05,0.000643481854506,Downregulated
ENSG00000232613,LINC02576,69.5003728416064,3.110547622998411,0.7382259357136436,4.213544217992615,2.513943428098553e-05,0.0006441916806549,Upregulated
ENSG00000079337,RAPGEF3,1594.208037401443,-2.0035397097481105,0.4755261800669865,-4.213311051488007,2.516541177525362e-05,0.0006442092495753,Downregulated
ENSG00000115598,IL1RL2,129.67467138618383,-1.2616690004313778,0.2995474284490385,-4.2119173146099085,2.532122374754527e-05,0.0006475470783872,Downregulated
ENSG00000241404,EGFL8,56.20136490126738,-1.8796256485865608,0.4464630195965714,-4.210036590006961,2.553293331161321e-05,0.0006523062631696,Downregulated
ENSG00000132704,FCRL2,176.71521066565103,3.2174865822171923,0.7644129078378307,4.209095044349746,2.563955268138688e-05,0.0006540731774985,Upregulated
ENSG00000067798,NAV3,421.76657649144016,-2.4998186415005432,0.5939260954169696,-4.208972565425888,2.565345311613495e-05,0.0006540731774985,Downregulated
ENSG00000211937,IGHV2-5,1960.418767427504,3.4529071532346385,0.8204845948294794,4.20837536133418,2.572133402481301e-05,0.0006544619498395,Upregulated
ENSG00000235304,LINC01281,12.681482215777033,4.925264224170075,1.1704078504672464,4.20816061871409,2.5745784371999137e-05,0.0006544619498395,Upregulated
ENSG00000122861,PLAU,1903.5269750773425,1.374847584543952,0.326706846678254,4.208199486856556,2.5741357252244324e-05,0.0006544619498395,Upregulated
ENSG00000198400,NTRK1,71.711942368932,-1.8952346751622435,0.4504895468829017,-4.207055831319616,2.5871924003575124e-05,0.0006570127380808,Downregulated
ENSG00000131471,AOC3,4098.932091404366,-2.281198071459728,0.5424237141384369,-4.2055647863462005,2.604309700394477e-05,0.000660700920107,Downregulated
ENSG00000253348,LOC107986474,56.69210029553936,2.7471382875235024,0.6536054542766544,4.203052880829708,2.6333903719997016e-05,0.0006674137926886,Upregulated
ENSG00000159147,DONSON,515.4987507506798,1.4246031501333103,0.3390645642963952,4.201568963980516,2.6507147078257853e-05,0.0006711367228929,Upregulated
ENSG00000177889,UBE2N,1250.984139990515,1.042950247872596,0.2482524704795345,4.20116764944168,2.6554185357384145e-05,0.0006716600349929,Upregulated
ENSG00000169442,CD52,1465.8787576635375,2.744078982685725,0.6535612421049397,4.1986562328081245,2.6850357370607494e-05,0.0006784776315344,Upregulated
ENSG00000116771,AGMAT,102.61783579447749,2.3715039373883453,0.564910934070896,4.198013871494162,2.692661416717604e-05,0.0006793579850271,Upregulated
ENSG00000002822,MAD1L1,43.50981023873089,2.018964946207946,0.480944858705046,4.197913564652819,2.6938540492222625e-05,0.0006793579850271,Upregulated
ENSG00000162739,SLAMF6,609.907337707966,2.679685329577748,0.6384117123857148,4.19742507474352,2.69966930025323e-05,0.0006801511053091,Upregulated
ENSG00000128918,ALDH1A2,185.249127672729,-2.1068776056100345,0.502258563934557,-4.194806732821693,2.7310434965310973e-05,0.0006873755820172,Downregulated
ENSG00000254164,,13.94109821582878,-4.891747080012224,1.166660039924533,-4.192949884808477,2.753502897874013e-05,0.0006923442478948,Downregulated
ENSG00000104894,CD37,1153.3584557339675,2.210511132542309,0.5279065611662689,4.187315133304602,2.822737712829281e-05,0.0007090527838606,Upregulated
ENSG00000130487,KLHDC7B,515.9466641474615,3.120457952567125,0.7460468865659861,4.18265662488108,2.8812239203139885e-05,0.0007230310785647,Upregulated
ENSG00000196878,LAMB3,4401.286659203997,-1.773851185403387,0.4241540216609463,-4.182092105262037,2.888389052609505e-05,0.000724115724006,Downregulated
ENSG00000160877,NACC1,3598.662334799856,1.4173341733560616,0.3389822458218248,4.181145740892394,2.900438739835822e-05,0.0007264215844872,Upregulated
ENSG00000122176,FMOD,4956.224263913712,-1.2784090667989296,0.3059677981022826,-4.178247105506075,2.9376439516111268e-05,0.0007309736305354,Downregulated
ENSG00000042753,AP2S1,3037.9800615311174,1.1225502006003885,0.2686737828151093,4.178115887745114,2.9393388737030404e-05,0.0007309736305354,Upregulated
ENSG00000006118,TMEM132A,4407.372152037006,2.296768839797394,0.5497367497846734,4.177943062196618,2.9415726563495483e-05,0.0007309736305354,Upregulated
ENSG00000157064,NMNAT2,191.62618647057013,-2.4846051489882783,0.5945254600570359,-4.179140030016406,2.9261348121441613e-05,0.0007309736305354,Downregulated
ENSG00000172215,CXCR6,595.7105769906665,2.7720638907171664,0.6634884786936295,4.1780136049614605,2.9406606912172244e-05,0.0007309736305354,Upregulated
ENSG00000093072,ADA2,3494.9178711626187,2.2093987504071264,0.5287676600635001,4.178392358832608,2.935768817367829e-05,0.0007309736305354,Upregulated
ENSG00000290025,,17.473736940233326,4.495337638998279,1.075926358766538,4.178109033551161,2.939427433940193e-05,0.0007309736305354,Upregulated
ENSG00000154721,JAM2,605.0309891186972,-1.994594035316992,0.4773151027039375,-4.178778387731367,2.930790941295513e-05,0.0007309736305354,Downregulated
ENSG00000160255,ITGB2,6591.620956959021,1.9874703284518933,0.4757991958907488,4.177119981741727,2.952233189623449e-05,0.0007329077151354,Upregulated
ENSG00000256039,LINC02446,181.3478135839408,3.420270135650152,0.8188935814800293,4.176696719821051,2.957729562820103e-05,0.0007331980908117,Upregulated
ENSG00000154099,DNAAF1,96.28725184564892,-2.2827212576319624,0.5465548027712607,-4.176564264109682,2.9594515966437583e-05,0.0007331980908117,Downregulated
ENSG00000163029,SMC6,1779.9191017060425,1.233090072351131,0.2952543536346043,4.176365419075775,2.9620385357671277e-05,0.0007331980908117,Upregulated
ENSG00000204434,POTEKP,29.7212293286565,-8.227686094188726,1.9704645534484704,-4.175505760704813,2.9732472931428946e-05,0.0007352580757635,Downregulated
ENSG00000211666,IGLV2-14,3831.998763275737,2.307877668081642,0.552885842635734,4.174239038350952,2.9898370952431032e-05,0.0007372133654688,Upregulated
ENSG00000291242,,44.27350076355565,-2.302149786664682,0.5514937271581589,-4.17438979501659,2.9878580877055777e-05,0.0007372133654688,Downregulated
ENSG00000160326,SLC2A6,419.7495939162173,2.145865853310086,0.5140568043397552,4.174374962444462,2.988052742084958e-05,0.0007372133654688,Upregulated
ENSG00000198075,SULT1C4,268.0338532078932,-1.6278795437327207,0.3902105042606715,-4.17179836513384,3.0220500777169276e-05,0.0007444355660495,Downregulated
ENSG00000254560,BBOX1-AS1,16.22096019594579,4.647554160173375,1.1141077896272376,4.171548034619138,3.0253726269727043e-05,0.0007445339727692,Upregulated
ENSG00000128218,VPREB3,91.4466847596817,4.1658619156959205,0.9987778707788976,4.170959367018384,3.0331994918508054e-05,0.0007457396163796,Upregulated
ENSG00000164318,EGFLAM,778.9917245868339,-1.506097815916768,0.3612274431576022,-4.169389243384986,3.054169920624555e-05,0.0007501712830108,Downregulated
ENSG00000188282,RUFY4,96.91317072051554,3.449375247827424,0.8274722724732624,4.168568981190704,3.0651799862526495e-05,0.0007521502835244,Upregulated
ENSG00000197977,ELOVL2,411.72298489252944,-2.2036148303765253,0.5291373570682596,-4.164542157041948,3.1197798028352486e-05,0.0007648114663909,Downregulated
ENSG00000105967,TFEC,959.1156515747116,2.143773335515518,0.5149599443285725,4.162990459987455,3.141064960811493e-05,0.0007692890924695,Upregulated
ENSG00000181938,GINS3,234.1761698448738,1.268017082413727,0.3046293540131086,4.162491453004106,3.147939282379399e-05,0.0007694929122983,Upregulated
ENSG00000180044,C3orf80,187.71454432907575,2.1128031741928748,0.5075734029217588,4.162556907101293,3.1470367726856644e-05,0.0007694929122983,Upregulated
ENSG00000188822,CNR2,68.50192383686763,3.412793401582048,0.820068255257875,4.1615967691724345,3.160300255514976e-05,0.0007717738044891,Upregulated
ENSG00000177455,CD19,251.65542266962163,4.331629515481239,1.0410111835970297,4.160982690420349,3.168811057365941e-05,0.0007731109812468,Upregulated
ENSG00000244734,HBB,720.7604745477134,-2.5195856553797014,0.6056599751154144,-4.160066306015302,3.1815521611635123e-05,0.0007754766994927,Downregulated
ENSG00000128604,IRF5,817.9818621116432,1.4724694493204595,0.3539822556491282,4.159726725906821,3.1862859186383045e-05,0.0007758880366504,Upregulated
ENSG00000196476,C20orf96,396.271881694009,-1.4451698092281322,0.3481136235575202,-4.15143134721167,3.3040237953293045e-05,0.0008037897811922,Downregulated
ENSG00000254510,,23.048856981755275,-3.718402560843016,0.8957956865128587,-4.150949392620948,3.3109897742526576e-05,0.0008047158448472,Downregulated
ENSG00000135077,HAVCR2,918.834739177523,1.935958846102121,0.4664245341442138,4.15063682199775,3.315515000735891e-05,0.000805047498415,Upregulated
ENSG00000145451,GLRA3,315.81324059319473,-4.646808170010143,1.1198137143153557,-4.149626058876375,3.330188526882959e-05,0.0008064077866915,Downregulated
ENSG00000022267,FHL1,6375.448504326189,-2.5978908258480917,0.6260226877320263,-4.149834944896019,3.3271510233057763e-05,0.0008064077866915,Downregulated
ENSG00000130775,THEMIS2,1130.2045126188473,1.8398981215803856,0.443392030578951,4.149596733116678,3.3306151764730885e-05,0.0008064077866915,Upregulated
ENSG00000121957,GPSM2,587.1715821983172,2.230138206443057,0.5375298687262916,4.148863786355724,3.341295428055939e-05,0.0008072108267736,Upregulated
ENSG00000178038,ALS2CL,884.9565706380993,-1.8365122202140505,0.442655760355928,-4.1488497037457694,3.3415009532585046e-05,0.0008072108267736,Downregulated
ENSG00000150782,IL18,702.492919341537,2.0853515695870803,0.5026497602252843,4.148716928965488,3.343439292710014e-05,0.0008072108267736,Upregulated
ENSG00000168081,PNOC,99.62744590813618,2.773489099514793,0.6687860762888053,4.147049703703914,3.367869703759886e-05,0.0008123391025044,Upregulated
ENSG00000176049,JAKMIP2,37.96796088703461,2.032698229013946,0.4902060750231966,4.146619824974137,3.374196302841089e-05,0.0008130951185398,Upregulated
ENSG00000069702,TGFBR3,3480.412991526912,-2.394750851065356,0.5775791372039493,-4.1461865514365766,3.380584285498226e-05,0.0008138644833263,Downregulated
ENSG00000053747,LAMA3,3156.223922366228,-2.250641011499172,0.5429135848691509,-4.145486637696873,3.390927758860605e-05,0.0008155837671948,Downregulated
ENSG00000142731,PLK4,354.6040427102076,1.971918885227511,0.4757571548051804,4.144801324186075,3.4010845875057784e-05,0.0008172549578147,Upregulated
ENSG00000115165,CYTIP,1111.2162819640398,2.4572960031287048,0.5931160750561658,4.14302715180331,3.427513476141352e-05,0.0008220545739246,Upregulated
ENSG00000121440,PDZRN3,1583.822954028719,-1.1201474400193618,0.2703614407193833,-4.14314791724312,3.4257083294930544e-05,0.0008220545739246,Downregulated
ENSG00000277531,PNMA8C,40.09246765157143,-4.139033422427381,0.9993982246814824,-4.141525690368852,3.450032210011432e-05,0.0008266770500583,Downregulated
ENSG00000300083,,54.68219232442317,-2.7642468997799456,0.6679728075432866,-4.138262618723164,3.4994568181800326e-05,0.0008377318102994,Downregulated
ENSG00000136531,SCN2A,274.4081276644945,-2.956764119726364,0.714818766987499,-4.136382893509108,3.528232835102722e-05,0.0008438274041586,Downregulated
ENSG00000100629,CEP128,508.9760698885556,2.019829538662775,0.4886255994809933,4.133695698318284,3.5697605875025674e-05,0.0008507561906045,Upregulated
ENSG00000234184,LINC01781,31.68195150876922,4.3692353307612,1.0569822593918312,4.133688424699938,3.5698736208584014e-05,0.0008507561906045,Upregulated
ENSG00000120334,CENPL,494.6567964894849,1.6284468875534344,0.3939098876582273,4.13405943484806,3.564112387896713e-05,0.0008507561906045,Upregulated
ENSG00000211648,IGLV1-47,2386.5627053455937,3.8176831237842,0.9235635973262746,4.133644001167249,3.570564044427988e-05,0.0008507561906045,Upregulated
ENSG00000176485,PLAAT3,4315.586112197245,-2.301903839774424,0.5571687998257976,-4.131429901484305,3.6051363320905016e-05,0.0008581909113521,Downregulated
ENSG00000124256,ZBP1,551.5700158591155,2.6978405144894926,0.6531900005470732,4.130253849921067,3.623628928018123e-05,0.0008617876043468,Upregulated
ENSG00000138769,CDKL2,48.93284601416352,-2.9147738601409667,0.7057756806062612,-4.129887073520551,3.62941463355806e-05,0.0008623583967477,Downregulated
ENSG00000114013,CD86,829.4893954722569,1.97807339804056,0.4790580767037204,4.129088923103419,3.642035364410447e-05,0.0008645506315647,Upregulated
ENSG00000271216,LINC01050,8.8651389260259,4.662839408497512,1.1296114637259616,4.127825857146839,3.662092741724937e-05,0.0008685024601906,Upregulated
ENSG00000270550,IGHV3-30,1221.7406157301111,3.644809072301902,0.8834205902233712,4.125791398387397,3.694620439625479e-05,0.0008754016485367,Upregulated
ENSG00000115828,QPCT,496.5505439112621,2.466472344581055,0.5978727181772028,4.125413770510967,3.700688201652157e-05,0.0008760244347981,Upregulated
ENSG00000171889,MIR31HG,24.3612143964545,-3.5296481191655107,0.8557901282852408,-4.124431916780717,3.716509034243911e-05,0.0008789526611998,Downregulated
ENSG00000137142,IGFBPL1,20.716697775798824,4.040654621157778,0.9797430572709892,4.124198269302116,3.720283296195783e-05,0.0008790290894007,Upregulated
ENSG00000122966,CIT,490.27381356768126,2.876540329529928,0.6977492269432505,4.12259909212896,3.746213713881366e-05,0.000884335583932,Upregulated
ENSG00000086570,FAT2,1054.4106510659333,-2.183954305712001,0.5299181338213472,-4.121305096625139,3.767321150298273e-05,0.0008884947872152,Downregulated
ENSG00000089012,SIRPG,208.16397584935623,3.2405361610353856,0.7865119391614867,4.120136007712959,3.786488165161979e-05,0.0008921890846886,Upregulated
ENSG00000267361,SEC24AP1,20.330617432296023,-4.0121155376278415,0.9738943050881836,-4.119662181682596,3.794282794399968e-05,0.0008923746727254,Downregulated
ENSG00000301521,,17.806830735204432,-7.488510661171054,1.8177353854510132,-4.119692404685744,3.793785159367887e-05,0.0008923746727254,Downregulated
ENSG00000082293,COL19A1,131.25689668966535,4.07478441811521,0.9894487534939412,4.118236951359362,3.817820323465445e-05,0.0008970821167803,Upregulated
ENSG00000118705,RPN2,10826.27109473528,1.2831514935893595,0.3117258944020371,4.116281376145357,3.850342087268188e-05,0.0009038899843761,Upregulated
ENSG00000099985,OSM,121.17860024651264,3.0734453179362347,0.7466995295015852,4.116040249801323,3.854370248484891e-05,0.0009040024364563,Upregulated
ENSG00000256139,,38.873740080734976,-2.012431979226169,0.4890235026721055,-4.115205032539145,3.868354003776421e-05,0.0009064475145371,Downregulated
ENSG00000111879,FAM184A,239.4692090965909,-2.2760068850791906,0.5532634059118535,-4.113785334000215,3.892234085147956e-05,0.0009106398134411,Downregulated
ENSG00000182185,RAD51B,470.6113249354,-1.9418876011191164,0.4720518784101275,-4.113716500100373,3.893395456940928e-05,0.0009106398134411,Downregulated
ENSG00000231249,ITPR1-DT,59.838913860606205,-2.031727474988973,0.49397498143017,-4.11301695706665,3.905216881773722e-05,0.0009125667816115,Downregulated
ENSG00000138735,PDE5A,1333.909066954849,-1.3697142822993662,0.3331960557957615,-4.110835823155592,3.942294475002172e-05,0.0009203866413637,Downregulated
ENSG00000139116,KIF21A,939.8411083730566,1.4579905420691468,0.3547518984562401,4.109887920019109,3.958512031519491e-05,0.0009233265563629,Upregulated
ENSG00000294649,LOC107987146,24.796211055380148,-5.736198247605617,1.3959203119802084,-4.10925910195291,3.969305312897852e-05,0.0009245811862911,Downregulated
ENSG00000183682,BMP8A,167.45214572230375,1.729219939651778,0.4208216309010874,4.109151746665382,3.971150790320222e-05,0.0009245811862911,Upregulated
ENSG00000241657,TRBV11-2,45.5607061726596,3.657659236337708,0.8905164750111642,4.107345949205323,4.0023154350863416e-05,0.0009301818782015,Upregulated
ENSG00000272523,LINC01023,36.79898686202198,-1.921468195486708,0.467813881617756,-4.107334713630221,4.002510064421845e-05,0.0009301818782015,Downregulated
ENSG00000169174,PCSK9,165.58606253062928,4.272167461660403,1.04037830828418,4.106359607502944,4.019435693308448e-05,0.0009307186049478,Upregulated
ENSG00000265519,,150.65500566744765,-1.3298096590487951,0.3238397204368596,-4.106382185776602,4.019043018722379e-05,0.0009307186049478,Downregulated
ENSG00000168496,FEN1,1031.030388927522,1.812688055834756,0.4414074156334204,4.106609883827043,4.015084996598756e-05,0.0009307186049478,Upregulated
ENSG00000166451,CENPN,355.08915078623653,1.6923667163010263,0.4120995168662468,4.1066942498996175,4.013619420251828e-05,0.0009307186049478,Upregulated
ENSG00000291112,ZNF204P,187.19528349488544,-2.4641983546123942,0.6002997554909325,-4.104946457286398,4.044085361236406e-05,0.0009347268442473,Downregulated
ENSG00000105737,GRIK5,203.10502341145843,-2.1302840186869325,0.5189552904039303,-4.104947108312201,4.044073972394846e-05,0.0009347268442473,Downregulated
ENSG00000183092,BEGAIN,171.69610684692,-2.017296146222158,0.4916298342952351,-4.103282603086949,4.073291958560189e-05,0.0009397719155478,Downregulated
ENSG00000125966,MMP24,91.43855065550046,-1.5059012889655532,0.3669974727782618,-4.103301522938312,4.072958725227672e-05,0.0009397719155478,Downregulated
ENSG00000112473,SLC39A7,6657.261931825301,1.2782033231195389,0.3116073659574057,4.10196761296798,4.096516232355711e-05,0.0009434210212869,Upregulated
ENSG00000156076,WIF1,576.4107208151615,-3.359706195566455,0.8190071971786912,-4.102169318096277,4.092945742209494e-05,0.0009434210212869,Downregulated
ENSG00000095637,SORBS1,5523.026341448053,-2.4798744678113454,0.6047052502450173,-4.100964009832127,4.114325527772248e-05,0.0009466665358436,Downregulated
ENSG00000189129,PLAC9,1432.9418922903817,-2.211665680027632,0.539462750349005,-4.099756060259576,4.135858454068216e-05,0.0009507621902849,Downregulated
ENSG00000170917,NUDT6,159.60691275134917,-1.0106570611043508,0.2467713688842154,-4.095519936830876,4.212219744703268e-05,0.0009674431841058,Downregulated
ENSG00000111669,TPI1,12051.20349192805,1.1917980449433765,0.2910233581551741,4.09519721199804,4.2180917607536686e-05,0.0009679190561996,Upregulated
ENSG00000009950,MLXIPL,374.2128712283688,-3.6472841950143935,0.8909387863367847,-4.093753971595172,4.244446843761198e-05,0.0009713414695187,Downregulated
ENSG00000109255,NMU,27.240554303412654,4.031144176779891,0.9846974005288652,4.093789802445734,4.243790647940508e-05,0.0009713414695187,Upregulated
ENSG00000233251,LOC100129434,101.6250113672939,-2.1535111372982296,0.526006480463862,-4.094077197298297,4.238530862684715e-05,0.0009713414695187,Downregulated
ENSG00000105792,CFAP69,353.90632337620013,-1.885852634522423,0.460819479085191,-4.092389146105926,4.269513650138303e-05,0.0009755938633511,Downregulated
ENSG00000198929,NOS1AP,183.1594009715518,-2.381450635928351,0.5819309157029136,-4.092325345959321,4.2706888525636646e-05,0.0009755938633511,Downregulated
ENSG00000174749,FAM241A,1795.7941005467112,-1.8395142964291384,0.4496173930496021,-4.091288114884386,4.289837812315735e-05,0.0009790901336693,Downregulated
ENSG00000131650,KREMEN2,135.9342530927196,3.181252452459167,0.7779724675639144,4.089158145172807,4.329416161017321e-05,0.0009872386664035,Upregulated
ENSG00000153446,C16orf89,577.538232359251,-2.8363669547605097,0.6938405945644158,-4.087923043103502,4.352524802325608e-05,0.0009916203867623,Downregulated
ENSG00000186409,CCDC30,211.635927034618,-1.294979105224421,0.3168005515226237,-4.087679453209357,4.357096137850002e-05,0.0009917747607433,Downregulated
ENSG00000248727,LINC01948,228.73525782452296,-1.9780439379498012,0.4840081270899589,-4.086799016873031,4.373656875295531e-05,0.0009946554845593,Downregulated
ENSG00000185862,EVI2B,1143.163866302072,2.136513781804417,0.5228306886712462,4.086435299416497,4.380515701838129e-05,0.0009953266319493,Upregulated
ENSG00000124440,HIF3A,143.79875530304594,-3.3863676177975024,0.8288573373811285,-4.085585618988578,4.3965783868488765e-05,0.0009980859901196,Downregulated
ENSG00000123219,CENPK,179.43152707843424,1.930662646582847,0.4727532551044792,4.083869599493646,4.429189188668788e-05,0.0010045937473248,Upregulated
ENSG00000267221,C17orf113,209.12524151617228,-1.6286312175491222,0.3989001670025308,-4.082804050414923,4.449553934777461e-05,0.0010083148422839,Downregulated
ENSG00000184575,XPOT,3792.402741825923,1.1125671521337424,0.2726054744344223,4.081235545404942,4.479692809136093e-05,0.00101424227148,Upregulated
ENSG00000150961,SEC24D,2837.8900641175514,1.2389086451014104,0.303608533972209,4.080612059524039,4.4917268053970646e-05,0.0010160637074624,Upregulated
ENSG00000249346,LINC01016,35.32560923706302,-4.165765762360471,1.0212967936244524,-4.078898306903225,4.524962363516473e-05,0.0010226736145619,Downregulated
ENSG00000184785,SMIM10,272.90603958260635,-1.6958195755631251,0.4158392793758051,-4.078064915148547,4.5412088551402e-05,0.0010254355562879,Downregulated
ENSG00000168679,SLC16A4,504.8144679662393,-1.7527792577342949,0.429916376429899,-4.077023704678759,4.5615843911931374e-05,0.00102912414551,Downregulated
ENSG00000211670,IGLV3-9,293.0884081430762,2.6708774685300765,0.6551989908130115,4.07643709160157,4.573102023868635e-05,0.0010308095721235,Upregulated
ENSG00000183155,RABIF,881.173379243873,1.1060187757512066,0.2714348103498565,4.074712356626778,4.6071256368196806e-05,0.0010375605401895,Upregulated
ENSG00000305531,LOC102723791,81.13704710275327,-4.348099752331625,1.0677104399541804,-4.072358562419057,4.653946117320408e-05,0.0010462547356952,Downregulated
ENSG00000105366,SIGLEC8,201.5078369850588,2.125975894333188,0.5220471630129953,4.0723828131985575,4.65346144096271e-05,0.0010462547356952,Upregulated
ENSG00000166278,C2,389.6601140431361,2.1727769991030823,0.5337641378487752,4.070668756166358,4.687836731416862e-05,0.0010529443508458,Upregulated
ENSG00000113810,SMC4,1946.9553602801911,2.003866848508416,0.4923146835552556,4.070296733864345,4.695329346190143e-05,0.0010536980949498,Upregulated
ENSG00000198604,BAZ1A,2381.172254327355,1.0768199541440666,0.2645775935965255,4.069958984456528,4.702141529933348e-05,0.001054297948142,Upregulated
ENSG00000269954,BLK-AS1,23.848300882481404,4.542408926045724,1.1166312725792555,4.067957827791641,4.74269619417939e-05,0.0010624557147048,Upregulated
ENSG00000233766,CAVIN2-AS1,13.332813482374585,-4.261885018990317,1.0478100998318076,-4.067421205115723,4.753627439310245e-05,0.0010639687566491,Downregulated
ENSG00000273802,H2BC8,681.847284295185,2.489917843374542,0.6122017021893768,4.067152761042663,4.759104725606533e-05,0.001064259494872,Upregulated
ENSG00000102362,SYTL4,257.9687333927074,-1.642175938941487,0.4038006194025883,-4.0667989597713845,4.766332766025834e-05,0.0010649408937144,Downregulated
ENSG00000293352,RPLP0P2,26.26296881154382,1.915146188797863,0.4710792777799814,4.065443502043272,4.794120746585638e-05,0.0010702107759533,Upregulated
ENSG00000257042,,12.827039343609885,-5.488133889009088,1.3500562935868377,-4.065114851194968,4.800881453428716e-05,0.00107078153678,Downregulated
ENSG00000250584,LINC01511,230.0832339925456,4.861567090923511,1.196245778544376,4.064020269178459,4.823463444464363e-05,0.0010739373898072,Upregulated
ENSG00000165449,SLC16A9,176.97213785714763,-1.9964237132456408,0.4912393211372879,-4.064055191314163,4.822741423867713e-05,0.0010739373898072,Downregulated
ENSG00000055163,CYFIP2,2018.027369313365,2.717319538497797,0.6686759570177914,4.063731483058987,4.829438071422596e-05,0.0010743285337747,Upregulated
ENSG00000092067,CEBPE,14.282098602156095,2.943393670399389,0.7244770970798842,4.062783602495079,4.849097892058944e-05,0.001077760666742,Upregulated
ENSG00000301017,,18.19529897766463,-2.5979184742398265,0.639625153387031,-4.061626501839354,4.873199955957516e-05,0.0010821732875169,Downregulated
ENSG00000291230,NAPSB,10.460552501849657,4.573202290224778,1.1263052617554787,4.060357742710805,4.8997583538241645e-05,0.0010871232145492,Upregulated
ENSG00000136011,STAB2,182.72159257988292,-3.0113662302477358,0.7417085832145853,-4.060039614475528,4.9064390807369e-05,0.0010876580489595,Downregulated
ENSG00000187808,SOWAHD,105.22040924509092,1.9935024330253772,0.4912183638738511,4.05828157014367,4.943514187382456e-05,0.0010949239118853,Upregulated
ENSG00000204311,PJVK,171.1969514602627,-1.28795233284178,0.3174074973520338,-4.057724986292066,4.955307133500039e-05,0.0010965823457635,Downregulated
ENSG00000131080,EDA2R,346.0158379165379,-1.7804915058953714,0.438985037187268,-4.0559275489287945,4.993573772561771e-05,0.0011040912982718,Downregulated
ENSG00000174697,LEP,2288.2111272875645,-4.375932392583725,1.079609153538123,-4.053256104992077,5.0509655124353976e-05,0.0011148452562152,Downregulated
ENSG00000204851,PNMA8B,215.74806650027324,-1.8858859136510824,0.4654330153748224,-4.051895442209532,5.080436963164765e-05,0.0011203793063962,Downregulated
ENSG00000243701,DUBR,370.1052961129044,-1.676529634825813,0.4138489996480253,-4.051066056101829,5.0984810303439634e-05,0.0011233859024558,Downregulated
ENSG00000242371,IGKV1-39,1536.780596283184,2.9999225396514624,0.741427503704657,4.046144126919876,5.206818233915584e-05,0.00114626505822,Upregulated
ENSG00000064601,CTSA,2109.445183139104,1.0794141462722642,0.2668745420232763,4.044650111954551,5.2401324334312224e-05,0.0011516083969967,Upregulated
ENSG00000163191,S100A11,14916.166145144432,1.2736426109645955,0.3148822551864589,4.0448218023921445,5.236293757704033e-05,0.0011516083969967,Upregulated
ENSG00000272734,ADIRF-AS1,355.31339617662445,-1.2239246467911344,0.3027067278244901,-4.043268729397941,5.271114739987848e-05,0.0011574186512261,Downregulated
ENSG00000065485,PDIA5,1392.4335913069067,1.31828527072862,0.326163397969209,4.041794017773481,5.304381809733522e-05,0.0011637201470777,Upregulated
ENSG00000095627,TDRD1,346.610338726582,4.615162403121932,1.143102735339535,4.037399492138468,5.404698798430799e-05,0.0011847081161345,Upregulated
ENSG00000180596,H2BC4,501.7561335000134,2.933958639164436,0.7272972540474072,4.034057083038557,5.482199086783207e-05,0.0011996313826413,Upregulated
ENSG00000165698,SPACA9,302.77541409493847,-1.1576947050678137,0.2870619681111262,-4.032908687575261,5.509069037194811e-05,0.0012034433743258,Downregulated
ENSG00000177398,UMODL1,23.687417172134147,3.341684881490261,0.8289437973514957,4.031256271133291,5.547950982615567e-05,0.001210898538802,Upregulated
ENSG00000121281,ADCY7,1095.1077954848972,2.0306937614510185,0.5037839582014505,4.030882143807753,5.5567903527881146e-05,0.0012117894441426,Upregulated
ENSG00000134202,GSTM3,1691.9809358890222,-2.1323398771401303,0.5294292847739159,-4.027619813382087,5.63443564647532e-05,0.0012276707472315,Downregulated
ENSG00000180347,ITPRID1,200.99703326562104,-3.344485428597555,0.8306735072056004,-4.026233411305555,5.6677430039430166e-05,0.0012338724961831,Downregulated
ENSG00000072163,LIMS2,1429.593260034086,-1.7545525615137376,0.435930886821502,-4.024841126323227,5.7013793247236605e-05,0.0012401352073444,Downregulated
ENSG00000211673,IGLV3-1,3235.8936767806617,3.6697887727348015,0.9123371916417372,4.022404004084357,5.760713564035177e-05,0.0012519721432554,Upregulated
ENSG00000151914,DST,18905.24942003989,-1.6943251709298983,0.4213515464983398,-4.021167561886649,5.791039177886007e-05,0.0012564187299824,Downregulated
ENSG00000152056,AP1S3,328.5436938407304,2.4431145359739284,0.6078374541841334,4.019355041642154,5.835767369945831e-05,0.0012645699715487,Upregulated
ENSG00000300395,,44.52803688125684,-5.163014693166524,1.284573859047656,-4.019243157411148,5.8385390700847886e-05,0.0012645699715487,Downregulated
ENSG00000270607,LEISA1,26.18192196718672,-2.5977305780371864,0.6463573314245927,-4.019031659023196,5.843781910864689e-05,0.0012646301533698,Downregulated
ENSG00000211789,TRAV12-2,44.296432007145896,3.930808447743276,0.9783298918667735,4.017876260780309,5.872501916044987e-05,0.0012697665221017,Upregulated
ENSG00000261054,SYNM-AS2,36.258586555689625,-3.00674467623098,0.7485543938833236,-4.016735057331903,5.901000258233742e-05,0.0012746887526343,Downregulated
ENSG00000156966,B3GNT7,560.0366456532248,2.3334725374215903,0.5809623248228065,4.01656430670147,5.905275521607077e-05,0.0012746887526343,Upregulated
ENSG00000186193,SAPCD2,535.3738883067866,2.1985056566390497,0.5475144025108963,4.015429816196107,5.933755529994167e-05,0.0012797517959735,Upregulated
ENSG00000248491,,24.665529902092736,-5.608150950139906,1.3967685105311431,-4.01508976459336,5.942317417705823e-05,0.0012805141027612,Downregulated
ENSG00000196684,HSH2D,827.6331318450569,2.4263253364492527,0.6045298987295723,4.013573756315789,5.9806303143150776e-05,0.0012876807669984,Upregulated
ENSG00000135424,ITGA7,1583.311411952532,-2.0210875149131797,0.5037581684221635,-4.012019341033199,6.020156643563699e-05,0.0012950963671301,Downregulated
ENSG00000152580,IGSF10,846.0864250628861,-2.762722564937912,0.6889678185988233,-4.009944282385428,6.073307737658379e-05,0.0013054280285729,Downregulated
ENSG00000008300,CELSR3,305.7312936419611,2.0560219675684164,0.5128343711351396,4.009134495056345,6.094170124123783e-05,0.0013088078181412,Upregulated
ENSG00000116793,PHTF1,775.5742603328674,1.1080287532567843,0.2764106089280344,4.008633234281063,6.107117984416584e-05,0.001310483590405,Upregulated
ENSG00000104371,DKK4,19.906812855165025,-4.402036241434274,1.0983364109867058,-4.007912509683298,6.125780379536569e-05,0.0013133817512388,Downregulated
ENSG00000233999,IGKV3OR2-268,25.74773849436933,3.4648477322314686,0.8646244011596622,4.007344377031578,6.140529612797292e-05,0.0013154367516195,Upregulated
ENSG00000305936,,17.194646195148497,-3.9220011397450607,0.978993425022982,-4.006156772353187,6.17146956549709e-05,0.0013209537924603,Downregulated
ENSG00000188488,SERPINA5,102.7435888997458,-2.796125267387988,0.6981440664511979,-4.005083480263947,6.199558316620207e-05,0.0013247395124381,Downregulated
ENSG00000302007,,11.490048677397064,-5.373831736486316,1.342473134950336,-4.00293428343735,6.256168429710456e-05,0.0013357155580314,Downregulated
ENSG00000211780,TRAV6,11.686558085565114,5.727736033605173,1.431167955238276,4.002141057337718,6.277185471575932e-05,0.0013390803278602,Upregulated
ENSG00000248869,LINC02511,27.985884649089957,-3.508431750574913,0.8767754153573142,-4.001517023769553,6.293766603272639e-05,0.0013414939677988,Downregulated
ENSG00000203446,SUGCT-AS1,17.69796563350118,4.560808770236803,1.1399131604308144,4.001014225077556,6.307156568571545e-05,0.001343223954499,Upregulated
ENSG00000101825,MXRA5,7592.974944894458,1.413726647550858,0.3534354763326491,3.999956830084244,6.335403954308384e-05,0.0013481125657492,Upregulated
ENSG00000308499,CCEPR,13.670424510656426,-4.237641585008308,1.060099388738943,-3.997400272109634,6.404195780295253e-05,0.0013616132781293,Downregulated
ENSG00000183722,LHFPL6,4859.908882173794,-1.7365662299771107,0.4347190269380291,-3.994686504082244,6.477991107370908e-05,0.0013761543911246,Downregulated
ENSG00000160161,CILP2,277.7434102385575,2.157809079436959,0.5403034939976306,3.993698177799351,6.50506598038722e-05,0.0013807544632203,Upregulated
ENSG00000149554,CHEK1,317.9641789615873,2.141921126014372,0.5363539306876757,3.993484532253076,6.510932791427893e-05,0.0013808490352244,Upregulated
ENSG00000124772,CPNE5,681.2089072307436,2.081731679514077,0.5215147816310776,3.991702158476316,6.560073183101172e-05,0.001390113344815,Upregulated
ENSG00000144908,ALDH1L1,244.91522638912423,-3.5221699290235677,0.8827366364981136,-3.990057490982016,6.605728183538139e-05,0.0013986242939559,Downregulated
ENSG00000291132,MTMR9LP,63.87787502169599,-1.4359281454638415,0.3599609657546684,-3.989121827288626,6.63183568442433e-05,0.00140290014629,Downregulated
ENSG00000163564,PYHIN1,243.67162998824148,2.539502661442422,0.6366360682682101,3.9889393454417794,6.636938778530718e-05,0.00140290014629,Upregulated
ENSG00000180198,RCC1,1688.020017817547,1.0559706169134784,0.2647525758478511,3.9885187652350806,6.648714435209742e-05,0.0014042239252008,Upregulated
ENSG00000273409,LINC02712,13.73696358562169,-4.588211583925769,1.1505943497621651,-3.987688262917492,6.672025430773093e-05,0.0014079797824956,Downregulated
ENSG00000184216,IRAK1,5266.924576542031,1.061589764062773,0.2665190423084632,3.983166661818154,6.80030306327374e-05,0.001432675924935,Upregulated
ENSG00000133134,BEX2,322.6058185467108,-1.6998680723721171,0.4267487943764533,-3.9832990620533337,6.796513934006981e-05,0.001432675924935,Downregulated
ENSG00000143851,PTPN7,903.34033669967,2.58702891932905,0.649676214815614,3.982028063107221,6.832970943683473e-05,0.0014383686190624,Upregulated
ENSG00000150627,WDR17,91.20739812077056,-2.4881827373249203,0.624942579004249,-3.981458170588186,6.849377609262895e-05,0.0014403123035459,Downregulated
ENSG00000211794,TRAV12-3,24.2402559627793,3.755118913571997,0.9431856550086082,3.981314700484631,6.853513846718461e-05,0.0014403123035459,Upregulated
ENSG00000106571,GLI3,1707.1198071542024,-1.5626165328777517,0.3925325397195839,-3.980858590714666,6.866679178920036e-05,0.0014418894094498,Downregulated
ENSG00000029559,IBSP,24.17499648063519,8.146778619993823,2.0479789124827694,3.9779602076651583,6.950900047370994e-05,0.0014583721178466,Upregulated
ENSG00000107731,UNC5B,2055.235581975971,1.53485461170537,0.3858636175893288,3.977712698839884,6.958137242265517e-05,0.0014586890016275,Upregulated
ENSG00000157734,SNX22,549.1907691872873,3.4292307584446005,0.8623076693435121,3.9768065162348902,6.984695034142527e-05,0.0014630523619625,Upregulated
ENSG00000173267,SNCG,2278.197792268473,-2.903589840307789,0.730375134991995,-3.975477396748471,7.02382151337613e-05,0.0014700390942251,Downregulated
ENSG00000119771,KLHL29,675.83889107723,-1.8226233525834437,0.4585037937688627,-3.975154354998095,7.033362456249118e-05,0.0014708273819632,Downregulated
ENSG00000105063,PPP6R1,3960.008582577207,1.156086957075108,0.2908727501263538,3.974545420885625,7.051380493367734e-05,0.0014733856648611,Upregulated
ENSG00000136160,EDNRB,1160.0784494598358,-1.7756145245147934,0.4473175113933639,-3.969472420124743,7.203194333435047e-05,0.0015026417925219,Downregulated
ENSG00000148737,TCF7L2,1087.719773368317,-1.173694770191901,0.2958025293031797,-3.967832097165521,7.25294025789076e-05,0.0015117810254397,Downregulated
ENSG00000300012,,10.590427902867074,-5.2250922455289,1.3172012187575723,-3.966814007701404,7.283979008521813e-05,0.0015150852203918,Downregulated
ENSG00000261616,TTC23-AS1,169.36320242674762,-2.5161713074240883,0.6342978041097258,-3.966861135449905,7.282539444013924e-05,0.0015150852203918,Downregulated
ENSG00000163993,S100P,1622.9393044924543,5.745945491196077,1.4485356530620417,3.966727003957267,7.286637332574432e-05,0.0015150852203918,Upregulated
ENSG00000167513,CDT1,283.8647025022885,2.1102201196657373,0.5321378963133842,3.96555128714794,7.322650445204934e-05,0.0015213313987749,Upregulated
ENSG00000169918,OTUD7A,176.71183318365885,-1.34846239798825,0.3401777299075805,-3.963993758070525,7.370618039445502e-05,0.0015300489982291,Downregulated
ENSG00000182168,UNC5C,316.5843489032157,-1.4729573237347324,0.3716446764996708,-3.963348372450148,7.390581086775124e-05,0.0015329437366551,Downregulated
ENSG00000089723,OTUB2,82.90517622131964,1.2673702196488574,0.3197940654237245,3.963082360423424,7.398824235331839e-05,0.0015334048177228,Upregulated
ENSG00000091490,SEL1L3,3065.505387533191,2.1118922400157074,0.53295195848934,3.962631540002023,7.412814062511043e-05,0.0015350551787497,Upregulated
ENSG00000135047,CTSL,5199.488869076217,1.3545543944427578,0.3418893569636295,3.961967130163858,7.433477591847357e-05,0.001538083734703,Upregulated
ENSG00000237638,LINC02245,131.13643392318903,1.407366127219703,0.3552584308051126,3.961527736386796,7.447172903875201e-05,0.0015396667291769,Upregulated
ENSG00000120471,TP53AIP1,86.26332202019611,-3.859962952206526,0.9744237023451,-3.961277771586358,7.454974615054911e-05,0.0015400296708845,Downregulated
ENSG00000188910,GJB3,290.588019642124,2.20694908307927,0.5572333120936577,3.960547647065893,7.477806990621543e-05,0.0015434945045228,Upregulated
ENSG00000273079,GRIN2B,26.753635447396373,-2.377313988471308,0.6005431597121844,-3.958606388274669,7.538835917432427e-05,0.0015548314951653,Downregulated
ENSG00000302379,,60.01418344374464,-2.256562996026092,0.5701263872003772,-3.958004833116061,7.557842885144879e-05,0.0015574904217437,Downregulated
ENSG00000158966,CACHD1,1448.4383825345262,-1.6925240279719431,0.4278836380856615,-3.955570807858521,7.635212890172769e-05,0.0015721625507323,Downregulated
ENSG00000180481,GLIPR1L2,86.28232068342626,-2.452910849039549,0.6202776369274607,-3.954536973459207,7.668301322118745e-05,0.001577700347138,Downregulated
ENSG00000164430,CGAS,1086.2368147372542,2.5200180268205314,0.6377388252992571,3.9514891156862224,7.766640517763664e-05,0.0015966432657623,Upregulated
ENSG00000203280,KIAA1671-AS1,13.542546200803368,-3.2908576500831592,0.832912369708593,-3.951025065499406,7.781717291162556e-05,0.0015971645537727,Downregulated
ENSG00000211716,TRBV9,40.221561419602,3.018678556870048,0.7640091593104018,3.951102575255408,7.779197112005686e-05,0.0015971645537727,Upregulated
ENSG00000111961,SASH1,3152.9321021189253,-1.2067322187263971,0.3054658585997179,-3.950465116652193,7.799946607248968e-05,0.0015996170695107,Downregulated
ENSG00000160868,CYP3A4,13.023708054295144,-3.0867883806070098,0.7818911980222861,-3.947848995377778,7.885651536316912e-05,0.0016158924399157,Downregulated
ENSG00000196584,XRCC2,676.351997606823,3.530408632422857,0.8943320961212051,3.947536544572807,7.895946829541453e-05,0.0016163636230475,Upregulated
ENSG00000112242,E2F3,1013.2725862140128,1.51769402998164,0.3844799808791826,3.9473941569367534,7.900642733674396e-05,0.0016163636230475,Upregulated
ENSG00000146386,ABRACL,1710.7801443382175,1.7303573650566646,0.4385072162328908,3.946017992410126,7.946164525100644e-05,0.0016243720434898,Upregulated
ENSG00000289963,LOC107985563,51.850602278859895,3.6490682500626894,0.9255520179994003,3.942585807278801,8.060779634684167e-05,0.001646480497795,Upregulated
ENSG00000291089,,133.06879112713457,-2.6662813568985144,0.6766890880601971,-3.940186717864329,8.141821349293958e-05,0.0016617013749027,Downregulated
ENSG00000276855,,193.68706081490004,-1.547351800395037,0.3929136566042778,-3.9381471587622863,8.211323118092609e-05,0.0016745445247472,Downregulated
ENSG00000131015,ULBP2,121.84992773489031,3.0631351743393576,0.77792057719544,3.9375937134643935,8.230279300950181e-05,0.001677067552596,Upregulated
ENSG00000136274,NACAD,164.35010370591678,-1.4488487511921788,0.36797986229659,-3.937304455058505,8.240203207656459e-05,0.0016777475291943,Downregulated
ENSG00000187840,EIF4EBP1,2004.5623083236271,1.5891175637469392,0.403730937446914,3.936080731875768,8.282312091235168e-05,0.0016847254437552,Upregulated
ENSG00000115091,ACTR3,7984.912330423817,1.1405111003572517,0.2897964380202132,3.935559415943205,8.300312517244162e-05,0.0016859430632115,Upregulated
ENSG00000287059,,98.37288003752222,-2.414291263294804,0.6134996564016639,-3.9352772867963024,8.310069517624266e-05,0.0016865799257642,Downregulated
ENSG00000253706,,22.754815110442834,-3.627229065439527,0.9223742382969056,-3.932491731487354,8.406987237804317e-05,0.0017048914962907,Downregulated
ENSG00000167984,NLRC3,553.7812008943215,2.4781694925955886,0.6304006314688957,3.931102490841751,8.455721304798039e-05,0.0017134103210382,Upregulated
ENSG00000156804,FBXO32,5595.438222810999,-1.5909515726827412,0.4047598792277158,-3.930605908170262,8.473205923989192e-05,0.0017155884585844,Downregulated
ENSG00000205078,SYCE1L,214.03711459798456,-1.7121827404959915,0.4356418212129309,-3.930253380469456,8.485639114075383e-05,0.0017167411745402,Downregulated
ENSG00000277075,H2AC8,55.10540650506241,2.8314420436239454,0.7205154285527123,3.9297451954795983,8.503592474749427e-05,0.0017190079676535,Upregulated
ENSG00000170819,BFSP2,13.398296580252238,5.0369319890945725,1.282430419796803,3.92764543895696,8.578154752020909e-05,0.0017327056279835,Upregulated
ENSG00000081479,LRP2,1338.4870122473585,-3.443120526351777,0.8766955358719735,-3.927384577049548,8.58746097191226e-05,0.0017332109224689,Downregulated
ENSG00000123989,CHPF,5018.017133842873,1.362447257084209,0.3469274976125097,3.9271815190791055,8.594711644934918e-05,0.0017333008733819,Upregulated
ENSG00000167394,ZNF668,270.73524135459513,1.0363991759969224,0.2639670107741209,3.926245074933924,8.62822454964121e-05,0.0017373083597147,Upregulated
ENSG00000126709,IFI6,5877.439849020082,2.133231952870388,0.5433136458323145,3.9263360477582734,8.624963461645716e-05,0.0017373083597147,Upregulated
ENSG00000079263,SP140,510.3827496428284,2.781221168789314,0.7085483937594509,3.925238125278324,8.664398410555654e-05,0.0017432139961711,Upregulated
ENSG00000113407,TARS1,3673.133676320085,1.325252662056997,0.3376420168314332,3.9250229414386704,8.672147278338114e-05,0.0017433959220722,Upregulated
ENSG00000115415,STAT1,15181.774760671738,2.2074024046855243,0.5624966235752639,3.924294497369844,8.698427508897663e-05,0.0017473000558291,Upregulated
ENSG00000057252,SOAT1,1826.9517601246223,1.2438200060657645,0.3169773006838896,3.924003401449187,8.708950465700354e-05,0.0017479756494285,Upregulated
ENSG00000280693,SH3PXD2A-AS1,17.6368563564744,2.61985087907165,0.6676783283074237,3.923821948381968,8.715515978070101e-05,0.0017479756494285,Upregulated
ENSG00000176402,GJC3,123.36132182112183,-2.189475534209478,0.5583108909509071,-3.921606348177078,8.796061075995284e-05,0.0017627417125623,Downregulated
ENSG00000147168,IL2RG,574.1314167747454,2.6086118032336207,0.665426485842996,3.920210359419191,8.8471709174749e-05,0.0017715903336399,Upregulated
ENSG00000146232,NFKBIE,1120.4156403259954,1.3482723661057303,0.3440156528598184,3.919218078879488,8.883670671158383e-05,0.0017775017727028,Upregulated
ENSG00000111711,GOLT1B,1940.0867132535943,1.0023082394303588,0.2557832351136712,3.918584574102086,8.90704767532071e-05,0.0017807803087762,Upregulated
ENSG00000163507,CIP2A,428.1560514621048,2.03475444959722,0.5194819626436175,3.916891434001784,8.969811893975211e-05,0.0017905178585536,Upregulated
ENSG00000164742,ADCY1,627.6932001529452,-2.210228495350776,0.564272019794216,-3.916955684169528,8.967422551802447e-05,0.0017905178585536,Downregulated
ENSG00000285219,HULC,72.4820202208661,-1.4202642489341664,0.3627851123544235,-3.914891214021585,9.044497787735743e-05,0.0018040125540439,Downregulated
ENSG00000184113,CLDN5,3314.1502491472183,-2.1126066028103425,0.5397541124187177,-3.914016686864026,9.077335833454196e-05,0.0018091457043342,Downregulated
ENSG00000172183,ISG20,1288.4357355213976,2.1458273119650824,0.5483385991296087,3.913325298221221,9.10337679911861e-05,0.0018129172044593,Upregulated
ENSG00000155307,SAMSN1,791.011161166956,2.2502178999442157,0.5753401717129414,3.911108611179914,9.18734431836154e-05,0.0018282097432264,Upregulated
ENSG00000230314,ELOVL2-AS1,18.500457750049662,-7.542919332002551,1.928904264483932,-3.910468482488746,9.211728016122695e-05,0.001831630946906,Downregulated
ENSG00000188385,JAKMIP3,87.1466806699525,-2.214158533843149,0.5663377210631341,-3.90960808629648,9.244598416006094e-05,0.0018367329661005,Downregulated
ENSG00000116678,LEPR,2820.0261877592875,-2.742043498022696,0.7016318169221426,-3.90809457594334,9.30268924488642e-05,0.0018442225478234,Downregulated
ENSG00000198691,ABCA4,65.95786352852889,-2.3086035701113,0.5907024160233789,-3.9082345145172543,9.297303759963344e-05,0.0018442225478234,Downregulated
ENSG00000103647,CORO2B,220.9474643326274,-2.097787484813556,0.5367848568070596,-3.908060106784232,9.30401623003868e-05,0.0018442225478234,Downregulated
ENSG00000288922,,1241.8879781268909,3.964057322515991,1.014611425523801,3.906970908069082,9.346040125642569e-05,0.0018489216756225,Upregulated
ENSG00000186603,HPDL,87.38644928678488,2.300849474745666,0.5889457004889002,3.906725989909879,9.355514309188636e-05,0.0018489216756225,Upregulated
ENSG00000231881,,41.5630355083048,3.247689738119454,0.831314117533048,3.906693835246152,9.356758823279289e-05,0.0018489216756225,Upregulated
ENSG00000167105,TMEM92,33.146317899429114,2.945113877609031,0.7538253530114729,3.90689151783438,9.349110189794472e-05,0.0018489216756225,Upregulated
ENSG00000135439,AGAP2,508.7774614677783,1.682400794597704,0.4306736513802097,3.9064400369189,9.366587322243428e-05,0.0018494290363167,Upregulated
ENSG00000119927,GPAM,3279.4448980710367,-2.665030701969302,0.6823769650844241,-3.905510939454972,9.402650442189676e-05,0.0018536757694505,Downregulated
ENSG00000211647,IGLV5-48,48.29113635000568,4.64059129524476,1.188171752253245,3.905656977995277,9.396973252267812e-05,0.0018536757694505,Upregulated
ENSG00000142515,KLK3,25.73750721368478,-6.483501890291576,1.6603339857012926,-3.904938371512688,9.424940051685088e-05,0.001856633008944,Downregulated
ENSG00000170627,GTSF1,21.28267783496517,2.886116159109573,0.7391503431622165,3.904640220773294,9.436566567759604e-05,0.0018574867623447,Upregulated
ENSG00000211734,TRBV5-1,57.379186585649926,2.9805849898572743,0.7635666216928277,3.9035035125675286,9.48101736314027e-05,0.0018647953147223,Upregulated
ENSG00000281769,LINC-ADAIN,59.28530802478672,-4.573908580386045,1.172027187150688,-3.902561843727928,9.517990846077944e-05,0.0018706230311763,Downregulated
ENSG00000114268,PFKFB4,451.7000948457268,1.5745153062622128,0.4035354332448252,3.9018018655798015,9.547929704299948e-05,0.0018736156972128,Upregulated
ENSG00000064012,CASP8,1177.7637662074071,1.1263364517375554,0.288658244359125,3.901972224068056,9.541210816959776e-05,0.0018736156972128,Upregulated
ENSG00000235314,LINC00957,171.887948624249,-1.6292674812448966,0.4176392644464795,-3.901135788571641,9.574242487744968e-05,0.0018773327975777,Downregulated
ENSG00000184831,APOO,434.50919509050993,1.7876570295367815,0.4584995960254884,3.898928254317162,9.661939539749162e-05,0.001891769760242,Upregulated
ENSG00000164778,EN2,160.17927832959683,2.8302962692643714,0.7259201398620896,3.8989085904161183,9.662724110066028e-05,0.001891769760242,Upregulated
ENSG00000104814,MAP4K1,521.5129158216288,2.2044898123931014,0.5657197885982409,3.8967875206477376,9.747706801881518e-05,0.0019068897511188,Upregulated
ENSG00000157168,NRG1,547.919226761931,-2.94793303862237,0.756538235537218,-3.896608129170156,9.754926566322111e-05,0.0019068897511188,Downregulated
ENSG00000132554,RGS22,42.46870339110336,-2.0547592075615504,0.5274323537838348,-3.895777710298906,9.788413316534306e-05,0.0019109365875982,Downregulated
ENSG00000151014,NOCT,263.0130119924535,1.444372838998983,0.3707586324713705,3.895722749248504,9.790633453007936e-05,0.0019109365875982,Upregulated
ENSG00000100065,CARD10,1042.3382686852713,-1.001293566572263,0.2570393529150088,-3.8954874232948495,9.80014475677874e-05,0.0019113283851448,Downregulated
ENSG00000187391,MAGI2,404.45594890287566,-1.3238167007318755,0.339858008794815,-3.895205251823604,9.81156094395285e-05,0.0019120908095135,Downregulated
ENSG00000116824,CD2,1546.02301983472,2.481523873907065,0.6372794868671444,3.8939333919348265,9.86317428953185e-05,0.0019206797578644,Upregulated
ENSG00000259887,FIGNL2-DT,14.910941814488712,-2.62342422525732,0.6738190072520417,-3.893366315022973,9.886269364128475e-05,0.0019237063939932,Downregulated
ENSG00000197451,HNRNPAB,3148.1535381565927,1.2199985909619222,0.3133951922566823,3.8928439909272696,9.907586972097376e-05,0.0019263828073762,Upregulated
ENSG00000176749,CDK5R1,315.00849800556136,2.2930637039713337,0.5890907100345867,3.8925477263708728,9.919697694242144e-05,0.0019272663613275,Upregulated
ENSG00000114805,PLCH1,691.4409615214553,2.132175060858928,0.5478279883521078,3.892052078742108,9.939990064394652e-05,0.0019282672271911,Upregulated
ENSG00000280339,,198.38310535936037,-2.5774826507492885,0.6622252098930137,-3.892154228265783,9.93580474500396e-05,0.0019282672271911,Downregulated
ENSG00000250538,NPY2R-AS1,101.51415058567731,-4.141006976830483,1.06407323096943,-3.891656002902917,9.956234017035053e-05,0.0019299485285228,Downregulated
ENSG00000231826,LINC01819,281.4378260939793,-2.307339255955819,0.5930213723413326,-3.890819730233527,9.990613772863312e-05,0.0019351401019665,Downregulated
ENSG00000119943,PYROXD2,494.3987806067262,-1.551910620005228,0.3989711170320356,-3.889781875815878,0.000100334365484,0.0019389278116005,Downregulated
ENSG00000290549,,56.09704203851653,-3.92216773586156,1.0083708938960363,-3.889608238004079,0.000100406178929,0.0019389278116005,Downregulated
ENSG00000290596,FAR2P2,78.36489001631256,-3.100767403429749,0.7971835072356265,-3.8896532295082262,0.0001003875666043,0.0019389278116005,Downregulated
ENSG00000134343,ANO3,40.103423068038495,-3.5073512423815014,0.902098170833275,-3.887992854637688,0.0001010766014911,0.0019503955428654,Downregulated
ENSG00000274370,,24.840854884776924,-1.885598451161536,0.4850074734957891,-3.887771950338631,0.0001011686097864,0.001950693156602,Downregulated
ENSG00000160957,RECQL4,891.685521593303,2.0146591547836947,0.5183239187981485,3.88687282550097,0.0001015439183844,0.0019564486725948,Upregulated
ENSG00000160213,CSTB,8956.601151947898,1.9351745915303595,0.4981435646273575,3.8847728424997134,0.000102425609246,0.0019719445904053,Upregulated
ENSG00000217275,RPS10P1,11.287424308505212,4.334987420872594,1.1162996958837106,3.883354476273356,0.0001030252020683,0.0019804942806668,Upregulated
ENSG00000295782,,83.50944570884326,-3.451886005995322,0.8888616064214249,-3.883490951862221,0.0001029673653574,0.0019804942806668,Downregulated
ENSG00000012822,CALCOCO1,4308.069188022721,-1.158053516300473,0.2982464601024333,-3.882874304368064,0.0001032289369509,0.0019814199344964,Downregulated
ENSG00000241769,EOLA1-DT,41.01406126802369,-2.208466377285152,0.5687572291331205,-3.882968451497693,0.0001031889607825,0.0019814199344964,Downregulated
ENSG00000136002,ARHGEF4,125.4276152052476,3.1949684313628497,0.8228957853854013,3.882591803367293,0.0001033489785188,0.001982230295071,Upregulated
ENSG00000126895,AVPR2,208.2435240679828,-2.336252472992381,0.6017744157100535,-3.8822728451088415,0.0001034846700088,0.0019833393753163,Downregulated
ENSG00000160991,ORAI2,2312.8963920572087,1.0817175168519115,0.2786669289874371,3.881757770046253,0.0001037041487332,0.0019845592579905,Upregulated
ENSG00000124731,TREM1,99.11970743674324,3.265795648142048,0.8413064872303844,3.881814413309924,0.0001036799909802,0.0019845592579905,Upregulated
ENSG00000030110,BAK1,1224.088038513095,1.4853374718277734,0.3827664949135702,3.880531581436267,0.0001042284092639,0.0019930944537259,Upregulated
ENSG00000118898,PPL,4541.704534882562,-1.6375198769343926,0.4221765344616573,-3.878756262525326,0.000104991885993,0.0020044590991696,Downregulated
ENSG00000231123,SPATA20P1,12.908530311104997,4.712329951199846,1.214956029833944,3.878601229580228,0.0001050588079538,0.0020044590991696,Upregulated
ENSG00000126246,IGFLR1,46.386964450687366,2.0527684756937035,0.5292445072389698,3.878676958600568,0.0001050261135225,0.0020044590991696,Upregulated
ENSG00000229246,LINC00377,11.699092501497727,-5.431754212641343,1.4006043730088606,-3.8781502595001394,0.0001052537039051,0.0020066744701862,Downregulated
ENSG00000289252,,34.90516589997233,-4.209379426262376,1.0861887759054756,-3.8753663448172952,0.0001064644043674,0.002023697644509,Downregulated
ENSG00000116990,MYCL,543.4764116440748,2.273089164849366,0.5865427711397471,3.875402232700589,0.0001064487137649,0.002023697644509,Upregulated
ENSG00000225778,PROSER2-AS1,19.39833220984629,-2.3006641635614224,0.5936498145472532,-3.875456720753839,0.0001064248951222,0.002023697644509,Downregulated
ENSG00000103653,CSK,4028.079135765589,1.25634222423828,0.3243473195350496,3.87344722330137,0.000107306652722,0.0020381862427175,Upregulated
ENSG00000043039,BARX2,955.7798533838068,-2.2771490726656425,0.588288059285289,-3.87080620917608,0.0001084760030526,0.0020573285731605,Downregulated
ENSG00000241288,LINC02614,74.83058613076831,-1.4088439159397423,0.364101556977573,-3.86937075368376,0.0001091166062276,0.0020664008009104,Downregulated
ENSG00000276846,,37.54384820075653,-1.5285415898680512,0.3950611849594054,-3.869126221613284,0.0001092260891415,0.0020669373822615,Downregulated
ENSG00000196081,ZNF724,89.0051502932444,1.9521507345867424,0.5046255460895455,3.8685134942421926,0.0001095008773609,0.0020690629430726,Upregulated
ENSG00000211593,IGKJ5,60.27359102544395,2.633165943776107,0.680642082325841,3.868649929458141,0.0001094396342358,0.0020690629430726,Upregulated
ENSG00000120907,ADRA1A,74.09453777618641,-2.39453910211,0.6190144161751858,-3.86830910482758,0.0001095926843133,0.0020692626109312,Downregulated
ENSG00000253177,LOC101926956,30.59184080136565,-3.282166884357119,0.848732266252809,-3.867140457435456,0.00011011900964,0.0020776602181791,Downregulated
ENSG00000232629,HLA-DQB2,535.618523684423,2.6008919963259607,0.6726678870250589,3.866532127508964,0.0001103939268677,0.00208130548575,Upregulated
ENSG00000183569,SERHL2,3026.4689886769443,4.07547512738318,1.0544552914676124,3.865005145652833,0.0001110868576607,0.0020928205262399,Upregulated
ENSG00000143493,INTS7,959.635083971297,1.1557520759796585,0.2991477746414188,3.863482111357942,0.0001117820827991,0.0021043617376038,Upregulated
ENSG00000240771,ARHGEF25,288.04614029013,-1.478878193069258,0.3828234010638622,-3.863082008465185,0.0001119653988336,0.0021062560367009,Downregulated
ENSG00000187720,THSD4,2214.3125332867944,-2.5525101468811537,0.6608314362640982,-3.862573731829935,0.0001121986860438,0.0021090868872488,Downregulated
ENSG00000198870,STKLD1,75.53113574370519,-1.3774747381163588,0.3570736907997012,-3.857676366554395,0.0001144700771857,0.0021454505783644,Downregulated
ENSG00000173175,ADCY5,737.2481338197227,-2.36772288552826,0.6137515767462263,-3.8577870513679593,0.0001144182661273,0.0021454505783644,Downregulated
ENSG00000204866,IGFL2,15.661005023940584,3.79759812825434,0.9845771429739202,3.8570854049929246,0.0001147470782794,0.0021490609050417,Upregulated
ENSG00000171621,SPSB1,1541.2015018831073,1.1302207485997908,0.2932004578976869,3.854771430794232,0.0001158378020843,0.0021678946780974,Upregulated
ENSG00000076641,PAG1,1117.4446405895856,1.9477617469461024,0.505345786435119,3.854314806276067,0.0001160541903132,0.0021703496927081,Upregulated
ENSG00000143452,HORMAD1,133.85236862402934,4.569908051482014,1.1858680752361823,3.8536394957523856,0.0001163749098004,0.0021715643425109,Upregulated
ENSG00000188820,CALHM6,511.2860413487835,2.6060389118230765,0.6763649611202044,3.853006973493897,0.0001166760661589,0.002175590103319,Upregulated
ENSG00000301450,,33.2181273978412,2.319344252566361,0.602287996586922,3.8508890525956776,0.0001176898094049,0.0021928874435647,Upregulated
ENSG00000258748,KIF26A-DT,12.383920905996876,-3.651334999507964,0.9484348168418012,-3.849853394950816,0.0001181885455424,0.0021989630704978,Downregulated
ENSG00000115956,PLEK,2181.7448925240665,2.11607888459292,0.549632548267515,3.84998830812143,0.0001181234634101,0.0021989630704978,Upregulated
ENSG00000226415,TPI1P1,113.86508786204868,1.2092493537435658,0.314174918544487,3.848968464273944,0.0001186162752344,0.0022053103259107,Upregulated
ENSG00000285492,LOC112267968,9.091631556001332,5.216146483221336,1.3567914553971885,3.8444717959211774,0.0001208123782374,0.0022412647242343,Upregulated
ENSG00000287626,DTNBP1-AS1,24.463779765372923,4.12718545310238,1.0735595133593947,3.844393721767268,0.0001208508448776,0.0022412647242343,Upregulated
ENSG00000137558,PI15,7784.080982009673,-3.405919561329545,0.8859563498971589,-3.844342400982736,0.0001208761365923,0.0022412647242343,Downregulated
ENSG00000183876,ARSI,187.34403448267065,1.969490596385,0.5123678383205923,3.8438997319591226,0.0001210944983263,0.0022415682898764,Upregulated
ENSG00000110031,LPXN,1246.9722801798673,1.7724735551655957,0.4611097373117302,3.8439300056839314,0.0001210795529296,0.0022415682898764,Upregulated
ENSG00000293405,CYP2T1P,47.19916819021819,-2.609029346790439,0.6790420979156764,-3.8422203200639102,0.0001219263127033,0.0022553268778996,Downregulated
ENSG00000170145,SIK2,2817.6259936521105,-1.149705689337028,0.2992452737837948,-3.842017869821704,0.000122026949556,0.002255550386169,Downregulated
ENSG00000182866,LCK,1258.7725009083747,2.4357377122065214,0.6340887395782833,3.841319929173431,0.0001223744925242,0.0022603340820047,Upregulated
ENSG00000267409,,9.22628673049852,4.459845169097732,1.161400006380595,3.840059535556972,0.0001230044771222,0.0022703239396968,Upregulated
ENSG00000141506,PIK3R5,618.1009789551176,1.829168181431697,0.476363346553351,3.839859205512649,0.0001231048895712,0.0022705319639901,Upregulated
ENSG00000104972,LILRB1,815.7023775651965,2.0075664621280795,0.5229238236491632,3.839118378884538,0.000123476889542,0.0022747922526064,Upregulated
ENSG00000101160,CTSZ,6821.692104061868,1.1336034778613715,0.2952827823402075,3.8390436072066674,0.0001235144943408,0.0022747922526064,Upregulated
ENSG00000180592,SKIDA1,75.86162431512041,-1.3939142329235283,0.3631218457931983,-3.8386956033413018,0.0001236896574617,0.0022750688545984,Downregulated
ENSG00000038427,VCAN,10092.926659858638,1.8966943777328125,0.494103392537126,3.8386588847197567,0.0001237081529433,0.0022750688545984,Upregulated
ENSG00000074410,CA12,3285.04072582982,-2.545524002712669,0.6633063190069715,-3.83762965883326,0.00012422764475,0.0022829742708727,Downregulated
ENSG00000123136,DDX39A,2440.3569662489167,1.317010746205201,0.3432306922675284,3.8371007484921176,0.0001244954063851,0.0022845983400832,Upregulated
ENSG00000186517,ARHGAP30,2845.35679761572,1.993501012044247,0.519532753227831,3.837103627555192,0.0001244939473837,0.0022845983400832,Upregulated
ENSG00000173391,OLR1,415.9008272986529,1.8134360470747937,0.472918009331101,3.834567538757367,0.0001257854073584,0.0023066091510642,Upregulated
ENSG00000101335,MYL9,14154.20787864155,-1.501709233925259,0.3916955397351035,-3.833868608615858,0.0001261435390899,0.0023115122907617,Downregulated
ENSG00000188039,NWD1,69.24394256510027,-2.2999524513335983,0.6000955760121377,-3.832643570908576,0.0001267735679082,0.0023213871662046,Downregulated
ENSG00000122188,LAX1,906.6480967953382,2.777552817562748,0.7247804730074328,3.832267729340805,0.000126967454526,0.0023232672659724,Upregulated
ENSG00000234456,MAGI2-AS3,1251.997585900669,-1.584536459134132,0.4136239799871702,-3.8308621738596513,0.000127695022862,0.0023349030346867,Downregulated
ENSG00000211810,TRAV29DV5,21.002255084503258,2.934290712214594,0.7663403851200412,3.828965260332666,0.0001286831682297,0.0023512833414481,Upregulated
ENSG00000184916,JAG2,2783.360772534252,-1.216248260441584,0.3176775678074013,-3.8285619876659336,0.00012889416894,0.0023534504495146,Downregulated
ENSG00000175445,LPL,4484.489796040041,-3.3477061065455995,0.8746454693821958,-3.827500654534055,0.0001294510400084,0.0023619251003258,Downregulated
ENSG00000103942,HOMER2,1342.5979703843582,-1.511286097656436,0.3948804843782633,-3.827198753658201,0.0001296098581584,0.002363130062387,Downregulated
ENSG00000030582,GRN,11373.7927060469,1.0322197462785687,0.2697387351877674,3.8267390316041623,0.000129852052549,0.0023658523823149,Upregulated
ENSG00000133121,STARD13,1030.8379195924856,-1.0850818988871207,0.2836229654535666,-3.825789978437995,0.0001303533898988,0.0023732889164503,Downregulated
ENSG00000155926,SLA,1394.9169147036328,2.159389808169642,0.5644890580310782,3.825388247030921,0.0001305661535035,0.0023754646399198,Upregulated
ENSG00000116852,KIF21B,979.742239448678,1.8928612268581293,0.4949595352740368,3.8242746971429433,0.0001311576199904,0.0023837128645695,Upregulated
ENSG00000158201,ABHD3,1160.0179550095054,1.0351935662146807,0.2706966929186513,3.824182538224703,0.0001312066835274,0.0023837128645695,Upregulated
ENSG00000103187,COTL1,5616.7413223574495,1.648393234936124,0.4310823013681922,3.823848090502358,0.0001313848820116,0.0023852489876823,Upregulated
ENSG00000247626,MARS2,524.6707065539988,1.2464610274730228,0.3260771516514834,3.8225954230772383,0.0001320543497743,0.0023956954010693,Upregulated
ENSG00000105251,SHD,16.29161600759856,4.535177942002031,1.1866140089320647,3.821948761656391,0.0001324012041553,0.0023977406107493,Upregulated
ENSG00000144485,HES6,529.1912891879888,2.9473974990802296,0.7711947528290117,3.821858860253063,0.0001324494931225,0.0023977406107493,Upregulated
ENSG00000187609,EXD3,750.2861607944355,-1.1114811453759064,0.2908002435417876,-3.82214654237794,0.0001322950280834,0.0023977406107493,Downregulated
ENSG00000167286,CD3D,1070.1313685476855,2.397233469030552,0.6273047848691025,3.8214812430145497,0.0001326525049217,0.0023980070637768,Upregulated
ENSG00000186523,FAM86B1,39.65700284087932,-2.5360308591511824,0.6635978113636272,-3.821638371500793,0.0001325679950701,0.0023980070637768,Downregulated
ENSG00000197153,H3C12,9.820838206366856,4.555805304073553,1.1925166977405102,3.820328312975027,0.0001332741503379,0.0024075360874171,Upregulated
ENSG00000309896,LOC124904254,68.92391914467026,4.494231387514088,1.1764934100630646,3.8200225764742526,0.0001334394594929,0.0024088139424133,Upregulated
ENSG00000258636,LRFN5-DT,31.7540745647318,-2.90663862142615,0.7611003253072048,-3.818995373905453,0.00013399627533,0.0024171523576006,Downregulated
ENSG00000135114,OASL,517.8007243923344,2.5330085050946964,0.6638277324189831,3.815761802937085,0.0001357634239266,0.0024472966531032,Upregulated
ENSG00000157110,RBPMS,2018.18846065828,-1.7373552226875677,0.4554387164912813,-3.814684961507498,0.0001363567756128,0.0024562541949335,Downregulated
ENSG00000096996,IL12RB1,477.1257760231477,2.4244967199328222,0.6357453017397728,3.813629000950497,0.0001369409934542,0.0024650346602636,Upregulated
ENSG00000119938,PPP1R3C,612.8621659454288,-2.190114526393739,0.5743851043148097,-3.812972359383085,0.000137305473367,0.0024695079052163,Downregulated
ENSG00000177469,CAVIN1,15383.493663958172,-1.1823150973105625,0.3100884182190685,-3.812832172516971,0.0001373834047226,0.0024695079052163,Downregulated
ENSG00000145632,PLK2,4970.080282715839,-1.2429786413894517,0.3260188021457996,-3.812598025661036,0.0001375136623518,0.0024701061310034,Downregulated
ENSG00000079931,MOXD1,387.0029808739398,2.3429542490381707,0.6150254960871417,3.8095237741269217,0.0001392347184772,0.0024992582905802,Upregulated
ENSG00000258910,LINC01956,159.66180131809847,4.186944175257981,1.099729576719052,3.807248858168721,0.0001405213232402,0.0025205764959518,Upregulated
ENSG00000131095,GFAP,106.47593683957342,-2.8482860055348644,0.748268713476515,-3.806501533789252,0.0001409464188871,0.0025264224035714,Downregulated
ENSG00000163141,BNIPL,740.2555137497078,-1.9746272488974608,0.5188358383498712,-3.80588059448178,0.0001413005447087,0.0025309888707998,Downregulated
ENSG00000220008,LINGO3,181.80128540137784,2.1447876713784253,0.5636249155070278,3.805345740347567,0.0001416062471946,0.0025346821660531,Upregulated
ENSG00000168309,FAM107A,860.5312887061558,-1.9339469744127076,0.5083159255336434,-3.804616139819738,0.0001420242639056,0.0025350385605749,Downregulated
ENSG00000258479,LINC00640,12.781281584843915,-2.6655959695895053,0.7005962008677686,-3.804753674495893,0.0001419453761213,0.0025350385605749,Downregulated
ENSG00000224272,LOC124905349,16.32931605187735,6.843448158338642,1.7984979557917506,3.805090873915372,0.0001417521382858,0.0025350385605749,Upregulated
ENSG00000099260,PALMD,2064.5738326821947,-1.8857186105647217,0.4956270796364569,-3.804712631819671,0.0001419689132508,0.0025350385605749,Downregulated
ENSG00000124493,GRM4,88.07773815980012,3.78927166332836,0.9963602159142606,3.803114177788926,0.0001428884582439,0.0025415586033045,Upregulated
ENSG00000065717,TLE2,2307.382337607617,-1.5836580577290282,0.4163888164007264,-3.803315543914463,0.00014277231003,0.0025415586033045,Downregulated
ENSG00000142185,TRPM2,764.5314289663938,1.6318129385189135,0.4290527864561249,3.8032917860697375,0.0001427860089545,0.0025415586033045,Upregulated
ENSG00000088992,TESC,485.6058295562208,-2.4176804879038154,0.6356461762633641,-3.803500403504528,0.0001426657610908,0.0025415586033045,Downregulated
ENSG00000110318,CEP126,411.4299026361825,-2.406211035920963,0.6327325811968884,-3.802887835125119,0.0001430191191795,0.0025421074561221,Downregulated
ENSG00000205231,TTLL10-AS1,10.905755332759604,-4.047065192043617,1.0644899521293891,-3.8018820036280574,0.0001436011182175,0.0025506723027332,Downregulated
ENSG00000163568,AIM2,301.92649702854743,2.999510335732148,0.7892498662281963,3.8004571987661215,0.0001444293640751,0.0025618108164048,Upregulated
ENSG00000270505,IGHV1OR15-1,392.72226619945815,3.462764158318516,0.9113079549835876,3.799773873784389,0.0001448281782992,0.0025670970977459,Upregulated
ENSG00000145979,TBC1D7,559.2863389567485,1.2248170834370262,0.3224494138021488,3.7984782449893344,0.0001455872049355,0.0025787563956282,Upregulated
ENSG00000286721,,8.694041001080471,-5.0336518935310135,1.325626621114879,-3.79718678951816,0.0001463475132882,0.0025904221757917,Downregulated
ENSG00000006634,DBF4,487.90359302309423,1.5217703894544858,0.4009095106170209,3.795795183587441,0.000147170966563,0.0026008437587595,Upregulated
ENSG00000141295,SCRN2,1751.4881349335603,-1.2627475733313354,0.3326957584087671,-3.79550247160007,0.000147344727097,0.0026008437587595,Downregulated
ENSG00000140470,ADAMTS17,206.34411146437373,2.32979215935721,0.6139344253148237,3.794855058278415,0.0001477297328011,0.0026040304665594,Upregulated
ENSG00000304693,,40.523907129802254,-2.8440854717620843,0.7494404455330032,-3.794945267117745,0.0001476760303993,0.0026040304665594,Downregulated
ENSG00000174950,CD164L2,130.08728674118012,-2.230317860850988,0.5878189354425971,-3.794225953561149,0.0001481047579347,0.0026088356081307,Downregulated
ENSG00000078237,TIGAR,249.8457133869112,1.5772000780233515,0.4157173372454802,3.793924228596745,0.0001482849416494,0.0026102043875277,Upregulated
ENSG00000184903,IMMP2L,398.5967446043394,-1.2140899986335807,0.3200387509423958,-3.793571856715896,0.0001484956318872,0.0026121079004146,Downregulated
ENSG00000254862,LGR4-AS1,10.023023569541303,-2.9369046758658444,0.7743420001267829,-3.79277460784122,0.0001489733637365,0.0026150440553966,Downregulated
ENSG00000187912,CLEC17A,79.53923102190502,3.37251463082131,0.8892335801210028,3.792608271003884,0.000149073219286,0.0026150440553966,Upregulated
ENSG00000078589,P2RY10,497.40737567334986,2.5077393640497743,0.6611712802195675,3.792874008709184,0.0001489137213406,0.0026150440553966,Upregulated
ENSG00000151725,CENPU,221.2441232001441,1.8191602081748612,0.479636763252599,3.792787266427297,0.0001489657670965,0.0026150440553966,Upregulated
ENSG00000111732,AICDA,8.214355601020479,5.835208349692238,1.5397223655201857,3.7897795604994338,0.0001507810324271,0.0026431821589486,Upregulated
ENSG00000163518,FCRL4,13.424528524209778,5.937069526249936,1.566683855225953,3.7895772694955543,0.0001509038671799,0.0026435160941813,Upregulated
ENSG00000188779,SKOR1,17.115889894345635,-2.7814064740814635,0.7339994200705466,-3.789385111249999,0.0001510206363789,0.0026437433877725,Downregulated
ENSG00000189001,SBSN,87.71949233879945,4.896183996704023,1.2925282552052435,3.788067283625104,0.0001518237383667,0.0026541540425108,Upregulated
ENSG00000182492,BGN,8745.263594626089,1.720391878711611,0.4543257164976595,3.7866927101857626,0.0001526657047532,0.0026670426377019,Upregulated
ENSG00000164509,IL31RA,15.391078673674318,3.7835402939201983,0.99960242949224,3.785045116228952,0.0001536806957437,0.0026810965762245,Upregulated
ENSG00000211752,TRBV27,59.1835580334604,2.5882712807004484,0.6837948123976478,3.785157818944213,0.0001536110639766,0.0026810965762245,Upregulated
ENSG00000150995,ITPR1,2898.786661825303,-1.420333154597568,0.3752857971969779,-3.784670683532613,0.0001539122470359,0.0026832983191326,Downregulated
ENSG00000111335,OAS2,2976.487267788258,2.235441886444124,0.5907639798953304,3.7839847426720095,0.0001543372888212,0.0026888680462144,Upregulated
ENSG00000184601,C14orf180,181.98168772872637,-4.356574740828531,1.152040559459732,-3.7816157643543535,0.0001558137334682,0.0027127352051748,Downregulated
ENSG00000172575,RASGRP1,692.3959693090648,1.7641646032201814,0.4665475262537782,3.78131809504133,0.00015600019055,0.0027141262660513,Upregulated
ENSG00000179826,MRGPRX3,40.95289045601284,-3.802465887233908,1.0056915138919824,-3.7809465772645634,0.0001562332001944,0.002716324806931,Downregulated
ENSG00000250303,LINC02762,110.30935025477528,-1.6004152088682038,0.4233714690749103,-3.780167833144728,0.000156722678622,0.0027211202093947,Downregulated
ENSG00000104522,GFUS,3363.9565870528263,1.4719804975820292,0.3893839967963884,3.780279902853168,0.0001566521485789,0.0027211202093947,Upregulated
ENSG00000173083,HPSE,300.42985228528244,1.7138240510673817,0.453478272909544,3.77928591831177,0.0001572787475287,0.0027275133351563,Upregulated
ENSG00000237989,LINC01679,76.61556054154133,2.223496106379748,0.5883441106179027,3.779244265816722,0.0001573050563128,0.0027275133351563,Upregulated
ENSG00000136286,MYO1G,1096.6269162194023,2.1056854198495243,0.5575095646932546,3.7769494071515815,0.000158760965016,0.0027508847210365,Upregulated
ENSG00000006468,ETV1,881.5926432777981,-1.5317969578360278,0.405584037735986,-3.7767683520946336,0.0001588763683925,0.0027510129023303,Downregulated
ENSG00000128655,PDE11A,110.3278583918064,-2.748909572242448,0.7279574987307895,-3.776195144682532,0.0001592422480728,0.0027554750683857,Downregulated
ENSG00000121895,TMEM156,206.05054906878107,2.3541671951949006,0.6234972077723565,3.775746171512005,0.0001595293823481,0.0027585695164895,Upregulated
ENSG00000047648,ARHGAP6,409.6555693027085,-1.5261133747885045,0.4042359175093873,-3.775303748838855,0.0001598128038998,0.002761595609316,Downregulated
ENSG00000303182,,24.26408846761466,-2.0398008886192707,0.5403586563671896,-3.77490184451337,0.0001600706795561,0.0027641764603225,Downregulated
ENSG00000136492,BRIP1,274.86542717820964,2.313735187040284,0.6129558468146976,3.7747175413431497,0.0001601890657254,0.0027643466755376,Upregulated
ENSG00000028277,POU2F2,724.1948608208057,1.9119045863804167,0.506556373760037,3.774317500318559,0.0001604463135351,0.0027669113419464,Upregulated
ENSG00000058335,RASGRF1,148.75442461870057,2.2376264499879936,0.5929067007169048,3.7739942005755696,0.0001606544965729,0.002768626983904,Upregulated
ENSG00000268555,,20.91840484205,-2.8313634912748893,0.75048052553186,-3.772734128268449,0.0001614683258644,0.0027807706072301,Downregulated
ENSG00000185482,STAC3,175.82906634065134,1.5642858214929354,0.4146666384441775,3.772393716943592,0.0001616888482872,0.0027826869288684,Upregulated
ENSG00000168685,IL7R,2624.218649745412,2.4682130907130984,0.654397060683004,3.771736211860407,0.0001621155902858,0.0027881473329991,Upregulated
ENSG00000185130,H2BC13,14.765378559587331,2.9250860580877363,0.7755631564475145,3.771563970993881,0.0001622275552072,0.0027881903229993,Upregulated
ENSG00000304038,,7.621563677379366,-4.769100332342684,1.2645949097205218,-3.771247452986083,0.0001624334970055,0.0027898473379821,Downregulated
ENSG00000119547,ONECUT2,60.67908675684325,3.007335250219565,0.797587657918106,3.770538849697633,0.0001628954404442,0.0027958960670865,Upregulated
ENSG00000136944,LMX1B,1303.0376671463762,-1.389232320566169,0.3687753110285923,-3.767151105347336,0.0001651210666678,0.0028321876694255,Downregulated
ENSG00000130720,FIBCD1,166.90965004601432,4.624153289474633,1.2278667545104784,3.766005775861383,0.000165879955809,0.0028432896059309,Upregulated
ENSG00000189431,RASSF10,385.4548574372937,-2.7989832427443524,0.7434031857715201,-3.765094495579147,0.0001664861079331,0.0028517603598958,Downregulated
ENSG00000163249,CCNYL1,846.7339405834452,1.16604549783289,0.3097189669675455,3.764850145438708,0.0001666489951223,0.0028526320932536,Upregulated
ENSG00000112195,TREML2,45.77273206116429,3.3910799249420727,0.9009236784970558,3.764003550888084,0.0001672145070928,0.0028587375431697,Upregulated
ENSG00000235098,ANKRD65,908.9997590504616,-1.4644188584626927,0.3890612561868667,-3.763980183519816,0.0001672301417032,0.0028587375431697,Downregulated
ENSG00000177363,LRRN4CL,544.9218581820217,-2.3182830555804896,0.6159752201740797,-3.763597917015759,0.0001674861034531,0.0028611928511439,Downregulated
ENSG00000289470,,120.90214920263163,2.154184090817296,0.572464659313894,3.7629992625206095,0.0001678876970459,0.0028661310532551,Upregulated
ENSG00000286389,LOC105373289,52.58155527120919,-1.7776421569988956,0.4727409472571882,-3.760288097133659,0.0001697177866713,0.0028915596951875,Downregulated
ENSG00000144810,COL8A1,1933.9909691489645,1.6853805279805778,0.44818853157349,3.7604276085860175,0.0001696231575713,0.0028915596951875,Upregulated
ENSG00000106809,OGN,3519.9722534479747,-2.7740654123588824,0.737792295832234,-3.7599544316598217,0.0001699443097747,0.0028934836325349,Downregulated
ENSG00000134061,CD180,546.6204233936419,1.9570426640619552,0.5206000113664534,3.759205957228421,0.0001704534786078,0.0028948797678927,Upregulated
ENSG00000144152,FBLN7,812.4068196013187,-1.3107892107311605,0.3486753130381944,-3.759340457199431,0.0001703618759399,0.0028948797678927,Downregulated
ENSG00000244055,,145.3409397143364,-1.2868925337062511,0.3423346153258618,-3.7591656703523335,0.0001704809254383,0.0028948797678927,Downregulated
ENSG00000132432,SEC61G,3025.30910056852,1.1475716552311763,0.3052620119496975,3.759300569047807,0.0001703890373683,0.0028948797678927,Upregulated
ENSG00000184221,OLIG1,25.062308875451187,3.629259355382563,0.9655050729422258,3.758923134730885,0.0001706462491003,0.00289575656951,Upregulated
ENSG00000136573,BLK,209.48448867717528,3.4325057222579685,0.91337035887811,3.758065596166383,0.0001712319976094,0.0029022595522188,Upregulated
ENSG00000139193,CD27,273.55026544758965,2.441687762946758,0.6497257114362879,3.758028534147352,0.000171257355698,0.0029022595522188,Upregulated
ENSG00000185347,TEDC1,484.93685807392063,1.0101109539974684,0.2688542240886511,3.757095345708229,0.0001718970149961,0.0029111628118123,Upregulated
ENSG00000143196,DPT,1393.777430559135,-2.4367940357013307,0.6487842406510211,-3.7559390056332673,0.0001726927523704,0.0029226957446037,Downregulated
ENSG00000173641,HSPB7,803.2901987231899,-3.5286639117281258,0.940252719720655,-3.752888811400063,0.0001748084029679,0.0029565370730383,Downregulated
ENSG00000184384,MAML2,1830.5225167263604,-1.206134646147419,0.3214345459044937,-3.7523491532418913,0.0001751852447301,0.0029607706875826,Downregulated
ENSG00000132646,PCNA,1832.1828673205748,1.3079253528284838,0.3485758180852127,3.752197613744821,0.0001752912016361,0.0029607706875826,Upregulated
ENSG00000168334,XIRP1,120.33067815169709,6.432243776595701,1.714536812165634,3.75159269311408,0.0001757147648486,0.002965958101697,Upregulated
ENSG00000133392,MYH11,8573.64648276838,-2.7426806552717578,0.7314202939951808,-3.749801144141932,0.0001769748541335,0.0029832736662053,Downregulated
ENSG00000246528,SLCO5A1-AS1,13.426945897681836,3.662921678411424,0.9772758212161302,3.7480940374164313,0.0001781834526729,0.002999676617999,Upregulated
ENSG00000171596,NMUR1,88.33835467373638,-1.6748589036831318,0.4468450198281174,-3.748187468503912,0.0001781171050117,0.002999676617999,Downregulated
ENSG00000228590,MIR4432HG,14.347862897443118,4.585116612559879,1.2233783397715856,3.7479138411228994,0.0001783114800284,0.0029998492125524,Upregulated
ENSG00000069424,KCNAB2,1667.346452332582,1.7250620732892297,0.4603051748386996,3.747648663506177,0.0001785000429325,0.0030010393356672,Upregulated
ENSG00000186810,CXCR3,467.43035205051393,2.530227693877343,0.6752221393607298,3.747252269116724,0.0001787822613106,0.0030038014365725,Upregulated
ENSG00000182359,KBTBD3,345.0687814088209,-1.24330329670187,0.3319200018301608,-3.745792027737009,0.0001798255237153,0.0030193381111104,Downregulated
ENSG00000188626,GOLGA8M,109.03994321235184,-2.7222667117957777,0.7269184335697816,-3.744941091158132,0.0001804361081496,0.0030256011261882,Downregulated
ENSG00000166473,PKD1L2,107.27859447803408,-3.345053851669043,0.8932133665004094,-3.744966182912031,0.0001804180758546,0.0030256011261882,Downregulated
ENSG00000275713,H2BC9,91.17398547916709,2.5406887839511434,0.678519185028638,3.744461232653149,0.0001807812867393,0.0030293948385122,Upregulated
ENSG00000184992,BRI3BP,1556.067143475398,1.8959266875460652,0.506404323208942,3.743899095355486,0.0001811864409126,0.0030298252714932,Upregulated
ENSG00000240207,LOC100287290,129.63533068277806,-1.7540757704180516,0.4685530945362426,-3.743600865883031,0.000181401732913,0.0030298252714932,Downregulated
ENSG00000231768,LINC01354,49.46798028268356,-1.7391778442243713,0.4645448446642382,-3.7438319770428343,0.0001812348726958,0.0030298252714932,Downregulated
ENSG00000124813,RUNX2,724.0041846845272,1.0727859040231966,0.2865409632985583,3.743918117932125,0.0001811727166588,0.0030298252714932,Upregulated
ENSG00000027869,SH2D2A,330.34873576737886,2.304815118622276,0.6156568717452487,3.743668306809674,0.0001813530262409,0.0030298252714932,Upregulated
ENSG00000211677,IGLC2,45096.75711025939,2.4004474060389422,0.6412855879240718,3.743180029679936,0.0001817059439593,0.0030329174957978,Upregulated
ENSG00000168394,TAP1,5510.801347880304,2.451650156394464,0.6550053267765921,3.742946898553495,0.0001818746744947,0.003033745798333,Upregulated
ENSG00000263528,IKBKE,708.2827033836959,1.518083472596642,0.4057548213337332,3.741381230188806,0.0001830116618744,0.0030507133767041,Upregulated
ENSG00000306461,,32.63888459830966,-4.374713501346188,1.1694268039967026,-3.740904079156477,0.0001833594950341,0.0030545125559288,Downregulated
ENSG00000150753,CCT5,4040.9395154954927,1.4250853545337685,0.3810250939251662,3.7401351702406687,0.0001839213216179,0.0030618692698894,Upregulated
ENSG00000106034,CPED1,1250.7115212995527,-1.430086456471332,0.3824197902362168,-3.739572305052471,0.0001843336216243,0.0030667287239667,Downregulated
ENSG00000188486,H2AX,2182.5951333590338,1.707064800001254,0.4567585061302533,3.737346490739358,0.0001859725622975,0.0030919759362146,Upregulated
ENSG00000229167,,35.05776997593289,-2.320439781636938,0.6210480578935783,-3.7363288591662656,0.0001867264321927,0.0031024846408232,Downregulated
ENSG00000168280,KIF5C,366.037341752468,-1.516638337233946,0.4060160494634522,-3.735414743427445,0.0001874060648973,0.0031097197908799,Downregulated
ENSG00000167208,SNX20,754.8515675314629,2.2547985609766976,0.6037591429639392,3.734599446242042,0.0001880141883918,0.003117779552427,Upregulated
ENSG00000149428,HYOU1,4383.97632902475,1.071512939797554,0.2870832974984872,3.73241128666916,0.0001896555007822,0.0031429507224616,Upregulated
ENSG00000286722,,18.44461549639048,-3.3399275314270884,0.894992320064563,-3.7317946272278095,0.0001901204763227,0.0031486077063823,Downregulated
ENSG00000112837,TBX18,551.2067848645775,-1.6086770500177685,0.4311474799925359,-3.731152621014086,0.0001906057021602,0.003152544051768,Downregulated
ENSG00000119714,GPR68,599.609352913092,1.6486175947245238,0.4419509410514157,3.7303181000189936,0.0001912381697878,0.0031609522535156,Upregulated
ENSG00000154920,EME1,75.37146396329864,2.4296800803873366,0.6514298356986538,3.729764814627384,0.000191658581039,0.0031658467689013,Upregulated
ENSG00000197461,PDGFA,1293.404218916716,-1.2505841463642673,0.3353845452436775,-3.72880672082144,0.0001923886390098,0.0031758464188076,Downregulated
ENSG00000239672,NME1,669.6945931404977,1.613286712308437,0.432694663551132,3.72846454603384,0.0001926500055596,0.0031781012251351,Upregulated
ENSG00000023892,DEF6,1744.971555380975,1.4043535127028264,0.3767850351963378,3.727200874554468,0.0001936181420325,0.003191268127435,Upregulated
ENSG00000142910,TINAGL1,3814.360672555319,-1.508411954989456,0.4047150857323154,-3.72709594518832,0.0001936987367992,0.003191268127435,Downregulated
ENSG00000187288,CIDEC,1259.6683627195075,-3.833903935008749,1.0287409232221243,-3.726792478518848,0.0001939320027403,0.0031930459223007,Downregulated
ENSG00000140451,PIF1,203.21961156260895,2.1332093657101976,0.5729119505260283,3.7234506345199416,0.0001965183003608,0.0032293662119297,Upregulated
ENSG00000186496,ZNF396,213.16443775966957,-1.3237559728792094,0.3554977046934544,-3.723669535421288,0.0001963479029838,0.0032293662119297,Downregulated
ENSG00000171954,CYP4F22,256.2924335133041,-2.54848133175932,0.6844364988787943,-3.7234737421719903,0.000196500306288,0.0032293662119297,Downregulated
ENSG00000145545,SRD5A1,1753.8929343653244,2.423758782208145,0.6511199003578443,3.722446174469692,0.0001973019777704,0.0032401538851014,Upregulated
ENSG00000164066,INTU,840.2064308402391,-1.7533285335273523,0.4710680993308412,-3.7220277408255416,0.0001976293043401,0.0032434381513203,Downregulated
ENSG00000279205,,8.496550324776354,-4.00149832083176,1.075701529951574,-3.7198964670171097,0.0001993044610202,0.0032667206735176,Downregulated
ENSG00000177283,FZD8,1480.2873383203053,-1.548106052678,0.4161599530585028,-3.719978439300648,0.0001992397858224,0.0032667206735176,Downregulated
ENSG00000135919,SERPINE2,3944.4067681579418,2.0018840665449704,0.5382412048354207,3.719306601873953,0.0001997704398785,0.0032722526521848,Upregulated
ENSG00000164683,HEY1,440.9625548801637,-1.4018481243855243,0.377039733316848,-3.7180381814228354,0.0002007759298889,0.0032844982082225,Downregulated
ENSG00000166123,GPT2,3812.794814058813,2.082473185958404,0.5601564789224897,3.717663303590141,0.000201074008463,0.0032854791599462,Upregulated
ENSG00000087086,FTL,32365.830346334005,1.2352387775223674,0.3322708035028276,3.7175664081838455,0.0002011511210046,0.0032854791599462,Upregulated
ENSG00000172893,DHCR7,3075.6861262059274,2.019024385226846,0.5431169494977173,3.71747629510379,0.0002012228608816,0.0032854791599462,Upregulated
ENSG00000172318,B3GALT1,40.51830373471187,-3.073022921336753,0.827113522837695,-3.715358093522277,0.0002029161203627,0.0033088838039431,Downregulated
ENSG00000129474,AJUBA,1225.3477806513547,-1.0444065073444118,0.281211985864333,-3.7139473416622857,0.0002040512710177,0.0033249334418591,Downregulated
ENSG00000290104,,321.3844682643226,2.613467805238221,0.703715921170873,3.713810824245415,0.000204161434693,0.0033249334418591,Upregulated
ENSG00000171617,ENC1,2636.9232511022383,1.4445757310242116,0.3892096839951997,3.711561634838531,0.0002059844957527,0.0033524799305554,Upregulated
ENSG00000130173,ANGPTL8,33.40162062082812,-3.782985622963795,1.0195408754619484,-3.710479603134837,0.0002068669644274,0.0033582590509449,Downregulated
ENSG00000103222,ABCC1,2623.8223690373698,1.2583686203055937,0.3391151110174093,3.7107418083796095,0.0002066527932409,0.0033582590509449,Upregulated
ENSG00000276668,,8.375106450454577,-4.943091690826836,1.332141636125198,-3.710635233356127,0.0002067398193751,0.0033582590509449,Downregulated
ENSG00000279170,TSTD3P,190.4281881157535,-1.2575432717076176,0.3388922742439873,-3.7107463559415415,0.0002066490805967,0.0033582590509449,Downregulated
ENSG00000167992,VWCE,68.61085703331665,-2.468849973962879,0.6654619874831779,-3.7099789625854314,0.0002072764705159,0.0033627636818551,Downregulated
ENSG00000169900,PYDC1,34.448284564402826,3.311431327651407,0.8928474706272675,3.708843264488357,0.0002082082554325,0.0033757304100073,Upregulated
ENSG00000133317,LGALS12,305.2410359261364,-3.385747001218667,0.9130111378006972,-3.708330447506268,0.0002086302847791,0.0033804211091657,Downregulated
ENSG00000236345,SCAT8,20.290454354267684,6.363441044177839,1.71728244170372,3.7055296727221263,0.0002109494306134,0.0034158251412305,Upregulated
ENSG00000283703,VSIG10L2,32.76107842075448,-2.910073570098984,0.7856358635342523,-3.7040997046745816,0.0002121428124683,0.0034329666940157,Downregulated
ENSG00000198286,CARD11,811.1012181674072,2.0076974605291764,0.5421218529106608,3.703406254054909,0.0002127238126954,0.0034401830051848,Upregulated
ENSG00000125354,SEPTIN6,2525.102669362543,1.1476322835945,0.30990041431222,3.703229265251248,0.0002128723400583,0.0034404006177825,Upregulated
ENSG00000149294,NCAM1,233.8864798006823,-1.8244978191431576,0.4927059378892813,-3.703015691183228,0.0002130516990973,0.0034411159338669,Downregulated
ENSG00000081237,PTPRC,6417.435326356423,2.167961079271715,0.585520019380088,3.702625029912754,0.0002133801428388,0.0034417554228502,Upregulated
ENSG00000275302,CCL4,700.257351645063,2.47425323075617,0.6682679826326086,3.702486569847282,0.0002134966655452,0.0034417554228502,Upregulated
ENSG00000170509,HSD17B13,90.40373095177888,-4.072124484791659,1.0998071649846513,-3.702580429041385,0.0002134176707081,0.0034417554228502,Downregulated
ENSG00000133063,CHIT1,351.4510203457154,3.0262135231789946,0.8177744688989999,3.700547813938601,0.0002151345372168,0.0034637748403605,Upregulated
ENSG00000183671,CMKLR2,47.49356539276497,2.470312187502308,0.6675478688043741,3.700576846911089,0.0002151099232186,0.0034637748403605,Upregulated
ENSG00000163207,IVL,55.0374779696002,9.330149431240716,2.5214732201051917,3.7002770272735535,0.0002153642360938,0.0034652826642749,Upregulated
ENSG00000216490,IFI30,23.085287468233663,1.961571222653102,0.530159506911845,3.699964250531251,0.0002156298403015,0.0034673659484344,Upregulated
ENSG00000009724,MASP2,118.27393743114962,-1.476298713902756,0.399070357815532,-3.699344451399136,0.0002161570711083,0.0034714607554853,Downregulated
ENSG00000136108,CKAP2,1118.797781665413,1.6575837217685494,0.4480717633779056,3.699371076794536,0.0002161343974127,0.0034714607554853,Upregulated
ENSG00000215386,MIR99AHG,730.611358177169,-2.4704755303105563,0.6679047837491955,-3.698843892751999,0.0002165837535246,0.003476121478277,Downregulated
ENSG00000147485,PXDNL,53.42751677250432,2.625178577264814,0.7098878104311959,3.6980189526993614,0.0002172886687245,0.0034820441516826,Upregulated
ENSG00000163519,TRAT1,224.1360038374444,2.9171618448969,0.788818217598798,3.698142081171612,0.0002171833182673,0.0034820441516826,Upregulated
ENSG00000089639,GMIP,1311.694418926785,1.4728978967878763,0.3983031060832839,3.697932238770687,0.0002173628911772,0.0034820441516826,Upregulated
ENSG00000143167,GPA33,13.166429804144038,4.460425744920179,1.206481285959714,3.69705340383466,0.000218116470923,0.0034919199439851,Upregulated
ENSG00000183833,CFAP91,93.76697823141647,-2.651560140573056,0.7174950393275893,-3.695579753496279,0.0002193855982159,0.0035100317664313,Downregulated
ENSG00000226622,,10.582698584026204,-6.737901100982746,1.8237383089701156,-3.694554787735808,0.0002202723968164,0.0035220076706295,Downregulated
ENSG00000261150,EPPK1,1893.9316492312723,1.422984913932601,0.3852704217714866,3.6934704392558015,0.0002212142360151,0.0035348480586831,Upregulated
ENSG00000139304,PTPRQ,44.15402299084903,-3.826511677960855,1.0363011290361426,-3.69247081832273,0.0002220858307481,0.0035451153072898,Downregulated
ENSG00000165490,DDIAS,292.7965325275292,2.4483253180792905,0.6631122710055977,3.692173143420269,0.0002223460033144,0.0035462586414665,Upregulated
ENSG00000111077,TNS2,4038.5396414422494,-1.5872257637309573,0.4299548369643303,-3.6916104373600422,0.000222838599131,0.0035518910879025,Downregulated
ENSG00000167588,GPD1,4694.261768390956,-4.130629966248431,1.1190403455047209,-3.691225238519343,0.0002231763946867,0.0035550506248071,Downregulated
ENSG00000228956,SATB1-AS1,83.47396268002144,2.788783699288325,0.7563880674571637,3.6869747412379184,0.0002269358723721,0.0036081670444385,Upregulated
ENSG00000164741,DLC1,1930.472588974986,-1.0090186513264634,0.2737554120356645,-3.685840012525523,0.0002279495232358,0.0036220226489965,Downregulated
ENSG00000154102,CLMB,168.9396908624855,-1.5492556061731195,0.4203606084477785,-3.685539451219972,0.0002282187250452,0.0036240393675977,Downregulated
ENSG00000238121,LINC00426,122.38261626271816,2.483022091175831,0.6741182911337913,3.683362584628384,0.0002301773903161,0.0036528649898711,Upregulated
ENSG00000103064,SLC7A6,457.62024640372863,1.34481359838032,0.3651771783335025,3.682633193337598,0.0002308371910148,0.0036608647665155,Upregulated
ENSG00000181215,C4orf50,23.40355266296808,2.7056006667345844,0.7347208789744256,3.6824877911612495,0.0002309689325032,0.0036608647665155,Upregulated
ENSG00000110876,SELPLG,1677.6483074904834,1.7807065625793363,0.4837303858944611,3.681196415409483,0.0002321420823245,0.0036771710067708,Upregulated
ENSG00000163873,GRIK3,663.5723126196383,-3.2190759676670924,0.8746420812162572,-3.680449451037983,0.0002328232121815,0.003685368373264,Downregulated
ENSG00000287265,,37.78740022170844,2.0790370962392224,0.5649078738975325,3.680311768173964,0.0002329489647424,0.003685368373264,Upregulated
ENSG00000166960,CCDC178,73.27165373572736,-2.5896366060176,0.7038696893725628,-3.6791420984842103,0.0002340198556027,0.0037000122545359,Downregulated
ENSG00000150551,LYPD1,88.1590853046927,3.355081779482608,0.911969926653756,3.6789390542660056,0.0002342062226209,0.0037006617223186,Upregulated
ENSG00000137101,CD72,245.25111573661636,2.1888931815631603,0.5950895511668551,3.6782584692861184,0.000234831923505,0.0037082479377541,Upregulated
ENSG00000117450,PRDX1,8254.001545795623,1.4171799945903238,0.3853169990194345,3.677958663118428,0.0002351080499291,0.0037103080171899,Upregulated
ENSG00000135298,ADGRB3,36.86525670085253,-2.396470590847383,0.6519497820284343,-3.6758515102055247,0.0002370573852244,0.0037387545876489,Downregulated
ENSG00000186868,MAPT,1618.0470727656848,-2.596971475239821,0.7066492705069302,-3.675050104243124,0.0002378027416899,0.0037458711401267,Downregulated
ENSG00000050344,NFE2L3,1350.2651459773376,2.22603447231294,0.6057115847142373,3.675073299717619,0.0002377811376168,0.0037458711401267,Upregulated
ENSG00000066294,CD84,1874.0086386322887,2.0859611955692348,0.5677908858631543,3.67381944216692,0.0002389516148048,0.003759318456266,Upregulated
ENSG00000307857,,52.15906429681701,4.289893915051674,1.167684129454562,3.673847924143261,0.0002389249669557,0.003759318456266,Upregulated
ENSG00000159556,ISL2,12.99142527927678,4.335881982633636,1.180279958034634,3.6736046843103343,0.0002391526329008,0.003760158464578,Upregulated
ENSG00000259129,LINC00648,8.816122240954218,-5.713383641461816,1.555324599346479,-3.673434885465377,0.0002393116806724,0.0037602300457515,Downregulated
ENSG00000272668,LOC124904434,298.4417546987348,-1.9671410722553155,0.5355264385735717,-3.673284698128056,0.0002394524413728,0.0037602300457515,Downregulated
ENSG00000085741,WNT11,391.8232738465882,-2.0452699107688974,0.556968974325821,-3.672143341995986,0.0002405247003456,0.0037747409996951,Downregulated
ENSG00000261390,MAFTRR,26.35376834351971,-2.065700444306455,0.5626056038466765,-3.6716670260351822,0.0002409735112369,0.0037771300336712,Downregulated
ENSG00000047365,ARAP2,1279.770887445185,1.220251436681223,0.3323345696446,3.671755959622753,0.0002408896535489,0.0037771300336712,Upregulated
ENSG00000162894,FCMR,762.6642342293366,2.4283381120434275,0.6617759547404425,3.669426328727604,0.0002430953800068,0.0038025457880632,Upregulated
ENSG00000125844,RRBP1,10778.12153608282,1.106315620561979,0.3015038858414959,3.6693245842396274,0.0002431921435654,0.0038025457880632,Upregulated
ENSG00000214160,ALG3,1306.5446340940348,1.2487298023465307,0.3403019542540005,3.669475848541504,0.0002430482975177,0.0038025457880632,Upregulated
ENSG00000251546,IGKV1D-39,1176.7506127169686,2.659761381631443,0.7248444930893627,3.6694234514982154,0.0002430981158843,0.0038025457880632,Upregulated
ENSG00000144381,HSPD1,14341.664224859624,1.3215010749864289,0.360294867777522,3.667832081922523,0.000244615739058,0.0038177741970269,Upregulated
ENSG00000287024,LOC105373334,40.14956951925762,-2.037051006328073,0.5553603853588699,-3.667980396210193,0.0002444739232008,0.0038177741970269,Downregulated
ENSG00000132840,BHMT2,504.9767956868416,-2.461036587786372,0.6709268116293334,-3.668114830304351,0.000244345446013,0.0038177741970269,Downregulated
ENSG00000110660,SLC35F2,562.8619098255028,1.2007767520626926,0.3274524035460608,3.667026838279983,0.0002453870485686,0.0038274669406566,Upregulated
ENSG00000279204,,39.68682294015272,-2.2572975688568797,0.6156253718375574,-3.666674039309256,0.0002457256982983,0.0038304034647221,Downregulated
ENSG00000187764,SEMA4D,1789.0298699500624,1.4180963992524036,0.3869451791383814,3.664850929038856,0.0002474826886817,0.0038507217858363,Upregulated
ENSG00000233387,IATPR,20.14655092028473,4.321545589825123,1.1795177164423258,3.663824230516704,0.0002484773309447,0.003861480229709,Upregulated
ENSG00000280734,LINC01232,183.36913879425765,1.6064495514405044,0.4386996549719176,3.661843662820609,0.0002504066617583,0.0038890902936867,Upregulated
ENSG00000149781,FERMT3,1938.5614325157696,1.764308014822464,0.4818309660670816,3.661674195047134,0.0002505723963222,0.0038892928133603,Upregulated
ENSG00000258334,TROAP-AS1,10.471833488810914,-2.960383790671102,0.8090499180711176,-3.659086694834665,0.0002531157082109,0.0039192159293872,Downregulated
ENSG00000130226,DPP6,26.8977223607715,-3.601273976362242,0.9841629816944052,-3.6592251927237007,0.000252978964574,0.0039192159293872,Downregulated
ENSG00000274403,,8.62906725820763,-4.368377865128434,1.1938109831549513,-3.6591871969412417,0.0002530164721937,0.0039192159293872,Downregulated
ENSG00000140968,IRF8,1938.901839575058,1.889182540760857,0.5163723254983377,3.658566595213357,0.0002536298392791,0.0039203456392361,Upregulated
ENSG00000180155,LYNX1,757.8928535336552,-1.5975323309731249,0.4366577366860871,-3.658545805456756,0.0002536504107989,0.0039203456392361,Downregulated
ENSG00000122122,SASH3,1653.6594467160353,2.213489947726902,0.6049764678214224,3.6588033840355614,0.0002533956464746,0.0039203456392361,Upregulated
ENSG00000254109,RBPMS-AS1,51.83885312148729,-2.245234327376508,0.6139901348388882,-3.6567921860269954,0.0002553912654456,0.0039424672255548,Downregulated
ENSG00000301593,,13.179821656171006,-3.76443277605264,1.029564513976979,-3.656335008586761,0.0002558469528013,0.0039464563919628,Downregulated
ENSG00000138207,RBP4,1937.617363981818,-4.002485683599214,1.094723110416897,-3.656162590807981,0.0002560190065253,0.0039464563919628,Downregulated
ENSG00000116701,NCF2,954.374330567768,1.8122222905623016,0.4956753579647899,3.656066942692423,0.0002561144994666,0.0039464563919628,Upregulated
ENSG00000222014,RAB6C,75.07508915195385,-3.056114321956706,0.8361142592189759,-3.6551395796209225,0.0002570420914097,0.0039583549639047,Downregulated
ENSG00000211714,TRBV7-3,27.04005489407681,3.123376494217901,0.8548468839481536,3.653726243689898,0.0002584618371796,0.0039778135678571,Upregulated
ENSG00000113532,ST8SIA4,950.907132399044,1.524177371427042,0.4174596721616364,3.651076913692624,0.0002611430136135,0.0040166507848731,Upregulated
ENSG00000155970,MICU3,270.3763057742526,-1.955175701848704,0.5355543002953482,-3.650751568553293,0.0002614740615435,0.0040193155229791,Downregulated
ENSG00000099869,IGF2-AS,9.309220949755668,-4.489349439096123,1.230065639683045,-3.649682825261999,0.0002625643095341,0.0040312088777244,Downregulated
ENSG00000225472,NFIB-AS1,37.446327931407176,-1.8967650507021043,0.5196871834523092,-3.649820721191919,0.0002624233998422,0.0040312088777244,Downregulated
ENSG00000121207,LRAT,99.83419104401884,-2.7584609163032945,0.7558464764258634,-3.649498942360759,0.0002627523216267,0.004031665291659,Downregulated
ENSG00000185905,C16orf54,663.9984817134804,2.724477976407886,0.7465764791817175,3.649295219418164,0.0002629607666578,0.0040324344897905,Upregulated
ENSG00000159261,CLDN14,30.98151105330249,4.226421005985203,1.1584018773579263,3.648492883682811,0.0002637832082765,0.0040401816584559,Upregulated
ENSG00000116741,RGS2,4604.936518165814,-2.140287329679431,0.5866215113243497,-3.648497861674973,0.0002637780981135,0.0040401816584559,Downregulated
ENSG00000235568,NFAM1,617.6144723340093,1.868434443630572,0.512207099307396,3.647810516794984,0.0002644845717242,0.0040484894990321,Upregulated
ENSG00000261236,BOP1,1928.471554693744,1.3805359610845556,0.3785191948289037,3.647201991192489,0.0002651115125542,0.0040556488506115,Upregulated
ENSG00000236700,LINC01010,47.22492391904489,2.485380132620005,0.6815211052498126,3.646813155858153,0.0002655128440795,0.0040593503310618,Upregulated
ENSG00000110934,BIN2,1102.1988208605403,2.278729373745771,0.6249409759194571,3.6463113502729514,0.0002660316182617,0.0040624048853386,Upregulated
ENSG00000135437,RDH5,141.64618193008863,-2.748828358465509,0.7540837421424101,-3.645256096698061,0.0002671256569975,0.0040766672315059,Downregulated
ENSG00000145649,GZMA,1016.909929819818,2.5243087163562103,0.6925484897666494,3.644955918114503,0.000267437638109,0.0040789844792062,Upregulated
ENSG00000085514,PILRA,287.2505425054672,1.6389382739911724,0.4496661277290144,3.644789262354352,0.0002676109939228,0.0040791858924045,Upregulated
ENSG00000139926,FRMD6,4305.416692313225,-1.225011417490505,0.3361163485786633,-3.6446052763298074,0.0002678024990634,0.0040796635488306,Downregulated
ENSG00000275361,,16.121412729908677,4.641761757399513,1.2738163082891338,3.643980475987056,0.0002684537929569,0.0040871408011986,Upregulated
ENSG00000230910,ADGRB3-DT,31.085346472893946,-3.602792249188377,0.9887820501723724,-3.643666719637871,0.0002687814133163,0.0040896842165958,Downregulated
ENSG00000122756,CNTFR,446.2111622554429,-3.1609032432033617,0.8675826159705217,-3.6433455270048447,0.0002691171867372,0.0040904327451002,Downregulated
ENSG00000158457,TSPAN33,1292.574270366116,1.507910376245083,0.4138844522578073,3.64331244631004,0.00026915179148,0.0040904327451002,Upregulated
ENSG00000233967,,81.34290584722355,-1.799797587595111,0.4942697589159701,-3.641326532989633,0.0002712368548104,0.0041196624501347,Downregulated
ENSG00000227016,LINC02796,7.314514912539087,-5.45608825433163,1.4984704026130848,-3.641105119471905,0.0002714702585352,0.0041207502712466,Downregulated
ENSG00000051825,MPHOSPH9,656.9851193734967,1.269048746217078,0.3486917812956046,3.6394570055588367,0.0002732135478806,0.0041447422740135,Upregulated
ENSG00000280255,,7.92364107012714,-4.889765818333801,1.343685406662349,-3.639070420865661,0.000273623973529,0.0041484977558088,Downregulated
ENSG00000300853,,13.96250247932657,-2.8956799468869394,0.7958924812622997,-3.6382803143137368,0.0002744646045637,0.0041587673663554,Downregulated
ENSG00000187240,DYNC2H1,927.6619709043129,-1.692789341799178,0.4653997717032574,-3.637280129304648,0.0002755322193165,0.0041724620441217,Downregulated
ENSG00000165300,SLITRK5,92.5633708036386,-2.634081786183164,0.7246334736115781,-3.635053971568388,0.0002779224458656,0.0042036595122592,Downregulated
ENSG00000214578,HMGN2P15,44.50110256083455,-2.3293647254952807,0.6407842742556856,-3.635177733100576,0.0002777890545687,0.0042036595122592,Downregulated
ENSG00000088826,SMOX,859.9817763495377,1.7224532493262945,0.4740535942551381,3.6334567867431056,0.0002796493006995,0.0042272684499214,Upregulated
ENSG00000211782,TRAV8-1,13.37686799358885,6.554289682542428,1.80438428437842,3.632424500305528,0.000280770738702,0.0042417031349228,Upregulated
ENSG00000145088,EAF2,296.2359202528923,2.1048577927051846,0.5794977533870496,3.632210444997772,0.0002810038074038,0.0042427077524503,Upregulated
ENSG00000120659,TNFSF11,105.878486566391,4.209545740824265,1.1591703889724445,3.631515936631068,0.0002817612541722,0.0042516237588987,Upregulated
ENSG00000178947,SMIM10L2A,496.7853555274434,-1.819135732766484,0.5010609112261022,-3.63056804474138,0.0002827981345721,0.0042624793634549,Downregulated
ENSG00000154262,ABCA6,1590.2117535967068,-2.024838787333286,0.5577219683864445,-3.630552321959602,0.0002828153635208,0.0042624793634549,Downregulated
ENSG00000102879,CORO1A,5663.73197732656,2.1560019382025937,0.5939124517593448,3.630167934374631,0.0002832368796532,0.0042663078424889,Upregulated
ENSG00000215912,TTC34,59.2722902475787,-2.195718647984094,0.6048869299020968,-3.629965435588895,0.000283459174751,0.0042671327660077,Downregulated
ENSG00000100079,LGALS2,81.29299842439583,2.260714845835507,0.6228901585199712,3.629395672596782,0.0002840855152177,0.0042740355334382,Upregulated
ENSG00000006327,TNFRSF12A,2677.5940871335947,1.7367913888939637,0.4785665738741844,3.6291531496526286,0.0002843525139476,0.0042755270854549,Upregulated
ENSG00000231170,PDK4-AS1,31.15020525737046,-2.4038047038249992,0.6625135773386012,-3.6283100996682656,0.0002852824761423,0.0042768863742327,Downregulated
ENSG00000113248,PCDHB15,155.52584392955058,-1.354677146024606,0.3733427388672969,-3.628508083844428,0.0002850638255937,0.0042768863742327,Downregulated
ENSG00000259065,MIDEAS-AS1,87.3768219706932,-1.7797379160915348,0.4905096454445602,-3.628344381441301,0.0002852446046571,0.0042768863742327,Downregulated
ENSG00000026751,SLAMF7,2850.767319772474,2.445220342353225,0.6738501326598907,3.628730223293419,0.0002848186852682,0.0042768863742327,Upregulated
ENSG00000164935,DCSTAMP,30.005318268678465,3.484603712992274,0.9605622982925092,3.627670708278358,0.0002859896833608,0.0042849666028735,Upregulated
ENSG00000084674,APOB,14.411133997846456,-4.721226863110964,1.3018641520013934,-3.626512686329741,0.0002872747117979,0.0043016897026483,Downregulated
ENSG00000141524,TMC6,3796.961203994618,1.1652425151375103,0.3213489496969643,3.626097163959451,0.0002877371240256,0.0043036065610129,Upregulated
ENSG00000065413,ANKRD44,1552.1278132871205,1.4172163420437622,0.3908382797469259,3.6260940022595354,0.0002877406451809,0.0043036065610129,Upregulated
ENSG00000145287,PLAC8,379.3732901378945,2.2503676271052324,0.6207524710012,3.625225403413468,0.0002887095259504,0.0043155635771614,Upregulated
ENSG00000179361,ARID3B,462.0207916812295,1.0911417176498306,0.301037795822084,3.624600408297917,0.0002894085681914,0.0043234754489168,Upregulated
ENSG00000284708,,8.390469479428733,-5.653201590566301,1.5601546674716529,-3.6234879197764007,0.0002906567849228,0.0043395773556677,Downregulated
ENSG00000003987,MTMR7,60.46955381425434,-1.3637425060585986,0.376415493641839,-3.6229712354938433,0.0002912382202747,0.0043449931962415,Downregulated
ENSG00000172382,PRSS27,330.6492451182604,2.366584525808836,0.6532360842449175,3.622862519213702,0.000291360699587,0.0043449931962415,Upregulated
ENSG00000302357,,7.602341688629551,-5.524165853619067,1.5262722598330114,-3.619384299249115,0.0002953048095526,0.0044012339403838,Downregulated
ENSG00000246922,UBAP1L,266.87261726368325,-1.523203223471528,0.4209524772267587,-3.618468368463856,0.000296351712221,0.0044116741449334,Downregulated
ENSG00000069535,MAOB,3629.822185411252,-2.4025879898822327,0.6640078691406922,-3.61831252540949,0.0002965301854592,0.004411752543127,Downregulated
ENSG00000073111,MCM2,896.6301857630663,1.9619308094783408,0.5422729528093023,3.617976517756143,0.0002969153278189,0.0044149038615735,Upregulated
ENSG00000136574,GATA4,33.22014800555192,4.847567447316053,1.3400974309737663,3.617324632727356,0.0002976638752037,0.0044234519050844,Upregulated
ENSG00000138795,LEF1,540.697149993359,1.819659853218164,0.5031046759637077,3.6168613414943263,0.00029819693791,0.004428789624202,Upregulated
ENSG00000169129,AFAP1L2,1229.6509644813416,-1.4705363961267213,0.406679375849424,-3.615960098923724,0.0002992364695365,0.0044416387619852,Downregulated
ENSG00000239951,IGKV3-20,22509.50554510185,2.942997739889441,0.8139782891320665,3.615572772865377,0.000299684269852,0.0044452882776825,Upregulated
ENSG00000168477,TNXB,4587.5518369504425,-2.443801184009406,0.6759335988428331,-3.615445641691847,0.0002998313871092,0.0044452882776825,Downregulated
ENSG00000110427,KIAA1549L,875.6926943574632,2.9890541930161856,0.82693507063921,3.614617760383153,0.0003007910738968,0.0044569223055419,Upregulated
ENSG00000255248,MIR100HG,1192.0073666715411,-1.891128582925243,0.5232203626981287,-3.6144017277407214,0.0003010419735631,0.0044580465747835,Downregulated
ENSG00000023902,PLEKHO1,2949.090398037181,1.4832893538512324,0.410472160326817,3.613617431862469,0.0003019545008231,0.0044689617027688,Upregulated
ENSG00000234009,RPL5P34,245.0041250235146,-1.4707046226489473,0.4070723078166594,-3.6128830048329776,0.0003028113537333,0.0044790406451467,Downregulated
ENSG00000137547,MRPL15,1705.6325066619006,1.0196546996574305,0.2822677510745435,3.6123669663848776,0.0003034147750727,0.0044853614253493,Upregulated
ENSG00000234459,,13.938610521753144,-2.740413477188083,0.7592281996057776,-3.6094727232352777,0.0003068200330757,0.004533070221852,Downregulated
ENSG00000164850,GPER1,373.0232181695935,-1.7406954713048368,0.4823844742480775,-3.6085230023585777,0.0003079452146701,0.0045470565581816,Downregulated
ENSG00000257337,TNS2-AS1,353.63112059417216,-1.7009635273598604,0.4714085788007069,-3.608257473139794,0.00030826049078,0.0045490747164882,Downregulated
ENSG00000155465,SLC7A7,370.6712294122018,1.6596969200010143,0.4600781795789452,3.607423680731691,0.000309252459843,0.0045610708770489,Upregulated
ENSG00000171357,LURAP1,123.16459539988956,-1.4064902560026318,0.3899190901871427,-3.607133611559216,0.0003095982574916,0.0045635284818117,Downregulated
ENSG00000153064,BANK1,615.1174155359156,2.561097378811572,0.7100465928040732,3.6069427059672816,0.0003098260376231,0.0045642446525731,Upregulated
ENSG00000169047,IRS1,2296.208596922812,-1.6888185087479992,0.4683103817881747,-3.606194896426368,0.0003107198029728,0.0045731064199744,Downregulated
ENSG00000183484,GPR132,347.31817634754793,2.197418840026593,0.6093549972768791,3.606139032003587,0.0003107866676995,0.0045731064199744,Upregulated
ENSG00000011600,TYROBP,3475.863411267198,1.532685125342539,0.4250865611039126,3.605583581288221,0.0003114522258969,0.0045774132334082,Upregulated
ENSG00000227145,IL21-AS1,12.712683105419265,7.218910242469415,2.0022255153206565,3.605443136765394,0.0003116207220974,0.0045774132334082,Upregulated
ENSG00000134333,LDHA,20352.85549267862,1.0916620463962583,0.3028107000976018,3.605097329930529,0.0003120359624838,0.0045774132334082,Upregulated
ENSG00000215018,COL28A1,111.80458641631202,-2.0167716744947035,0.5594061688584008,-3.605200991276872,0.0003119114329388,0.0045774132334082,Downregulated
ENSG00000174080,CTSF,3758.36712624616,-1.2552640254694718,0.3481780735005585,-3.605235714153776,0.0003118697303592,0.0045774132334082,Downregulated
ENSG00000211962,IGHV1-46,2324.693333645286,3.824520884725109,1.0611570417664304,3.604104514406943,0.0003132310030194,0.0045905102864836,Upregulated
ENSG00000067064,IDI1,4964.603731139686,2.552636172508603,0.7084136278101767,3.603313194862191,0.0003141865723748,0.0045965802326013,Upregulated
ENSG00000251301,LINC02384,101.878439255757,2.2089575473903844,0.6130037485140974,3.6034976176651954,0.0003139636263621,0.0045965802326013,Upregulated
ENSG00000145681,HAPLN1,21.328133279249,4.0680705378185085,1.1289517188132732,3.6034052387065465,0.000314075283406,0.0045965802326013,Upregulated
ENSG00000211947,IGHV3-21,3307.068208171008,2.5747295106068786,0.7146880798752807,3.6025919322121496,0.0003150599202467,0.0046067113826665,Upregulated
ENSG00000170837,GPR27,351.16156854703803,-2.145923143174436,0.5959310087868106,-3.6009590229967743,0.000317045548133,0.0046289386250214,Downregulated
ENSG00000068137,PLEKHH3,1827.026034179942,-1.1514141009682295,0.3197336142678929,-3.601166876384485,0.0003167921480163,0.0046289386250214,Downregulated
ENSG00000146094,DOK3,739.301777129989,1.6919569483946444,0.46987140113975,3.600893657904111,0.0003171252758298,0.0046289386250214,Upregulated
ENSG00000099822,HCN2,41.7220563419555,2.1628766524263416,0.6007569081393953,3.600252653148823,0.0003179081229925,0.0046377077896587,Upregulated
ENSG00000138092,CENPO,438.5297979579348,2.2729941251154457,0.6313899987516013,3.599984367205153,0.000318236312328,0.004639838071728,Upregulated
ENSG00000249992,TMEM158,784.2167863908048,2.655146038401289,0.7376144627291615,3.599639340824869,0.0003186588430556,0.00464334061297,Upregulated
ENSG00000096063,SRPK1,1401.8127529331273,1.4875174745749349,0.4132946204562093,3.5991696986836166,0.0003192348263117,0.0046490739056525,Upregulated
ENSG00000179051,RCC2,5865.985047487412,1.1761689610605752,0.3268203714115322,3.598823892099258,0.0003196595567196,0.0046525991824033,Upregulated
ENSG00000260645,,27.11420545445012,-2.7548375520060224,0.7655564892378495,-3.5984771740993327,0.0003200859375546,0.0046561444405787,Downregulated
ENSG00000178403,NEUROG2,9.877775320711663,-6.641141472440002,1.8459243034034607,-3.597732290644454,0.0003210037684278,0.0046641682747436,Downregulated
ENSG00000258545,RHOXF1-AS1,61.174429620201565,-3.425961253182888,0.952571209507845,-3.596540834939724,0.0003224769799808,0.0046829025981138,Downregulated
ENSG00000280216,,9.595112566812595,-2.657272741593836,0.738924360916282,-3.596136332951266,0.0003229785760009,0.0046875141363641,Downregulated
ENSG00000182463,TSHZ2,1651.7084342593491,-1.9407147945018663,0.5397223193276355,-3.5957653130215768,0.0003234392951397,0.0046915274980098,Downregulated
ENSG00000175606,TMEM70,1472.8766752949923,1.089816880235153,0.3031696561264678,3.5947426076854265,0.0003247124402869,0.0047073139251848,Upregulated
ENSG00000134830,C5AR2,228.14731903584425,-1.2210200236988378,0.3397888628262804,-3.5934668768796385,0.0003263071464264,0.0047250536251433,Downregulated
ENSG00000011332,DPF1,36.85784058462525,2.6718373881753474,0.743920988739564,3.5915607014963777,0.0003287035926109,0.0047570506860197,Upregulated
ENSG00000117632,STMN1,4306.213949168077,1.8536153860222415,0.5161943072258175,3.590925665151413,0.0003295056118198,0.0047659497096329,Upregulated
ENSG00000077585,GPR137B,1249.863560933097,1.1140293374811303,0.3103772218226149,3.58927543374241,0.000331598342636,0.0047907778702688,Upregulated
ENSG00000026297,RNASET2,2250.287525996145,1.0357443667133568,0.2886329872862747,3.588447656144289,0.0003326527616411,0.0048017285830727,Upregulated
ENSG00000182325,FBXL6,899.5225425697722,1.1219522893392466,0.3126622273049642,3.58838449725786,0.0003327333418053,0.0048017285830727,Upregulated
ENSG00000172936,MYD88,2484.563969299844,1.0837685101796422,0.3021626779836143,3.586705404558312,0.0003348822921714,0.0048245400813912,Upregulated
ENSG00000277734,TRAC,2192.4321587010963,2.422916024829807,0.6757194206603415,3.585683570352368,0.0003361964134919,0.0048355814631477,Upregulated
ENSG00000136928,GABBR2,37.48983578655261,4.990899999718254,1.391902960810906,3.585666630675615,0.0003362182392224,0.0048355814631477,Upregulated
ENSG00000145808,ADAMTS19,11.97387315991494,-3.5137691588735227,0.9800632738234096,-3.585247251604127,0.0003367590062163,0.0048406256474818,Downregulated
ENSG00000143171,RXRG,22.15868206010702,-3.136076078315105,0.8748966264679484,-3.584510424935322,0.0003377110763783,0.0048488381208756,Downregulated
ENSG00000135069,PSAT1,1091.712609352082,2.0909634327222384,0.583327872221506,3.58454229995758,0.0003376698378898,0.0048488381208756,Upregulated
ENSG00000024422,EHD2,5549.205430302385,-1.6696076714886927,0.4658683410124439,-3.583861628931972,0.0003385514845891,0.0048581661205464,Downregulated
ENSG00000180182,MED14,2426.8566747441737,1.1821331836381783,0.329863501006861,3.583704108001905,0.0003387558219695,0.0048583612282576,Upregulated
ENSG00000091073,DTX2,942.188046674994,1.17111685177834,0.3268492414196258,3.583049012724494,0.0003396068550821,0.0048678256644899,Upregulated
ENSG00000080166,DCT,99.13754769235165,-4.117342334722909,1.1491807839590529,-3.582849967729374,0.0003398658300289,0.004867951177495,Downregulated
ENSG00000253552,HOXA-AS2,80.04016329425521,-2.337113736033217,0.652458957108088,-3.5820088153775558,0.0003409622843428,0.0048780679955117,Downregulated
ENSG00000131096,PYY,13.212365818238448,-3.58031808106684,0.9995547480443828,-3.581912934805913,0.0003410874759532,0.0048780679955117,Downregulated
ENSG00000211817,TRAV38-2DV8,12.5967541955227,3.995171030490427,1.1155057901272831,3.581488384775272,0.0003416423294248,0.0048832613764195,Upregulated
ENSG00000152495,CAMK4,374.83135011990606,2.088590244437135,0.5833296816022125,3.5804628331280397,0.0003429861301333,0.0048997194170648,Upregulated
ENSG00000164105,SAP30,826.0397264443786,1.3438084020269525,0.3754292576596958,3.5793917884925053,0.0003443948187082,0.0049170854413216,Upregulated
ENSG00000188985,DHFRP1,214.16411841841267,1.284469673732976,0.3588665037263783,3.579240916595364,0.0003445936869045,0.0049171685149277,Upregulated
ENSG00000134460,IL2RA,278.8278990044934,2.7724838429600256,0.774653200417108,3.579000049915493,0.000344911402244,0.0049189464314429,Upregulated
ENSG00000231160,KLF3-AS1,223.18214389262323,-1.7578393802216838,0.4912547145224685,-3.578264652239353,0.0003458831253069,0.0049300442555637,Downregulated
ENSG00000234076,TPRG1-AS1,32.28686579844722,-2.539860662501597,0.709852523154569,-3.5780117413889183,0.0003462179022728,0.0049320560340002,Downregulated
ENSG00000158813,EDA,100.3081954197647,-1.6675824472505556,0.4661082479540685,-3.5776720419993158,0.0003466680378232,0.0049357079884825,Downregulated
ENSG00000095713,CRTAC1,343.4803321111218,-2.064496977128268,0.577285693219842,-3.576213651880795,0.000348606777431,0.0049605381161707,Downregulated
ENSG00000257354,MIRLET7IHG,188.68324796381776,-1.3686653898159578,0.3829960057760044,-3.5735761448552106,0.0003521387790322,0.0049996247718676,Downregulated
ENSG00000167740,CYB5D2,722.4600172896545,-1.1282045019060651,0.3156940761813769,-3.57372718409158,0.0003519356156539,0.0049996247718676,Downregulated
ENSG00000290397,,13.57546191899502,-3.1158880476678448,0.8719167583697283,-3.573607248349941,0.0003520969326518,0.0049996247718676,Downregulated
ENSG00000120498,TEX11,15.720125788450584,3.893538487245359,1.090179294833348,3.5714661851476004,0.0003549883864097,0.0050335021758345,Upregulated
ENSG00000140443,IGF1R,3275.162946281617,-1.5389153572958914,0.4308818612638893,-3.5715482494014705,0.0003548771525808,0.0050335021758345,Downregulated
ENSG00000143942,CHAC2,181.28448919995455,1.9681932737729355,0.5511030314797456,3.57137079882906,0.0003551177185809,0.0050335021758345,Upregulated
ENSG00000180929,GPR62,13.693291825260689,-2.774185402869382,0.7769106388057068,-3.570790853287777,0.0003559050026717,0.005041855574556,Downregulated
ENSG00000289357,,16.095787088422828,3.931881534967022,1.1011865457521937,3.5705862463850293,0.0003561831486778,0.0050429910950377,Upregulated
ENSG00000211818,TRAV39,8.079291024552985,3.94020568441642,1.1037504695883116,3.569833755890567,0.0003572078462965,0.0050518828723044,Upregulated
ENSG00000077782,FGFR1,6134.222011635118,-1.140140687039383,0.3194999205788639,-3.5685163394522847,0.0003590084681687,0.0050745309060631,Downregulated
ENSG00000198478,SH3BGRL2,1357.0827949834988,-1.3658728305752164,0.3828171028598052,-3.5679514326072947,0.0003597831701313,0.0050826606358382,Downregulated
ENSG00000116039,ATP6V1B1,27.84267380718654,-2.6383482442949666,0.7395320791423264,-3.567591344184549,0.0003602778037231,0.0050840088302671,Downregulated
ENSG00000126947,ARMCX1,1416.7717342042467,-1.1865542273908565,0.3325819466611314,-3.5677048598186225,0.0003601218049698,0.0050840088302671,Downregulated
ENSG00000101082,SLA2,345.210067155776,2.2591637884490887,0.6336588135837579,3.5652684694339367,0.0003634839220334,0.0051264113943046,Upregulated
ENSG00000160654,CD3G,450.716551834338,2.309685946623448,0.6478787652244271,3.5649971423640743,0.0003638601529119,0.0051288776728387,Upregulated
ENSG00000142230,SAE1,3160.2309111841387,1.063072657680353,0.2982603459168066,3.564244031209145,0.0003649063500256,0.0051380444714939,Upregulated
ENSG00000183813,CCR4,417.0970930966581,2.5301939752294027,0.7098834468298704,3.564238589487473,0.0003649139197099,0.0051380444714939,Upregulated
ENSG00000261471,COTL1-AS1,9.440612016848286,6.053854033138904,1.6994415549058868,3.562260800121579,0.0003676748601976,0.0051740587646924,Upregulated
ENSG00000120645,IQSEC3,137.70030691501475,-1.6511944938634593,0.4635934238845776,-3.5617297588642294,0.0003684194984951,0.0051816747908168,Downregulated
ENSG00000260918,,7.655534628193737,-3.7549076930095073,1.0546167589915525,-3.560447585338993,0.0003702232076127,0.0052016077093001,Downregulated
ENSG00000175463,TBC1D10C,1340.364034152857,2.164042685720441,0.607803401649103,3.560432007864586,0.0003702451720372,0.0052016077093001,Upregulated
ENSG00000163082,SGPP2,1512.983303296255,2.348322343447035,0.659811067534603,3.559082984499772,0.0003721519387608,0.0052226347284724,Upregulated
ENSG00000198756,COLGALT2,89.45599768127893,-1.7543198782598708,0.4930703375610267,-3.557950549079097,0.0003737596543984,0.0052423084565987,Downregulated
ENSG00000108669,CYTH1,4116.867141613623,1.0102446298791792,0.2842134858948462,3.5545274239835027,0.0003786590196322,0.0052944969419435,Upregulated
ENSG00000234350,ERICH2-DT,16.101772869388434,-3.497894666167447,0.984080634584759,-3.55447972781561,0.0003787277071265,0.0052944969419435,Downregulated
ENSG00000185155,MIXL1,60.15594167146306,2.4408429688853404,0.6866253784733098,3.5548394297811687,0.0003782099856313,0.0052944969419435,Upregulated
ENSG00000283031,,20.860576818611364,-2.26555532474578,0.6373484494301789,-3.554657309939796,0.0003784720292296,0.0052944969419435,Downregulated
ENSG00000214456,PLIN5,308.3547387910908,-3.091719694381271,0.8700240923791155,-3.553602390396846,0.0003799932444022,0.0053069454378123,Downregulated
ENSG00000140534,TICRR,257.07172275395664,2.512406019870495,0.7070083028662301,3.553573571463214,0.0003800348819665,0.0053069454378123,Upregulated
ENSG00000179292,TMEM151A,16.705581983799068,7.602003935402789,2.1401983751264195,3.552009021104759,0.0003823017532375,0.00533567559272,Upregulated
ENSG00000184635,ZNF93,405.5920052012143,1.3697111156128905,0.3856719946379984,3.551492290485174,0.0003830532142953,0.005339133876244,Upregulated
ENSG00000198542,ITGBL1,1006.062375681124,1.5634978244208653,0.4402425420770159,3.551446475491565,0.0003831199078253,0.005339133876244,Upregulated
ENSG00000168453,HR,1577.7579051661075,1.6840277719089831,0.4741861745894654,3.551406308644402,0.0003831783881973,0.005339133876244,Upregulated
ENSG00000099864,PALM,2262.3342413918044,-1.5707466461878932,0.4423256588314613,-3.5511090411022086,0.0003836114502304,0.0053393263654746,Downregulated
ENSG00000170323,FABP4,17135.130258570327,-3.32309977909777,0.935761661545542,-3.551224543233801,0.0003834431313757,0.0053393263654746,Downregulated
ENSG00000134684,YARS1,2442.752370895478,1.0041404797361482,0.2828264685439198,3.5503766139915443,0.000384680409384,0.0053512805611256,Upregulated
ENSG00000134242,PTPN22,487.0985339721025,1.8802528971262895,0.5298745687064971,3.5484867705884957,0.0003874514611674,0.0053834099920035,Upregulated
ENSG00000077063,CTTNBP2,246.66079426002892,-2.4198955754898264,0.6819419600490435,-3.5485359711782416,0.0003873790831184,0.0053834099920035,Downregulated
ENSG00000167613,LAIR1,1814.1287574640533,1.1880184568990269,0.3348204142711186,3.5482258735186827,0.0003878354730998,0.0053834099920035,Upregulated
ENSG00000144136,SLC20A1,2000.562802261238,1.121010697275479,0.3159229025339488,3.5483679349743125,0.0003876263301004,0.0053834099920035,Upregulated
ENSG00000289947,,8.764616650278523,3.022023882935395,0.8519830291617724,3.5470470414283106,0.0003895750233004,0.0054019038804871,Upregulated
ENSG00000183918,SH2D1A,447.239596324887,2.5046019987311685,0.7061699897426912,3.5467409194828234,0.000390027944906,0.0054050064116989,Upregulated
ENSG00000290746,CA5BP1,200.50632236527755,1.4724080420604608,0.4154647170210652,3.544002611383738,0.0003941013419712,0.005455519174647,Upregulated
ENSG00000274290,H2BC6,50.33131365460272,2.238895619719003,0.63178718102793,3.54374967861215,0.0003944795932071,0.005457789092113,Upregulated
ENSG00000132821,VSTM2L,1236.4132336279342,5.130384287709656,1.4480443503133176,3.542974555026288,0.0003956408744014,0.0054708842084035,Upregulated
ENSG00000107796,ACTA2,8349.738495047692,-1.7057646444795889,0.4815735698556564,-3.542064497000662,0.0003970083892476,0.0054848648116914,Downregulated
ENSG00000110777,POU2AF1,1103.6055243443266,2.226662575093182,0.6286428627416821,3.5420151998260225,0.0003970825924682,0.0054848648116914,Upregulated
ENSG00000234742,RPL17P18,194.9213161630193,-1.0493213854598,0.2965298424744648,-3.5386704309538777,0.0004021475880849,0.0055488088928016,Downregulated
ENSG00000197467,COL13A1,221.5498233360423,1.827392970856782,0.5163925564336507,3.538767064105768,0.0004020004133412,0.0055488088928016,Upregulated
ENSG00000235387,SPAAR,90.08570126057414,-2.3253913552409324,0.6572099811274102,-3.5382776007933447,0.0004027463967821,0.0055537102728766,Downregulated
ENSG00000294222,,11.560055670831662,2.8048786127396554,0.7927525615474028,3.538151434370278,0.0004029388945968,0.0055537102728766,Upregulated
ENSG00000083067,TRPM3,34.32596841073292,-1.8229793527801768,0.51538497867852,-3.5371216240225176,0.0004045133398432,0.0055723954998086,Downregulated
ENSG00000008513,ST3GAL1,3917.732458521669,1.3109663467307533,0.3707968048773091,3.5355384121083016,0.0004069450767301,0.0055998368716338,Upregulated
ENSG00000122644,ARL4A,3221.1317145288394,-2.153394806595171,0.6090663475245482,-3.5355668809273344,0.0004069012296956,0.0055998368716338,Downregulated
ENSG00000105619,TFPT,590.0243160426418,1.1596416220569372,0.3280518266019815,3.534934202527414,0.0004078767082326,0.0056096261530207,Upregulated
ENSG00000142669,SH3BGRL3,3231.029380679807,1.2914247859366057,0.3653919128144926,3.534355142097123,0.0004087714314798,0.0056188975343889,Upregulated
ENSG00000286724,,58.025500831252856,-1.343501883418675,0.3802915129488829,-3.53282110610568,0.0004111505848613,0.0056485526143492,Downregulated
ENSG00000151490,PTPRO,270.5499491681319,1.7250083445426645,0.4884139266894307,3.5318574067597197,0.0004126518049117,0.0056661208209735,Upregulated
ENSG00000198959,TGM2,3398.3480350602804,1.688157155215931,0.4780311961185859,3.531479051833988,0.0004132425924549,0.0056711756855711,Upregulated
ENSG00000164112,SMIM43,18.262637159619374,4.111105765104761,1.1643203728431046,3.530905978279866,0.0004141389307196,0.0056773588290417,Upregulated
ENSG00000090520,DNAJB11,1575.0531251495988,1.1715971251029518,0.3318047022763715,3.530984091138914,0.0004140166484323,0.0056773588290417,Upregulated
ENSG00000182636,NDN,1633.452848392515,-1.4825644385713894,0.4200076278165406,-3.529851222652017,0.000415793411173,0.005696973628827,Downregulated
ENSG00000173335,CST9,7.642297225449836,-5.529634161236172,1.566675480940368,-3.5295338623140453,0.0004162924266411,0.0057007443005247,Downregulated
ENSG00000197506,SLC28A3,1098.4838926560346,-1.9071602104408565,0.5404280057694181,-3.528981085511278,0.0004171629453246,0.0057095955832162,Downregulated
ENSG00000297007,,9.1440161783031,-2.9291590299550325,0.8302917345016414,-3.5278672642853364,0.0004189221689476,0.0057305942885424,Downregulated
ENSG00000077616,NAALAD2,171.99638327785598,-2.2107366329362232,0.6266927589040397,-3.52762434466669,0.0004193067672138,0.0057327765258748,Downregulated
ENSG00000164691,TAGAP,555.9362180188192,1.8860389573305367,0.5346827431859376,3.527398221405962,0.0004196650692391,0.0057345970915187,Upregulated
ENSG00000228058,LINC01736,7.07373096315898,-4.694076308382711,1.3309199819948283,-3.5269410422008005,0.0004203903629332,0.0057414278467948,Downregulated
ENSG00000258711,,17.092030471819964,-2.470219000402555,0.7008255218297899,-3.524727515563423,0.0004239186044263,0.0057824964350242,Downregulated
ENSG00000145934,TENM2,304.5754720968033,-2.7617396884084955,0.7835392405634338,-3.524698630821044,0.000423964827371,0.0057824964350242,Downregulated
ENSG00000223486,LINC03053,34.34113001840652,4.174189444900759,1.1854134810346142,3.521294056195125,0.000429446102847,0.0058525530688155,Upregulated
ENSG00000101336,HCK,1035.5246149296197,1.67940068874613,0.4770173654582974,3.520627990414217,0.0004305261600765,0.0058636832121373,Upregulated
ENSG00000147536,GINS4,245.5334744413508,2.313086886336875,0.6570323905000114,3.520506629173307,0.0004307232260181,0.0058636832121373,Upregulated
ENSG00000254122,PCDHGB7,287.06203200423727,-1.601855324164514,0.4551747832496756,-3.519209286437674,0.000432835115058,0.0058892859057928,Downregulated
ENSG00000127334,DYRK2,2109.754589748945,1.099847829613421,0.3125502124914031,3.5189476303545084,0.0004332622236704,0.0058919498660491,Upregulated
ENSG00000211751,TRBC1,1164.7269861301586,2.314886243580561,0.657956185900318,3.5182984721284654,0.000434323562593,0.0059032313035259,Upregulated
ENSG00000115041,KCNIP3,276.31396312213235,-1.4282548673512605,0.4059940941586044,-3.517920304508919,0.0004349429647162,0.0059084972022864,Downregulated
ENSG00000249306,LINC01411,21.90240334152231,-2.972860927814709,0.8451523378598441,-3.51754446463794,0.0004355593711901,0.0059137168142772,Downregulated
ENSG00000253955,LINC02995,24.131552286760613,-2.038691745295158,0.5796545280800653,-3.5170806860557504,0.0004363211280297,0.0059209032775954,Downregulated
ENSG00000135426,TESPA1,260.84593238449287,2.328866295172425,0.6621979923140312,3.5168730835837643,0.0004366625181262,0.0059223807237448,Upregulated
ENSG00000220205,VAMP2,2337.3681208390494,-1.036151657593663,0.2947379581287321,-3.5155012410756576,0.0004389247083506,0.0059498942237358,Downregulated
ENSG00000163545,NUAK2,300.10291852493947,1.787534722552128,0.5086100218502129,3.514548761838126,0.0004405017914561,0.0059566922901215,Upregulated
ENSG00000180921,SACK1H,4473.1155824348525,1.1179239201452584,0.3180860906840398,3.5145325523073905,0.0004405286763697,0.0059566922901215,Upregulated
ENSG00000127423,AUNIP,8.063145202372805,5.1875630887245725,1.4760490862337174,3.514492259848311,0.000440595511546,0.0059566922901215,Upregulated
ENSG00000287342,LOC105375118,10.442330349477862,-4.248147840421361,1.2086378825422126,-3.514822679135238,0.0004400477073982,0.0059566922901215,Downregulated
ENSG00000134375,TIMM17A,2243.0074095772475,1.2837211635582948,0.3653271698875937,3.5138945837323803,0.0004415880198581,0.0059656441601763,Upregulated
ENSG00000187608,ISG15,3127.664772046755,2.3740024090489884,0.6756202992360766,3.5138115473044125,0.0004417260761686,0.0059656441601763,Upregulated
ENSG00000100304,TTLL12,3390.598043298364,1.3273546204523634,0.3778219838693881,3.5131746619360977,0.0004427863016723,0.0059767937943278,Upregulated
ENSG00000075223,SEMA3C,6026.739064707477,-1.4035140094955338,0.3996055154074576,-3.5122488438740422,0.0004443317512563,0.0059944777734379,Downregulated
ENSG00000167755,KLK6,915.7205517433476,2.2532561110443576,0.6417484750025877,3.5111203202084305,0.0004462223820255,0.0060167974021032,Upregulated
ENSG00000256508,MRGPRF-AS1,9.279593692043594,-3.956811200865343,1.127248447602473,-3.510150055456739,0.000447853879607,0.0060356011468106,Downregulated
ENSG00000244968,LIFR-AS1,85.38280766093877,-1.9169668005038625,0.5462668211207373,-3.5092133118591318,0.0004494342921306,0.0060536969089686,Downregulated
ENSG00000004948,CALCR,32.32109377468204,-1.876326612770468,0.5347306520690952,-3.508919126872904,0.0004499316947888,0.0060539937654338,Downregulated
ENSG00000293412,GUCY1B2,8.255435400085682,4.101858299055315,1.1689539221986571,3.5089991326092886,0.0004497963716987,0.0060539937654338,Upregulated
ENSG00000196743,GM2A,5446.579480017219,1.315888300681609,0.3750558315096753,3.508513106928356,0.0004506190298518,0.0060600408180341,Upregulated
ENSG00000149968,MMP3,450.7899122678571,3.3971935224842738,0.9686033788513468,3.507311244890513,0.0004526593622649,0.0060842673436679,Upregulated
ENSG00000237233,TMEM26-AS1,13.745554112689833,-3.174014465662875,0.9051880119364364,-3.5064698425168257,0.0004540928899658,0.0061003164558657,Downregulated
ENSG00000272701,MESTIT1,19.31442515964977,-2.347331574745525,0.6694858509896578,-3.506170550543549,0.0004546038252335,0.0061039610081831,Downregulated
ENSG00000165685,TMEM52B,48.2339534027728,1.9086801589108835,0.5445323646968823,3.5051730303916155,0.0004563106147245,0.0061204253120849,Upregulated
ENSG00000171049,FPR2,35.238017760655865,2.769752722977909,0.790160140642487,3.505305545690772,0.0004560835328109,0.0061204253120849,Upregulated
ENSG00000136153,LMO7,1639.7000545762728,1.8083094909530837,0.5160255163642351,3.504302468788565,0.0004578050586495,0.006137238236243,Upregulated
ENSG00000160801,PTH1R,246.83292233993728,-2.101358955679116,0.5997096602698309,-3.5039604910376787,0.0004583933609581,0.006141892318235,Downregulated
ENSG00000062716,VMP1,7010.382546370901,1.1564822380068212,0.3301712587368027,3.5026738621386646,0.0004606130666709,0.0061683887598191,Upregulated
ENSG00000164047,CAMP,33.32484767947159,3.775874661902395,1.0781399807224386,3.5022118921628915,0.0004614125061845,0.0061758475801509,Upregulated
ENSG00000263004,AKAP1-DT,128.26786802896495,-1.70699031929027,0.487480887033667,-3.5016558898900576,0.0004623763853743,0.0061790078236462,Downregulated
ENSG00000307919,,44.84415237178887,3.0166200773674032,0.8614726619953761,3.501701458964689,0.0004622973167248,0.0061790078236462,Upregulated
ENSG00000137392,CLPS,23.274900305062367,4.888379577036736,1.3960109634015676,3.501677067868826,0.0004623396370816,0.0061790078236462,Upregulated
ENSG00000096093,EFHC1,976.792403177522,-1.0607089294413776,0.3031021306730619,-3.4995099740341344,0.0004661141662539,0.0062224286837812,Downregulated
ENSG00000287828,,7.0105151258031615,3.851070514068264,1.1005284434532552,3.499292123685886,0.0004664951925721,0.0062242530382424,Upregulated
ENSG00000283383,LOC124900824,23.917627846060743,-2.9321700065831324,0.8380174111958258,-3.498936856692528,0.000467117187836,0.0062292889483629,Downregulated
ENSG00000115233,PSMD14,2201.8124082930512,1.236393413268066,0.3534146308284554,3.4984216990954216,0.0004680204913132,0.0062377351369548,Upregulated
ENSG00000018625,ATP1A2,733.1741232154105,-3.385237519172642,0.9677202887772997,-3.498157017509512,0.000468485230929,0.0062377351369548,Downregulated
ENSG00000175745,NR2F1,4303.613799937849,-2.210017655176216,0.6317433584437218,-3.498283956036386,0.000468262292958,0.0062377351369548,Downregulated
ENSG00000172137,CALB2,620.1365170099659,-3.2467183389625984,0.9282819464103748,-3.497556266732876,0.0004695416536819,0.0062452717811653,Downregulated
ENSG00000113302,IL12B,6.885037699813179,5.582658127921116,1.5961447204518495,3.497588944403945,0.0004694841327529,0.0062452717811653,Upregulated
ENSG00000306733,,8.656213325207085,-5.028157511896413,1.4377297894042869,-3.4972896499416586,0.0004700112120794,0.0062482544795807,Downregulated
ENSG00000281181,,229.69111619761185,2.377634061605552,0.6799311430179912,3.4968747733072125,0.0004707427530436,0.0062514539430523,Upregulated
ENSG00000146197,SCUBE3,1127.3226916433089,3.834553093383115,1.0965505661928256,3.496923180384204,0.0004706573434252,0.0062514539430523,Upregulated
ENSG00000308420,,13.82841115529329,-7.122166764640312,2.037361899567724,-3.495778912009424,0.0004726801676749,0.0062694584591999,Downregulated
ENSG00000165152,PGAP4,215.1718929489344,-1.915297242651942,0.5480313220356855,-3.49486820486371,0.0004742958979333,0.0062855311218841,Downregulated
ENSG00000283839,LOC105373780,20.08903583640974,2.108229396592804,0.603337336596047,3.494279681889352,0.0004753427642601,0.0062961287303532,Upregulated
ENSG00000160688,FLAD1,1608.2541642352353,1.0667585671868542,0.30531932088775,3.4939111094742867,0.0004759994790917,0.0063015502764797,Upregulated
ENSG00000144130,NT5DC4,16.02286113082997,3.894160548044068,1.1149343631909283,3.492726277535323,0.0004781163262142,0.0063230015290778,Upregulated
ENSG00000126860,EVI2A,462.1024788598687,1.873108186805692,0.5363688061124767,3.49220194287902,0.0004790559141487,0.0063321396934528,Upregulated
ENSG00000169403,PTAFR,1424.1378746105504,1.5984289667804834,0.4577656015650893,3.49180663928328,0.0004797654216586,0.0063382287630015,Upregulated
ENSG00000103569,AQP9,128.36593395503158,3.4624725759556023,0.9918693066077308,3.490855652946379,0.0004814763090503,0.0063556400418925,Upregulated
ENSG00000111229,ARPC3,5466.236762859946,1.005611816533006,0.288075152400362,3.490796787414082,0.0004815823988399,0.0063556400418925,Upregulated
ENSG00000145247,OCIAD2,2175.927737793388,1.6585371256453016,0.4753325252863758,3.4892144707456643,0.000484442295428,0.0063900723494803,Upregulated
ENSG00000053524,MCF2L2,69.22977128607326,1.768026272388025,0.506927894762545,3.487727328984733,0.0004871446037516,0.0064223914089843,Upregulated
ENSG00000211746,TRBV19,81.3589329268587,3.260087063960522,0.934809264690033,3.4874355519374447,0.0004876764432706,0.0064260769200972,Upregulated
ENSG00000162073,PAQR4,568.0188597073387,1.905441378570182,0.5466452010541393,3.485700368165253,0.0004908504685426,0.0064645565068505,Upregulated
ENSG00000279692,,184.93913398633225,2.74456924360614,0.7874848099305156,3.4852345200770403,0.0004917058794655,0.0064724756877871,Upregulated
ENSG00000177666,PNPLA2,5945.805525798108,-1.8396607784858847,0.5279110337113652,-3.484793196218205,0.0004925175400073,0.0064798110854997,Downregulated
ENSG00000280623,LOC124900476,6.866901267030266,-4.039928856341176,1.1597812950826625,-3.4833540370671647,0.0004951730571719,0.0065080252524394,Downregulated
ENSG00000203650,LINC01285,35.551292546205275,3.670220774925902,1.0536183791356253,3.483444146007498,0.0004950063983565,0.0065080252524394,Upregulated
ENSG00000142197,DOP1B,2168.97051258696,1.5628636158188922,0.4487465693959194,3.482731061148261,0.0004963266992848,0.0065198232890588,Upregulated
ENSG00000294466,,11.833203892034527,-3.897366588949725,1.1191589994471307,-3.48240651317198,0.0004969286976132,0.0065243664210862,Downregulated
ENSG00000147689,SACK1A,106.38706969929068,3.835729490219215,1.1018969236425369,3.481023867041444,0.000499500980092,0.0065547601565816,Upregulated
ENSG00000123131,PRDX4,3604.659021675842,1.3211410983377971,0.379862529447696,3.477945298418036,0.0005052730259627,0.0066202722450086,Upregulated
ENSG00000183873,SCN5A,60.36383930587662,-2.1894639794302537,0.6295812000129948,-3.477651460026225,0.000505827185773,0.0066241255778026,Downregulated
ENSG00000123570,RAB9B,109.44017491464555,-1.5898774244045424,0.4572580385147616,-3.4769808084045666,0.0005070941135746,0.0066349858081264,Downregulated
ENSG00000081320,STK17B,2888.642206732692,1.386631859643935,0.3988084812244843,3.4769367376202247,0.0005071774711798,0.0066349858081264,Upregulated
ENSG00000276007,,26.77645548091225,-1.976268433670413,0.5684406293903359,-3.4766488028661864,0.0005077223992949,0.006638704944785,Downregulated
ENSG00000166501,PRKCB,832.3771549549592,2.010849723981722,0.5785624249980036,3.475596819113617,0.0005097179642759,0.0066593676495178,Upregulated
ENSG00000295242,,7.674136191816524,6.492187714569748,1.8679650727728168,3.475540206398352,0.0005098255630544,0.0066593676495178,Upregulated
ENSG00000173432,SAA1,5503.716790139947,-2.8211528403077133,0.8118345317702909,-3.4750342956660045,0.0005107880432994,0.006668519862061,Downregulated
ENSG00000229994,RPL5P4,31.72790154182012,-1.8575261843740951,0.5345864820939555,-3.4746972596430674,0.0005114301841738,0.006673482695231,Downregulated
ENSG00000105538,RASIP1,1132.2284284712223,-1.4743064690743282,0.4244911259037012,-3.47311493481912,0.0005144549947435,0.0067095151925816,Downregulated
ENSG00000287404,,24.621690984576404,-2.9508461981037364,0.8497304751123319,-3.472684909545751,0.000515279918577,0.0067168345988103,Downregulated
ENSG00000178828,RNF186,25.41619769160016,-3.367272490391539,0.9700707149590148,-3.4711618838362783,0.000518211487983,0.0067515932534092,Downregulated
ENSG00000133131,MORC4,1660.944690401567,1.6235138768762882,0.4680758507602189,3.4684845933399053,0.0005234025372322,0.0068122565282795,Upregulated
ENSG00000280587,LINC01348,203.9657014781293,4.005376522204828,1.155075985720557,3.46763033057622,0.0005250690554246,0.0068304565427584,Upregulated
ENSG00000148053,NTRK2,5421.071557957192,-2.361661210394659,0.6811207165171803,-3.46731666373429,0.0005256822051488,0.006831454820075,Downregulated
ENSG00000145779,TNFAIP8,1782.139081153397,1.3558338624134243,0.3910258941387705,3.467376157785232,0.0005255658561034,0.006831454820075,Upregulated
ENSG00000143297,FCRL5,662.6182049149435,2.5244149224811947,0.7282782273706622,3.4662781717300697,0.0005277169937228,0.0068514420440815,Upregulated
ENSG00000173531,MST1,237.8963115007828,-1.2052526702543216,0.3477101117819521,-3.4662571763519243,0.0005277582069996,0.0068514420440815,Downregulated
ENSG00000128815,WDFY4,1098.836628490972,2.133320801706311,0.6155772372260516,3.465561545647139,0.0005291254057557,0.0068656919052495,Upregulated
ENSG00000184500,PROS1,2493.008769580211,-1.3533388457754816,0.3906174751948104,-3.464614185785054,0.0005309926639032,0.0068864124960688,Downregulated
ENSG00000253434,LINC02237,10.101147271097917,-5.210345504379431,1.503964527989901,-3.4644071767724687,0.0005314014978792,0.00688666284959,Downregulated
ENSG00000037474,NSUN2,3119.543407554308,1.234470309077993,0.3563935692328965,3.4637839053467587,0.0005326342041416,0.00688666284959,Upregulated
ENSG00000117228,GBP1,4483.637356951422,2.5080850785994464,0.7240354168688845,3.464036454799055,0.0005321343910719,0.00688666284959,Upregulated
ENSG00000066336,SPI1,1932.2327486262368,1.602601298719898,0.462627102431621,3.464131890017774,0.0005319456318899,0.00688666284959,Upregulated
ENSG00000152578,GRIA4,293.82323484393527,-3.359407913907725,0.9698518293331436,-3.463836240034322,0.0005325305942078,0.00688666284959,Downregulated
ENSG00000055813,CCDC85A,85.74199491876789,-2.210569674418705,0.6382767357104409,-3.463340508499352,0.0005335127759314,0.0068918736827819,Downregulated
ENSG00000104047,DTWD1,1422.2167642582967,-1.0212780908821193,0.2948851964149502,-3.463307427087724,0.0005335783794293,0.0068918736827819,Downregulated
ENSG00000135324,MRAP2,110.01120766930222,-2.210543848240918,0.6383973970770753,-3.462645459336096,0.0005348927038251,0.0069053482306795,Downregulated
ENSG00000213654,GPSM3,1012.2603045561082,1.5941166333595518,0.4604583110150124,3.462021631981312,0.0005361340615126,0.0069178676194468,Upregulated
ENSG00000237372,LINC03062,21.13763074922089,2.971960645673064,0.8585026804672702,3.461795418105708,0.0005365848686144,0.0069192679718029,Upregulated
ENSG00000149596,JPH2,709.1598652270934,-2.058369018020843,0.5946131173465782,-3.461694601030968,0.0005367858942437,0.0069192679718029,Downregulated
ENSG00000147324,MFHAS1,1113.3823863138432,1.097171453710865,0.3169667055706224,3.4614722443345305,0.0005372295135986,0.006921483531043,Upregulated
ENSG00000113273,ARSB,677.5137906684963,1.2653102316581502,0.3656420363285296,3.4605163136146304,0.0005391405654682,0.0069383478234265,Upregulated
ENSG00000250742,LINC02381,647.3869765204435,-1.0410063795105289,0.3008333431098061,-3.4604089053072644,0.000539355686482,0.0069383478234265,Downregulated
ENSG00000112972,HMGCS1,2418.6700573494363,1.6242625226767236,0.469434507897169,3.460040741258253,0.0005400936649874,0.0069443340438642,Upregulated
ENSG00000263307,RSL1D1-DT,39.06017444802043,-1.338141448924848,0.386761615024231,-3.45986105379411,0.0005404541869458,0.0069454634690706,Downregulated
ENSG00000283674,LOC729732,138.6712578318344,-1.6688043285761462,0.482410098989069,-3.459306370395782,0.0005415685093991,0.0069562740811424,Downregulated
ENSG00000160460,SPTBN4,109.44679791681952,-1.3862131886176607,0.4008018785705345,-3.45859952942738,0.0005429916083062,0.0069701687194234,Downregulated
ENSG00000223878,PPIAP53,10.740296343726351,-3.0110315939570533,0.870943455294114,-3.457206751660176,0.0005458059204953,0.0070001120850643,Downregulated
ENSG00000308991,,17.64286195697458,-2.386364957577891,0.6903063199178244,-3.456965246764609,0.0005462952968791,0.0070028623587361,Downregulated
ENSG00000224666,ETV7-AS1,7.171405372792122,4.360875058474232,1.2615724024141666,3.456698204660459,0.0005468368967636,0.0070062789725687,Upregulated
ENSG00000144158,SNRPA1P1,78.94851146110302,1.4814695796377109,0.4287219341195079,3.455548834188515,0.0005491737003686,0.0070291473980353,Upregulated
ENSG00000150938,CRIM1,8997.502505769122,-1.3847637747055153,0.4008217513507303,-3.454811945806324,0.0005506767701879,0.0070413092437036,Downregulated
ENSG00000158517,NCF1,477.4158467287807,1.92814564436798,0.5580962170230729,3.454862415396494,0.0005505737026032,0.0070413092437036,Upregulated
ENSG00000140067,FAM181A,9.575582644240423,-4.02931530159703,1.1664438053988648,-3.4543586951616656,0.0005516031917889,0.0070496161053964,Downregulated
ENSG00000175352,NRIP3,286.1264799026903,-1.8618137450101289,0.5391179561605223,-3.4534441372896394,0.0005534769240067,0.0070700154119243,Downregulated
ENSG00000161714,PLCD3,1321.2216040187452,-1.3233078711908353,0.3832094482409582,-3.453223497659569,0.000553929853948,0.0070711885290934,Downregulated
ENSG00000139865,TTC6,389.1332022827416,-2.289553764612272,0.6630374310347218,-3.453128974995038,0.0005541239960767,0.0070711885290934,Downregulated
ENSG00000144867,SRPRB,1111.8196700087196,1.0310553105340687,0.2987785218891104,3.4509017047642327,0.0005587170169652,0.0071242809015724,Upregulated
ENSG00000237560,LINC01497,16.816578991106006,-3.6743100154216695,1.065259599686717,-3.4492155869820373,0.0005622176422453,0.0071598902764154,Downregulated
ENSG00000162896,PIGR,2209.8348049910333,-3.17815615509343,0.9214068157601668,-3.4492431581064764,0.0005621602366772,0.0071598902764154,Downregulated
ENSG00000205364,MT1M,254.92247612132812,-1.967316653768576,0.5703890145682974,-3.4490787927561204,0.0005625025409121,0.0071598902764154,Downregulated
ENSG00000185480,PARPBP,182.0913841893386,1.7222456572059994,0.4993971447765894,3.4486493870053345,0.000563397729611,0.007160830125211,Upregulated
ENSG00000099957,P2RX6,33.10083022516504,-2.219805505596463,0.6438208307934774,-3.4478621992715928,0.0005650422383234,0.0071781500510412,Downregulated
ENSG00000137078,SIT1,492.1940825157511,2.3137771551945363,0.6715265886342552,3.445548090508636,0.0005699025511616,0.0072360446889904,Upregulated
ENSG00000185271,KLHL33,58.25743194596957,-1.7685630328037385,0.5133080480786778,-3.445422372439912,0.0005701677080131,0.0072360446889904,Downregulated
ENSG00000173218,VANGL1,1395.80773397688,1.3457975088191183,0.3906785418315602,3.4447694580557604,0.0005715466436403,0.0072463238228784,Upregulated
ENSG00000167600,CYP2S1,251.0920531123376,1.992544685862887,0.5784091644084938,3.444870531919302,0.0005713329757054,0.0072463238228784,Upregulated
ENSG00000111262,KCNA1,80.78068297563595,-3.5703547793794392,1.0367398757245396,-3.443828932386968,0.0005735384650786,0.0072679593253816,Downregulated
ENSG00000289405,,497.4121539056134,-1.0932430546814742,0.3176313338857695,-3.441861485474981,0.0005777259941055,0.0073173837871024,Downregulated
ENSG00000261220,ST3GAL1-DT,78.1445254249935,2.0957253858456544,0.6090877776151322,3.440760860530504,0.0005800809719716,0.0073370436845833,Upregulated
ENSG00000164171,ITGA2,1677.5685922928667,-1.4589876848032537,0.4240340684755338,-3.44073222712631,0.00058014235722,0.0073370436845833,Downregulated
ENSG00000198467,TPM2,7348.917716391106,-1.4590164044536822,0.424092755446653,-3.4403238105707583,0.000581018592904,0.0073444786996821,Downregulated
ENSG00000122547,EEPD1,810.5103397479515,-1.3858909122309329,0.4029124999544101,-3.43968209570998,0.0005823978468545,0.0073582616851347,Downregulated
ENSG00000108001,EBF3,389.9339338506204,-1.687951958261626,0.4908056305197685,-3.439145464721068,0.0005835535811415,0.0073692083615553,Downregulated
ENSG00000224238,WARS2-IT1,19.39661098981123,-2.9507608460047634,0.8581610066947924,-3.438469964243214,0.0005850114321937,0.0073839574774073,Downregulated
ENSG00000289224,,33.919553340904294,-3.1433217053122484,0.9144538830371156,-3.4373758629276527,0.0005873798941859,0.0074101799330407,Downregulated
ENSG00000008517,IL32,4078.7448254478263,2.1119037072086955,0.6149066773462181,3.434510934770035,0.0005936241213035,0.0074741473028781,Upregulated
ENSG00000087088,BAX,2069.27610092101,1.1034552001207425,0.3212832261103632,3.4345247757867607,0.0005935938062657,0.0074741473028781,Upregulated
ENSG00000136950,ARPC5L,2567.9380695508808,1.2021344802763283,0.3500610389478099,3.434071051978889,0.0005945883177027,0.0074825884585997,Upregulated
ENSG00000128709,HOXD9,780.0019307011414,-1.903542550092144,0.5543719000023235,-3.4336923463908717,0.0005954195849325,0.0074893492581816,Downregulated
ENSG00000106268,NUDT1,812.8046622208077,1.549128660797496,0.4512548653510863,3.432935087785124,0.0005970850296402,0.0075065907156793,Upregulated
ENSG00000290576,GOLGA2P5,266.21839058784855,-1.256349491339794,0.3659877798993768,-3.432763497418438,0.0005974630117455,0.0075076370854317,Downregulated
ENSG00000260920,,122.30759893655026,1.7482654008934682,0.5094047157960462,3.431977260284008,0.0005991977979156,0.0075257234273714,Upregulated
ENSG00000178734,LMO7DN,30.761954262047063,-3.26731277656127,0.9520598463176684,-3.4318354977351757,0.0005995110871091,0.007525947215257,Downregulated
ENSG00000233871,DLG5-AS1,43.9198343843236,-1.4663687171438384,0.4273100726631588,-3.4316268465306026,0.0005999724747259,0.0075280290166234,Downregulated
ENSG00000140682,TGFB1I1,1648.5087297445436,-1.3023654657073198,0.3795560591793603,-3.4312861939898136,0.0006007264654526,0.0075300707684764,Downregulated
ENSG00000221818,EBF2,286.53635109565494,-1.3480324115700444,0.3928504489027941,-3.4314136978461183,0.0006004441488014,0.0075300707684764,Downregulated
ENSG00000281566,LINC03077,13.172752515018807,5.917691345099714,1.7249149698637425,3.430714816955397,0.0006019931157524,0.0075422364246589,Upregulated
ENSG00000302785,,30.506359588250756,-3.1963030525900407,0.9317697948771568,-3.430357015395028,0.0006027875690323,0.0075484769768056,Downregulated
ENSG00000113205,PCDHB3,111.21491857586192,-1.4298203089754753,0.4170130884214377,-3.428718063473548,0.0006064391427452,0.0075904724348231,Downregulated
ENSG00000260997,,48.93890809424296,2.5976740381237247,0.7577517240949015,3.4281334578638183,0.0006077466136325,0.0076031011767361,Upregulated
ENSG00000111181,SLC6A12,57.28793877001936,2.023994840224336,0.5906310101296379,3.426834699688539,0.0006106606805881,0.0076358066741582,Upregulated
ENSG00000143106,PSMA5,2553.7700810544125,1.109220303866244,0.32378224671705,3.42582187600786,0.000612942204885,0.007660574534164,Upregulated
ENSG00000130294,KIF1A,525.7292832547841,4.98315938582144,1.4552082542454694,3.42436168244883,0.0006162454555487,0.0076980814116147,Upregulated
ENSG00000306221,,6.953134129885967,-4.693668233418266,1.3709581475458057,-3.4236407886123623,0.0006178823626226,0.0077147459109621,Downregulated
ENSG00000170153,RNF150,758.8797482249606,-1.388222192443935,0.4055221762958332,-3.4232953796125085,0.0006186681029298,0.007720771802904,Downregulated
ENSG00000135898,GPR55,66.12214267538307,2.159031317213761,0.6307446428542265,3.4229879582389766,0.0006193682104227,0.0077257236472468,Upregulated
ENSG00000163762,TM4SF18,1755.1807846246984,-1.9024760803971443,0.5558482893647945,-3.422653477212698,0.0006201307796534,0.0077314493825521,Downregulated
ENSG00000170324,FRMPD2,18.478796853702057,-3.869142586834968,1.1307048548350251,-3.421885534753004,0.0006218848858419,0.0077495254047357,Downregulated
ENSG00000101144,BMP7,823.0849936270466,2.748931067838132,0.8034917691324368,3.421231148150112,0.0006233832536821,0.0077643984618763,Upregulated
ENSG00000211772,TRBC2,2237.2215183085877,2.31273986189403,0.6761440345854557,3.42048401464042,0.000625098093194,0.0077781502353419,Upregulated
ENSG00000284194,SCO2,108.54076808601022,1.95773478407238,0.5723341315658977,3.420615119905651,0.0006247968599641,0.0077781502353419,Upregulated
ENSG00000245694,LOC101927480,3279.548764449137,-1.2389048208884226,0.3622914456661356,-3.419635864187964,0.0006270501078844,0.0077986295400021,Downregulated
ENSG00000159714,ZDHHC1,821.834517397333,-1.068102082761038,0.3123888343443793,-3.419142956894405,0.0006281871359473,0.0078089578036671,Downregulated
ENSG00000275612,,6.570208987913098,-4.510370465874858,1.3193116173140087,-3.418730197386981,0.000629140756129,0.0078169971704211,Downregulated
ENSG00000117560,FASLG,196.0909771267332,2.5087113816911053,0.733903393226774,3.418312825426494,0.0006301064019844,0.0078251780423925,Upregulated
ENSG00000175779,LINC02694,20.79337345342469,2.8815464581159813,0.8431137983365213,3.417743208332403,0.0006314265124248,0.0078377508274724,Upregulated
ENSG00000163072,NOSTRIN,865.4002011155593,-1.6394773456990193,0.4799232251921988,-3.4161242041212825,0.0006351926817533,0.0078768221990938,Downregulated
ENSG00000173540,GMPPB,444.2481451137247,1.031188860588212,0.3018739682382469,3.4159582113233773,0.0006355799972405,0.0078777898344109,Upregulated
ENSG00000008516,MMP25,179.3127941241569,2.243577935260708,0.6569556225693044,3.4151133778050973,0.000637554676867,0.0078984217774706,Upregulated
ENSG00000136868,SLC31A1,2860.9536963986748,1.4033297931320965,0.4109648757151011,3.4147195443168386,0.0006384771562056,0.0079021630931559,Upregulated
ENSG00000207563,MIR23B,8.220292612242055,-3.8629424298846975,1.1315013032691967,-3.413997331442455,0.0006401720279029,0.0079192917545971,Downregulated
ENSG00000211753,TRBV28,124.48416614242058,2.6174316795902914,0.7669614018351208,3.41272934117352,0.0006431578442384,0.007952365752717,Upregulated
ENSG00000146918,NCAPG2,1174.6174102274078,1.5904881284416894,0.4662547221239643,3.4112000436079706,0.000646776208111,0.0079893485920443,Upregulated
ENSG00000113594,LIFR,3703.032762588836,-2.3178113240392646,0.6794485347673903,-3.4113125651713543,0.0006465093348086,0.0079893485920443,Downregulated
ENSG00000246640,PICART1,42.0081380566577,-2.059595428091074,0.6041543346375627,-3.4090551205374413,0.0006518830673659,0.0080407329825073,Downregulated
ENSG00000143977,SNRPG,2370.8995921059955,1.114067267767895,0.3268701045806509,3.408287427194228,0.0006537199673182,0.0080555884313316,Upregulated
ENSG00000272622,,236.65512251154863,-1.912661428199188,0.5611741104483687,-3.408320862612503,0.0006536398644933,0.0080555884313316,Downregulated
ENSG00000180818,HOXC10,506.7914796106942,1.9406262211041867,0.569434508099941,3.407988440285373,0.0006544366704176,0.0080566246651556,Upregulated
ENSG00000176697,BDNF,23.17530115715259,-2.658496303482439,0.7800570153033423,-3.4080794753812,0.0006542183723739,0.0080566246651556,Downregulated
ENSG00000147155,EBP,472.706357323577,1.429145239305261,0.419430079054442,3.4073503801327463,0.0006559686120701,0.0080715828589553,Upregulated
ENSG00000101109,STK4,2923.6256249540384,1.1605456543955963,0.3406234046396325,3.4071224660073285,0.000656516627171,0.0080744254035123,Upregulated
ENSG00000196208,GREB1,1235.6576939168954,-2.731810405245197,0.801884516231874,-3.406737940373528,0.000657442176788,0.008081906218614,Downregulated
ENSG00000291006,LOC730101,399.6845643700967,1.7258896686190617,0.5066646436126306,3.406374789274988,0.0006583173920312,0.0080874183515062,Upregulated
ENSG00000309712,,13.294839155222007,3.433803151563528,1.0080776156903468,3.406288462433528,0.0006585256040604,0.0080874183515062,Upregulated
ENSG00000304024,,6.423700938714439,3.703734680225976,1.0875086846666076,3.4057058416608528,0.0006599324313172,0.0081007898593159,Upregulated
ENSG00000244733,,33.608810134973375,-1.4949352287626132,0.4390197705753214,-3.40516607441972,0.0006612382755529,0.008112909497403,Downregulated
ENSG00000157680,DGKI,255.7942088450185,-2.012761530516274,0.5911278980930412,-3.404951004696911,0.0006617592569763,0.0081153924094584,Downregulated
ENSG00000133106,EPSTI1,951.6227807415016,2.159981156359377,0.6345984005842213,3.403697762822699,0.0006648026896817,0.0081448722024451,Upregulated
ENSG00000105373,NOP53,23020.480776958702,-1.1857504120411728,0.3483907228311057,-3.403507425242221,0.0006652660513398,0.0081466305738835,Downregulated
ENSG00000107159,CA9,60.56956060768895,3.407880735110876,1.0017882167200214,3.401797583793408,0.0006694420094852,0.0081898930949082,Upregulated
ENSG00000154065,ANKRD29,758.1991202154059,-2.025372270404104,0.5953601860604605,-3.401927636119124,0.0006691235274082,0.0081898930949082,Downregulated
ENSG00000117834,SLC5A9,37.05343627472035,-2.071953096212574,0.6091323252938188,-3.401482748782302,0.0006702135851847,0.0081953961729432,Downregulated
ENSG00000154127,UBASH3B,730.6410743282561,2.16010734242902,0.6351655066710937,3.400857445408451,0.0006717484874911,0.0082075752612983,Upregulated
ENSG00000148180,GSN,40135.446738217375,-1.714567169037422,0.5041636860208205,-3.400814490567286,0.0006718540465551,0.0082075752612983,Downregulated
ENSG00000124935,SCGB1D2,2079.0584252380827,-4.848946658206691,1.4259605774770503,-3.400477358768168,0.0006726830643108,0.0082114277648248,Downregulated
ENSG00000166396,SERPINB7,8.82330546237051,6.694969517492735,1.9698537123002131,3.398714064748985,0.000677034576672,0.0082589787846811,Upregulated
ENSG00000171533,MAP6,178.2289426504646,-1.4240312445180714,0.4190082721722206,-3.3985754914470205,0.0006773776589214,0.008259208401335,Downregulated
ENSG00000276975,HYDIN2,41.73524259205153,-2.4165457323977697,0.7113048284460178,-3.3973419492697365,0.0006804388151955,0.0082925631874856,Downregulated
ENSG00000228427,LOC107985688,37.898431922471815,2.403227423392297,0.7074502042812726,3.39702696931699,0.0006812225273784,0.0082981439478037,Upregulated
ENSG00000233588,CYP51A1P2,8.134133913682723,2.784800709745611,0.8198901029481852,3.396553635337153,0.0006824018235486,0.0083015317416585,Upregulated
ENSG00000118113,MMP8,38.448415441053065,4.8136344143738,1.4171700273925878,3.396652710211684,0.0006821548248058,0.0083015317416585,Upregulated
ENSG00000168329,CX3CR1,773.5397108694498,-2.130108320625665,0.6271438080436994,-3.396522923937151,0.0006824784055212,0.0083015317416585,Downregulated
ENSG00000179314,WSCD1,152.84643280095963,-1.6427980681512655,0.4837975253752262,-3.395631399472611,0.0006847049967767,0.0083246400825298,Downregulated
ENSG00000151025,GPR158,81.15054579427368,3.796448224151123,1.118118702077246,3.3953892525883558,0.0006853109260489,0.0083280317735651,Upregulated
ENSG00000252464,RN7SKP70,7.3932218611127904,-4.016720911472065,1.183270189313447,-3.394593177237596,0.0006873064768315,0.0083482991279813,Downregulated
ENSG00000123364,HOXC13,253.35873338744935,2.956927965266539,0.8711292943757256,3.3943617604841907,0.0006878875899993,0.0083513750261546,Upregulated
ENSG00000052802,MSMO1,4388.739922160896,2.737192723586287,0.8065161101599526,3.393847548864749,0.0006891804676248,0.0083593118631651,Upregulated
ENSG00000146731,CCT6A,7308.928647593905,1.0144462123128806,0.2989080228041068,3.393840696533297,0.0006891977116189,0.0083593118631651,Upregulated
ENSG00000015413,DPEP1,248.9022782083221,2.771985357574936,0.8171048707117766,3.392447477592773,0.000692712109579,0.0083979391447354,Upregulated
ENSG00000043462,LCP2,1610.5214468769395,1.883249074071916,0.5551761667766467,3.392164842028543,0.0006934270875478,0.0084026076816985,Upregulated
ENSG00000111412,SPRING1,2683.6361843144164,1.2029452475443312,0.354667992069301,3.3917502409106013,0.0006944771373959,0.008407332303523,Upregulated
ENSG00000167476,JSRP1,305.1108432671075,2.029092357036768,0.5982212723620199,3.391875967608255,0.0006941585565261,0.008407332303523,Upregulated
ENSG00000214870,LINC02981,104.86763707549268,-1.7057651759887529,0.503032662414073,-3.3909630595411446,0.0006964748795753,0.0084235098089577,Downregulated
ENSG00000244482,LILRA6,142.7541752078433,2.10265883393831,0.6200717976865072,3.390992529870487,0.0006963999923967,0.0084235098089577,Upregulated
ENSG00000276557,TRBV18,31.02760538262453,2.8791289338280763,0.8495356122535868,3.389062085567586,0.0007013212945814,0.0084780990480698,Upregulated
ENSG00000186976,EFCAB6,100.76715263533718,-1.2284441952603435,0.3625397219510022,-3.388440275315182,0.0007029133509919,0.0084933140242482,Downregulated
ENSG00000185669,SNAI3,125.52383823577084,2.0014126778649084,0.5908419364366747,3.3873910337767903,0.0007056074012263,0.0085218236683903,Upregulated
ENSG00000224220,DTNB-AS1,21.040387008079627,2.6879391725051858,0.7935499926148919,3.38723356753862,0.000706012541232,0.008522675562901,Upregulated
ENSG00000262152,GREP1,249.1469231821815,3.6236035308019168,1.069901510037123,3.386857104890137,0.0007069820066155,0.0085303357131707,Upregulated
ENSG00000233926,TLE1-DT,27.731299662981357,-2.481739590161096,0.7332416680383878,-3.38461342056623,0.0007127856378034,0.008596289290006,Downregulated
ENSG00000119812,TSLIG3A,1604.657332598914,1.2385758161800184,0.3662534829846038,3.3817448126004157,0.0007202702104625,0.0086742328750315,Upregulated
ENSG00000172115,CYCS,3130.462233268664,1.1318875464581586,0.3346798603383337,3.382000773258103,0.000719599420603,0.0086742328750315,Upregulated
ENSG00000164134,NAA15,2008.5271572938104,1.0793268502253703,0.3191534412964044,3.381843059066304,0.000720012669677,0.0086742328750315,Upregulated
ENSG00000198851,CD3E,1392.7702798907137,2.301845193887184,0.6809388453561358,3.3803992966259733,0.0007238059347106,0.0087085786315613,Upregulated
ENSG00000289080,,8.821321219841192,3.2094382397304697,0.9493961267748738,3.380504880121035,0.0007235279022609,0.0087085786315613,Upregulated
ENSG00000100644,HIF1A,4786.058276118824,1.3652830802274307,0.4039735829943791,3.3796345545852864,0.0007258226906865,0.0087287203751066,Upregulated
ENSG00000079435,LIPE,3296.402623569681,-3.021726658901396,0.8942657971828104,-3.379002829383264,0.0007274925942899,0.008744673841038,Downregulated
ENSG00000119969,HELLS,314.16375798242154,1.411374124980767,0.4177367850776953,3.3786206419869487,0.0007285046011937,0.0087485811867069,Upregulated
ENSG00000253661,LOC107986952,32.32452640805986,-1.9243131992884812,0.5697020555984023,-3.3777536527707035,0.0007308051812989,0.0087720729372598,Downregulated
ENSG00000118503,TNFAIP3,2073.6590945729617,1.5803979644642496,0.4679209136672851,3.3774894823102324,0.0007315075052794,0.0087722352481038,Upregulated
ENSG00000185250,PPIL6,189.34443705370307,-1.2389557513561251,0.3668270261506314,-3.377493104467632,0.0007314978711684,0.0087722352481038,Downregulated
ENSG00000286250,LOC105372668,32.30797454172885,-4.317385002090841,1.278389065133346,-3.3772073931503037,0.0007322581600978,0.0087771047509895,Downregulated
ENSG00000109684,CLNK,59.81976033902836,2.5662164052285017,0.7599802429739809,3.376688313878128,0.0007336413287242,0.0087812867875633,Upregulated
ENSG00000120337,TNFSF18,38.10498903318376,3.0277027192849446,0.8966186942731964,3.376800794611154,0.0007333414002627,0.0087812867875633,Upregulated
ENSG00000233682,FNDC1-AS1,25.54307106669876,3.3826503453213044,1.0019263416874775,3.376146733126242,0.0007350870427132,0.0087944584616949,Upregulated
ENSG00000211941,IGHV3-11,2191.0474023029547,3.0822846462423823,0.9130457657759778,3.3758271072237163,0.0007359415041614,0.0088005474424859,Upregulated
ENSG00000267710,EDDM13,39.21818516097574,-1.3441259000395496,0.3982004422011997,-3.3755007719464056,0.0007368148536155,0.0088068564694701,Downregulated
ENSG00000113263,ITK,830.0632679217812,2.3847835901488548,0.7066165750554556,3.3749329895943867,0.0007383366667156,0.0088209067720051,Upregulated
ENSG00000176563,CNTD1,34.228596130473605,-1.6418104217162006,0.4865606103489758,-3.374318403083729,0.0007399872177905,0.0088364812116004,Downregulated
ENSG00000128340,RAC2,2620.4036230545826,1.893892776255595,0.561297005741592,3.3741366101772847,0.0007404761023906,0.0088381756344853,Upregulated
ENSG00000112394,SLC16A10,163.48954549790955,3.0233479556524787,0.8961519665027594,3.373700073940717,0.0007416512780436,0.0088480560670025,Upregulated
ENSG00000293434,AHSA2P,754.9381330291772,-1.0726514507426894,0.3180906281195023,-3.3721567249057998,0.0007458199466908,0.0088936235309745,Downregulated
ENSG00000245164,LINC00861,232.92291824634967,2.2466330069036555,0.6663526650461442,3.3715375127194527,0.0007474985806104,0.0088969796012752,Upregulated
ENSG00000104723,TUSC3,2333.217507933633,-1.0624700559953155,0.3151164308905126,-3.3716745680090265,0.0007471267327822,0.0088969796012752,Downregulated
ENSG00000177133,,113.45321297919337,-2.0455843824196607,0.6066745157453123,-3.371798764130743,0.000746789921829,0.0088969796012752,Downregulated
ENSG00000186891,TNFRSF18,392.8303763601696,1.8885056350401117,0.560125831386115,3.371573902183233,0.0007473998347721,0.0088969796012752,Upregulated
ENSG00000172901,LVRN,138.73806221356256,-3.296955177284123,0.9783140230831128,-3.370037737876757,0.0007515789000609,0.0089413667274417,Downregulated
ENSG00000267764,CTIF-AS1,10.272829742024625,2.6800037057552326,0.7954903790915303,3.368995749283433,0.0007544259229514,0.0089710470044328,Upregulated
ENSG00000157429,ZNF19,140.95405374441614,-1.2655961236977649,0.3756835154747468,-3.3687826895956454,0.0007550092972548,0.0089737945918705,Downregulated
ENSG00000290960,TSSC2,137.5195360920368,-1.8844982269821944,0.5596212737962055,-3.36745280285478,0.0007586601102959,0.0090129811890613,Downregulated
ENSG00000167549,CORO6,192.4305697949457,-1.57889187626177,0.469188069150978,-3.365157769503523,0.0007649990272696,0.0090798183707294,Downregulated
ENSG00000144554,FANCD2,544.8235533841048,1.662986632669359,0.4941985091445545,3.3650175018697404,0.00076538803873,0.0090802043476916,Upregulated
ENSG00000167914,GSDMA,38.8639640676085,2.455908456712155,0.7299720971470212,3.364386757124936,0.0007671395865475,0.009093691704568,Upregulated
ENSG00000250305,TRMT9B,747.8771115342406,-2.448244761577512,0.7277019407172093,-3.364351013224684,0.0007672389569752,0.009093691704568,Downregulated
ENSG00000187398,LUZP2,100.33746711337425,-3.225200249678485,0.9590889257711148,-3.3627749867775814,0.0007716323144644,0.0091415100845229,Downregulated
ENSG00000179071,CCDC89,68.38044823400246,-1.209920409781674,0.3598231914170876,-3.3625414888258267,0.0007722852001429,0.0091449913216372,Downregulated
ENSG00000048991,R3HDM1,1112.582488281766,1.1183914388648102,0.3326202104944849,3.3623676601075143,0.0007727715771187,0.0091464985319663,Upregulated
ENSG00000233093,LINC00892,72.05018309456075,1.94287519453764,0.5782061305263348,3.360177438397378,0.0007789242843535,0.0092107615816013,Upregulated
ENSG00000102096,PIM2,2929.842444509017,1.901247090623104,0.5658481728648133,3.3599951043357543,0.0007794385369477,0.0092112417634666,Upregulated
ENSG00000185053,SGCZ,9.797298302219598,-4.063745291273116,1.209481611008289,-3.359906636269862,0.0007796881646591,0.0092112417634666,Downregulated
ENSG00000163064,EN1,1203.721028049907,3.5905651630871738,1.0688646387200036,3.3592328092984527,0.0007815919188752,0.0092251750536008,Upregulated
ENSG00000080854,IGSF9B,316.3974289784826,-1.7533298273572164,0.5222136772401341,-3.3574950327296142,0.0007865215667907,0.0092747642720964,Downregulated
ENSG00000115756,HPCAL1,2644.7185613148217,1.861586139124925,0.5547820321047756,3.355527092437176,0.0007921389716323,0.0093146353766391,Upregulated
ENSG00000230393,,19.11620328378089,-2.972998542088064,0.8860524875887599,-3.355330055196357,0.0007927034523566,0.0093146353766391,Downregulated
ENSG00000211797,TRAV17,28.971835261273288,2.610559411855329,0.7780432060323508,3.3552884873424147,0.0007928225854024,0.0093146353766391,Upregulated
ENSG00000197150,ABCB8,1388.1935329675398,1.0467404122008648,0.3119153859199488,3.355847320944612,0.0007912223630985,0.0093146353766391,Upregulated
ENSG00000164849,GPR146,260.18388783558976,-1.4926206050287554,0.4448084428640376,-3.3556480974552843,0.0007917924962062,0.0093146353766391,Downregulated
ENSG00000082684,SEMA5B,114.74821156123372,1.307747666620603,0.3897001263769752,3.3557794265520897,0.0007914166188651,0.0093146353766391,Upregulated
ENSG00000180353,HCLS1,2959.3979262973903,1.7136985365794388,0.5106715182657101,3.355774652166475,0.0007914302807449,0.0093146353766391,Upregulated
ENSG00000268027,,165.61133538126765,2.3183332353094115,0.6909494132639771,3.355286495371395,0.0007928282947883,0.0093146353766391,Upregulated
ENSG00000176788,BASP1,1128.6702569267795,1.567234330627821,0.4672649121726563,3.3540595276897687,0.0007963522883758,0.0093517238991343,Upregulated
ENSG00000211632,IGKV3D-11,224.134923505165,3.4334913230208493,1.0237709786650322,3.353768952796477,0.0007971889794775,0.0093572352517389,Upregulated
ENSG00000204839,MROH6,523.2866312108663,2.176449483071488,0.648993643914029,3.3535759609993927,0.000797745137326,0.0093594502039755,Upregulated
ENSG00000181544,FANCB,148.6692117318405,2.154384352392191,0.6424649518245598,3.353310318755717,0.000798511245949,0.009360261447747,Upregulated
ENSG00000211807,TRAV26-1,18.520028412763065,3.096312346763984,0.9233635472792924,3.353297144864908,0.0007985492570356,0.009360261447747,Upregulated
ENSG00000148459,PDSS1,173.98723358873042,1.481457868583881,0.4418414361772833,3.352917466051021,0.0007996454794235,0.0093687994509645,Upregulated
ENSG00000104687,GSR,2342.435422929659,1.823015168038555,0.5437625587769785,3.3525941398739354,0.0008005800992871,0.0093754371075602,Upregulated
ENSG00000104808,DHDH,20.95662615076378,2.178740995498854,0.650031943366618,3.351744506915785,0.0008030409172778,0.0093999334577129,Upregulated
ENSG00000174501,ANKRD36C,603.920284809459,-1.4458490957794898,0.4314288211757771,-3.3513039111274567,0.0008043197904342,0.0094019409739105,Downregulated
ENSG00000107551,RASSF4,2315.986402175198,1.523793861447612,0.4546848989488859,3.3513183854802087,0.0008042777471768,0.0094019409739105,Upregulated
ENSG00000266524,GDF10,220.49342841771656,-2.1314015240794806,0.6360226888146968,-3.351140708598931,0.0008047939815264,0.0094031685795684,Downregulated
ENSG00000254605,,33.79917189692145,1.735948726717868,0.518059833938489,3.350865311291404,0.0008055947470559,0.00940820898774,Upregulated
ENSG00000172943,PHF8,2452.450139758113,1.1368573233000905,0.3393983170440153,3.3496256940857347,0.0008092083117812,0.0094460792435289,Upregulated
ENSG00000013588,GPRC5A,4923.942849148602,3.1092940579346817,0.9283982970306356,3.3490949605135696,0.0008107600280898,0.0094598573868426,Upregulated
ENSG00000153976,HS3ST3A1,93.45698377060268,1.877669131596944,0.5607165412240589,3.3486958089339454,0.0008119288540706,0.009465082779472,Upregulated
ENSG00000164211,STARD4,469.8692242741238,1.8407112512988373,0.5497886874518797,3.3480340598312988,0.0008138700834088,0.0094787768150464,Upregulated
ENSG00000197930,ERO1A,2682.551838080596,1.6408444301706304,0.4900743398597061,3.3481541405337727,0.0008135175092717,0.0094787768150464,Upregulated
ENSG00000171444,MCC,1176.589526235682,-1.4319291581670122,0.4277193122436327,-3.3478244193738265,0.0008144859576596,0.0094816141807814,Downregulated
ENSG00000234663,LINC01934,46.433892049965,2.121094353404223,0.6336332872523366,3.347510927972324,0.0008154077283408,0.009488008336487,Upregulated
ENSG00000223745,CCDC18-AS1,679.5619516688561,-1.299419291836423,0.3882303100546352,-3.3470320533539923,0.0008168176502718,0.0095000741415864,Downregulated
ENSG00000273274,ZBTB8B,8.575673016733202,-3.644208441121199,1.088841650929934,-3.346867230885991,0.0008173034502286,0.0095013857511516,Downregulated
ENSG00000004846,ABCB5,133.6529383547758,-2.7617258605317243,0.8254503384315283,-3.3457201868490256,0.0008206916946686,0.0095277293322269,Downregulated
ENSG00000185338,SOCS1,533.9642248877253,1.5186826953824373,0.4543440101937929,3.3425832877925874,0.000830024423308,0.0096316865995802,Upregulated
ENSG00000288048,,20.761873703887424,-2.4531269516980463,0.7339631368627402,-3.3423026695641944,0.0008308640828937,0.0096370396427079,Downregulated
ENSG00000258376,PAPLN-AS1,87.28179447489559,-1.608939253645915,0.4814377831085979,-3.3419463741652087,0.0008319313173695,0.0096450262106139,Downregulated
ENSG00000211955,IGHV3-33,2333.217892998681,2.652616227193473,0.7940262165147475,3.340716177907466,0.0008356259862405,0.0096834529097058,Upregulated
ENSG00000181656,GPR88,107.82973058766822,-2.645405087076328,0.7919518811081819,-3.3403608857833635,0.0008366958702019,0.009691441796232,Downregulated
ENSG00000113088,GZMK,292.5991715049639,2.459216461807656,0.7363021769922613,3.339955440378255,0.0008379183319699,0.0097011899243664,Upregulated
ENSG00000291111,,12.253891584370932,2.7054272652304165,0.8101305432784789,3.339495452525405,0.0008393072510304,0.0097040376718098,Upregulated
ENSG00000143924,EML4,3502.930523049365,1.090880641395198,0.326656962481376,3.3395297412569107,0.0008392036436562,0.0097040376718098,Upregulated
ENSG00000173692,PSMD1,4281.183705087316,1.1287292649062457,0.3379792100178604,3.3396411123826177,0.0008388672047354,0.0097040376718098,Upregulated
ENSG00000211747,TRBV20-1,126.73454240462014,2.034863589223887,0.6094024740585542,3.339112779887349,0.0008404643460976,0.0097130069688989,Upregulated
ENSG00000203875,SNHG5,268.99900423440465,-1.2802203432436687,0.3834318963546224,-3.338846755877708,0.0008412695999543,0.009717903846003,Downregulated
ENSG00000237949,LOC102724768,23.845113087252304,-2.911266611603194,0.8722449340404569,-3.3376709889474263,0.0008448372210086,0.0097546912313284,Downregulated
ENSG00000005022,SLC25A5,5732.280851678783,1.0568874536394264,0.3167114902600703,3.337066971493692,0.0008466754379364,0.0097714862164385,Upregulated
ENSG00000135111,TBX3,3919.241745451212,-1.4770997412798528,0.442669591679293,-3.336799656096522,0.0008474901471124,0.0097764590294837,Downregulated
ENSG00000168374,ARF4,7619.116085888563,1.0264122257199766,0.3077193803331246,3.3355462519417007,0.0008513199095461,0.0098161925830917,Upregulated
ENSG00000143870,PDIA6,8107.98274822519,1.4789515753090046,0.4434244109925559,3.3352957993416217,0.0008520870860713,0.0098205928367973,Upregulated
ENSG00000167874,TMEM88,153.15215292296045,-1.7945346604283343,0.5380670041168025,-3.335150913730403,0.0008525311866472,0.0098212672343245,Downregulated
ENSG00000019144,PHLDB1,3860.460606731144,-1.0784596943601696,0.323384661247193,-3.33491294918222,0.0008532610568133,0.0098252316356656,Downregulated
ENSG00000140368,PSTPIP1,612.9131790491218,2.036656500482771,0.610747538760892,3.334694568912742,0.0008539313691576,0.0098285069606032,Upregulated
ENSG00000065675,PRKCQ,221.696894991506,1.8538839107736849,0.5559850771243074,3.3344130751897723,0.0008547961269963,0.0098340163282407,Upregulated
ENSG00000213398,LCAT,357.4272008543154,-1.1997505152907135,0.3598563128815292,-3.3339710110509917,0.0008561558016168,0.0098452119291115,Downregulated
ENSG00000198734,F5,100.5725130488604,3.0043004289957977,0.9014567043962936,3.3327173832577803,0.000860022551778,0.0098739380041652,Upregulated
ENSG00000171631,P2RY6,683.548334602706,2.1033995236795087,0.6311390900370334,3.3327036098430973,0.0008600651249615,0.0098739380041652,Upregulated
ENSG00000115758,ODC1,4150.65969490601,2.5877335040219265,0.7764772424714271,3.3326585281308487,0.0008602044847568,0.0098739380041652,Upregulated
ENSG00000198914,POU3F3,119.61730091989736,-3.224949245715933,0.9677549425159,-3.332402764414657,0.0008609955162128,0.0098785661231794,Downregulated
ENSG00000232485,RPL37A-DT,58.16601588881485,-1.2961995545269247,0.3890558214991981,-3.3316544385124858,0.000863313830135,0.0099007053432549,Downregulated
ENSG00000148225,WDR31,374.7526818269416,-1.1929018465407566,0.3580940426032908,-3.331252979995245,0.0008645599330525,0.0099099853234117,Downregulated
ENSG00000126785,RHOJ,1271.987912967718,-1.5162019497101615,0.4551634454099605,-3.331115371851831,0.0008649874440585,0.0099099853234117,Downregulated
ENSG00000171700,RGS19,1272.1571965539886,1.1789326387353254,0.3539256337018148,3.3310179497441696,0.0008652902265033,0.0099099853234117,Upregulated
ENSG00000123843,C4BPB,39.33335919247484,-2.5745703312861257,0.7731402737045515,-3.3300170989022546,0.000868406510726,0.0099367395483846,Downregulated
ENSG00000167371,PRRT2,89.2763497968406,-1.8670445598917769,0.5607497945114491,-3.3295501454769703,0.0008698639905186,0.0099489473293667,Downregulated
ENSG00000110848,CD69,613.5653344263189,2.3486003639887425,0.7054205346165323,3.3293620595627336,0.0008704516947543,0.0099512006809196,Upregulated
ENSG00000129667,RHBDF2,1280.0222967609348,1.1813657640833504,0.3548755127711826,3.328958244704457,0.0008717147221801,0.009956702102534,Upregulated
ENSG00000185245,GP1BA,62.04502844580852,1.9258903985776243,0.5785225672705752,3.328980592172621,0.000871644780744,0.009956702102534,Upregulated
ENSG00000301157,,15.686046647656244,-2.9522473191757035,0.8868823753842636,-3.3287924093615797,0.0008722339038458,0.0099581666359737,Downregulated
ENSG00000229847,EMX2OS,168.1546745773015,-2.1675108394025187,0.6513700655520267,-3.3276181298960745,0.0008759184379436,0.0099957520308524,Downregulated
ENSG00000068976,PYGM,133.9653966589577,-1.5854108775747755,0.4765179466270449,-3.327074853731846,0.0008776279521038,0.010006294345585,Downregulated
ENSG00000168874,ATOH8,732.7002713611622,-2.708672547637081,0.8141161225389413,-3.3271329146383763,0.0008774451057192,0.010006294345585,Downregulated
ENSG00000257108,NHLRC4,90.41297134430872,-1.5804487596987868,0.4751093878387437,-3.326494487697231,0.000879457592906,0.0100226686124878,Downregulated
ENSG00000246705,H2AJ,371.58505794988326,-1.3308490263988595,0.4001377345605544,-3.3259773109388093,0.0008810910045149,0.0100367929230774,Downregulated
ENSG00000076344,RGS11,268.50639734431417,-1.6619376731858273,0.4998196697929878,-3.325074569142424,0.0008839488961794,0.0100648468192166,Downregulated
ENSG00000226806,LCT-AS1,7.398357845952693,6.445628834294483,1.938797913262116,3.324549087970401,0.0008856164141511,0.0100775893796827,Upregulated
ENSG00000197256,KANK2,4613.155819965712,-1.1882334507892316,0.3574327823271634,-3.324354982363157,0.0008862331098165,0.0100775893796827,Downregulated
ENSG00000251191,LINC00589,83.06759511059909,3.5475652998918723,1.067162136686597,3.324298321627688,0.0008864132024876,0.0100775893796827,Upregulated
ENSG00000134955,SLC37A2,940.2730814399192,1.36389236113507,0.4102889899829008,3.324223643417562,0.0008866506144191,0.0100775893796827,Upregulated
ENSG00000161281,COX7A1,208.03296060498832,-1.7095425402328992,0.5144585816177217,-3.3229935340124377,0.0008905697873594,0.0101176195601397,Downregulated
ENSG00000146216,TTBK1,36.23409467919918,2.5879255402654624,0.7789124010696835,3.322485990352001,0.0008921915145189,0.0101315247732114,Upregulated
ENSG00000187688,TRPV2,671.9639508148713,1.4045871771971468,0.4227767868939571,3.322290203102972,0.0008928178343891,0.0101341190105731,Upregulated
ENSG00000275004,ZNF280B,51.31281332820526,2.517288019392735,0.7577417047947107,3.3220924801476057,0.0008934507601431,0.0101367858849029,Upregulated
ENSG00000137563,GGH,1379.259438237768,1.6720241029943006,0.503458349027497,3.321077316969831,0.0008967069267103,0.0101646738452337,Upregulated
ENSG00000184226,PCDH9,180.1541720520138,-1.997083296204195,0.6013220539743893,-3.321154251710269,0.0008964597715206,0.0101646738452337,Downregulated
ENSG00000116663,FBXO6,313.827110343011,1.289253504376482,0.3882802411958069,3.320420066717536,0.0008988209390787,0.0101841050441614,Upregulated
ENSG00000010671,BTK,671.8507924832082,1.890886357216,0.569578972852191,3.319796634604164,0.0009008304451554,0.0102023353795261,Upregulated
ENSG00000137960,GIPC2,205.83342431853936,-1.720275826655915,0.5182265733926351,-3.319543834647294,0.000901646480127,0.0102070388868066,Downregulated
ENSG00000150750,POU2AF2,13.343396922386354,-4.693589415376122,1.4141528122487546,-3.319011477912688,0.0009033671617492,0.0102219746676651,Downregulated
ENSG00000126882,FAM78A,986.4613912281128,1.719941622955562,0.5183043357840312,3.3184009937980394,0.0009053441123084,0.0102352507255248,Upregulated
ENSG00000231711,LINC00899,217.09375477942044,-1.6043546372268491,0.4835001974979166,-3.318208856023813,0.0009059671473994,0.0102377503156222,Downregulated
ENSG00000249740,LINC01265,81.13743623181483,-1.4824258198119329,0.4468073348068664,-3.3178188993981377,0.0009072328611353,0.0102455035507803,Downregulated
ENSG00000089692,LAG3,433.3448689028385,2.585910264251221,0.779416930649809,3.317749669737502,0.0009074577366636,0.0102455035507803,Upregulated
ENSG00000187862,TTC24,52.93206389892538,2.9390246353156018,0.8859793805548803,3.3172607622932704,0.0009090473034438,0.0102589029091799,Upregulated
ENSG00000185950,IRS2,2102.499007685149,-1.3779288171579278,0.4155092008975452,-3.3162414073658324,0.0009123697967042,0.0102872824665133,Downregulated
ENSG00000131042,LILRB2,532.9773664934268,1.7532249137944986,0.5286748713747919,3.316262997776549,0.0009122993082547,0.0102872824665133,Upregulated
ENSG00000259920,,18.474439236603367,-2.445341679930799,0.7374574823789098,-3.3159086976005057,0.0009134566670794,0.0102920889283142,Downregulated
ENSG00000105376,ICAM5,158.57462396454332,-1.8072318369656653,0.5450259956568186,-3.3158635576414013,0.0009136042191872,0.0102920889283142,Downregulated
ENSG00000269994,LINC02893,6.6055125300891655,-4.492496002629437,1.354927683851017,-3.315672161823964,0.0009142300933407,0.0102945865196646,Downregulated
ENSG00000224424,PRKAR2A-AS1,49.39121798317463,-1.264165862480929,0.381328233128186,-3.315164607955928,0.0009158917449787,0.0103087400072261,Downregulated
ENSG00000123388,HOXC11,190.88337244568,3.587421389958525,1.0827699451522188,3.313188924406463,0.0009223865080498,0.0103772556300962,Upregulated
ENSG00000287636,LOC124901766,10.31796970270292,5.569745240869577,1.6812239987479345,3.3129108584088485,0.000923304026468,0.0103829919903605,Upregulated
ENSG00000109424,UCP1,8.615093201040787,-6.4516218128279705,1.947510669694782,-3.312752999622376,0.0009238252802968,0.0103842690708038,Downregulated
ENSG00000275743,TRBV14,10.12365188324484,3.262160869961068,0.9849892703887784,3.31187452293108,0.0009267310174644,0.0104123360149254,Upregulated
ENSG00000241106,HLA-DOB,172.48095338481647,1.9775244364284024,0.5973752093205154,3.3103557120787426,0.0009317747728357,0.0104505659352267,Upregulated
ENSG00000248360,LINC00504,218.17950877657907,-2.31408674021998,0.6991088989453964,-3.310051901371549,0.000932786732688,0.0104558104638692,Downregulated
ENSG00000123643,SLC36A1,795.2540062649609,1.4060314026625855,0.4247868921259085,3.309968901408173,0.0009330633734197,0.0104558104638692,Upregulated
ENSG00000123338,NCKAP1L,2488.0954284223967,1.7937407252512123,0.5419782171090545,3.309617745929231,0.0009342346237788,0.0104643316192923,Upregulated
ENSG00000160211,G6PD,2464.5078988870287,1.8677803614021609,0.5643913786146805,3.309370823464201,0.0009350590289502,0.0104689619896232,Upregulated
ENSG00000172247,C1QTNF4,125.59102630568546,-1.9211197200369143,0.5805757873432393,-3.3089904228147544,0.0009363303995704,0.0104697878289144,Downregulated
ENSG00000281103,TRG-AS1,299.74393435592424,2.012264209597799,0.6081268050637038,3.30895496275157,0.0009364489953462,0.0104697878289144,Upregulated
ENSG00000230749,MEIS1-AS2,8.811847701543364,-3.374479217550292,1.0198323173359052,-3.3088569171502638,0.0009367769801773,0.0104697878289144,Downregulated
ENSG00000054356,PTPRN,8.187269354808809,4.081789302413407,1.233796273984153,3.308317092928612,0.0009385847218186,0.0104853909865977,Upregulated
ENSG00000179277,MEIS3P1,295.20218504244707,-1.156654766089889,0.3497180817663352,-3.307391943384586,0.0009416903426433,0.0105154584248089,Downregulated
ENSG00000005884,ITGA3,3457.252233804444,-1.286077238573391,0.388863747308262,-3.3072695705775974,0.0009421018462335,0.0105154584248089,Downregulated
ENSG00000160200,CBS,165.21693582348854,2.632084821789741,0.795964615835636,3.30678621816181,0.0009437288465518,0.0105290045775397,Upregulated
ENSG00000145850,TIMD4,41.744880485502016,3.914805516304062,1.1839739285468691,3.3064963863763737,0.0009447056899148,0.0105352883659457,Upregulated
ENSG00000246090,LOC100507053,160.0733520797038,-1.4138781801927682,0.427675866789348,-3.3059573616043547,0.0009465248997048,0.0105417296547363,Downregulated
ENSG00000185164,NOMO2,1458.1660633713389,1.0301859452434052,0.3116064923538315,3.306047757418422,0.0009462195873307,0.0105417296547363,Upregulated
ENSG00000175592,FOSL1,114.45545365459276,2.510302372285084,0.7593142759076573,3.306012348160263,0.0009463391714305,0.0105417296547363,Upregulated
ENSG00000127920,GNG11,2831.1956194621,-1.4135212229281509,0.4275945617426239,-3.3057511703784765,0.0009472216532462,0.0105431146740873,Downregulated
ENSG00000308132,,45.95764021903831,-2.309511237112211,0.6986502945871483,-3.305675607675746,0.0009474771107921,0.0105431146740873,Downregulated
ENSG00000186260,MRTFB,2991.5248342605582,-1.0115246143655725,0.3060183926442869,-3.305437315793499,0.0009482831307527,0.0105474758180797,Downregulated
ENSG00000169302,STK32A,85.04437527754078,-2.6463132590398737,0.8006548548825095,-3.3051860522699283,0.0009491337150919,0.0105523286150622,Downregulated
ENSG00000279587,,10.169683429227105,-3.188537696742064,0.964922372918003,-3.3044499601555195,0.0009516296243892,0.010575461676622,Downregulated
ENSG00000032389,EIPR1,824.4648932499379,1.2121172009490446,0.3668460274038713,3.3041579038679085,0.0009526215997544,0.010581868629457,Upregulated
ENSG00000115232,ITGA4,968.7912947648616,1.785956223297645,0.5406915437168884,3.3030962737467733,0.0009562355231592,0.0106173823061852,Upregulated
ENSG00000141759,TXNL4A,3452.726736721787,1.0275590512051695,0.3111755668256018,3.302184235374317,0.0009593503536369,0.0106473258638281,Upregulated
ENSG00000274270,,10.899928148759347,3.2324499320131843,0.9789236807747584,3.3020448840862624,0.0009598270985854,0.0106479773641416,Upregulated
ENSG00000255733,IFNG-AS1,41.75977599934352,2.6274924136231395,0.7957493114802017,3.3019097543869025,0.0009602896102968,0.0106484704675106,Upregulated
ENSG00000235419,LOC112268431,7.868728687825718,4.977743515091483,1.507610581290956,3.301743551593461,0.000960858759719,0.0106501451126214,Upregulated
ENSG00000276070,CCL4L2,531.6685333103756,2.208063102842786,0.6687827566571857,3.3016148829546257,0.0009612995906893,0.0106503966396036,Upregulated
ENSG00000106236,NPTX2,33.26468892643227,2.9783221180921333,0.9021798494525228,3.3012509865959574,0.0009625473483747,0.0106595841349794,Upregulated
ENSG00000082074,FYB1,2373.884899633053,2.0055918312209995,0.607633014271447,3.3006630385705877,0.0009645665228296,0.0106773028696194,Upregulated
ENSG00000186615,KTN1-AS1,160.38661515769104,-1.2507040866671473,0.3789436452511072,-3.3005015451264987,0.0009651218218546,0.0106788088290442,Downregulated
ENSG00000170477,KRT4,36.65330735161037,4.600108840600942,1.3941441160055883,3.299593483764703,0.0009682497290203,0.0107087663256085,Upregulated
ENSG00000147443,DOK2,944.2558451395332,1.7775286735359388,0.538791299748212,3.299104262386222,0.0009699387893503,0.0107227911907737,Upregulated
ENSG00000105877,DNAH11,92.04281017839094,2.61309877581042,0.7923346838281681,3.297973481591419,0.0009738533123024,0.010753457949112,Upregulated
ENSG00000254080,LINC03071,17.727020659022976,-5.119369049721069,1.5522943033345091,-3.297937149369206,0.0009739793289859,0.010753457949112,Downregulated
ENSG00000165478,HEPACAM,60.275941291945706,-3.184607656047671,0.9655930047408778,-3.298084845697777,0.0009734671449543,0.010753457949112,Downregulated
ENSG00000179603,GRM8,15.452076216742384,2.370762258432873,0.7189871880915768,3.297363705083033,0.0009759702958804,0.0107707709732978,Upregulated
ENSG00000130816,DNMT1,4192.649867658396,1.242980465100275,0.3769846201054899,3.297164920819468,0.0009766613430622,0.010773219006747,Upregulated
ENSG00000140548,ZNF710,1438.3845600001855,1.0629080014809695,0.3223808763795677,3.2970566164399693,0.0009770380395581,0.010773219006747,Upregulated
ENSG00000203585,LINC02408,14.88845193269545,2.830724524818592,0.8587967674107988,3.296151816398881,0.0009801903109643,0.010803300480559,Upregulated
ENSG00000165409,TSHR,55.12717266333935,2.464640450730421,0.7478366099715822,3.2956937623367724,0.0009817897331555,0.0108162483967146,Upregulated
ENSG00000211964,IGHV3-48,727.5534336724838,2.151126503416483,0.6527549393853076,3.2954580250931165,0.0009826138163788,0.0108206470025877,Upregulated
ENSG00000168970,JMJD7-PLA2G4B,239.3309875793971,-1.185633420618123,0.3598660270839603,-3.2946522633032616,0.0009854354128946,0.0108470291278474,Downregulated
ENSG00000251151,HOXC-AS3,30.64030428878848,3.875754247381097,1.1771128701950575,3.2925935528500774,0.000992678659473,0.0109220380714635,Upregulated
ENSG00000153283,CD96,862.0112043529696,2.2216421737282426,0.6748958293541828,3.291829756681357,0.000995378468542,0.0109470142367161,Upregulated
ENSG00000115919,KYNU,2212.887796232136,2.685832035025361,0.8159547268359937,3.291643453602066,0.0009960380291105,0.0109495401983053,Upregulated
ENSG00000257924,LINC02416,15.612250043977886,4.98084488419188,1.5134290564534267,3.291099019774342,0.0009979677837526,0.010966021320088,Upregulated
ENSG00000197471,SPN,1100.5044586856343,1.9103418993521923,0.5805178464666736,3.2907548165478517,0.0009991896030351,0.0109747125394173,Upregulated
ENSG00000092470,WDR76,361.2574611679969,1.3425281387314638,0.4080698736649663,3.2899467110226,0.0010020635820644,0.0109967951308756,Upregulated
ENSG00000104856,RELB,1423.1652220663054,1.1563275693784365,0.3515200896494486,3.2895063566113034,0.0010036328955854,0.0110092736793522,Upregulated
ENSG00000160683,CXCR5,17.967365154384307,5.18671688011788,1.5772271511330314,3.288503419683019,0.0010072156087644,0.0110358568077826,Upregulated
ENSG00000103811,CTSH,5675.781483232936,1.1430872433365704,0.3476052004196727,3.2884641597895885,0.001007356094307,0.0110358568077826,Upregulated
ENSG00000152253,SPC25,167.39455665092908,2.2742369646554024,0.6918148668294593,3.2873490780533188,0.0010113538262079,0.0110701303426479,Upregulated
ENSG00000102109,PCSK1N,708.2210034573384,2.359436096224435,0.7180739560603128,3.2857842514848987,0.0010169887279165,0.0111222498448962,Upregulated
ENSG00000073712,FERMT2,2505.388122094407,-1.04394423613348,0.3177447102262026,-3.2854810876010982,0.0010180837682482,0.0111294470648293,Downregulated
ENSG00000142634,EFHD2,3993.196275872405,1.178367506077181,0.3586867818088796,3.285227016547977,0.0010190023237171,0.0111347096471041,Upregulated
ENSG00000304915,,6.2937938230450445,4.2376791944546,1.289970860602056,3.285096837363277,0.0010194732640176,0.0111350786911631,Upregulated
ENSG00000147138,GPR174,699.3300784547185,1.9976836553485164,0.6082727440819399,3.284190644385359,0.0010227571222232,0.0111613738903808,Upregulated
ENSG00000165799,RNASE7,23.249475762798586,-3.287651307459971,1.0013950400679692,-3.283071291462382,0.0010268269433174,0.0112009888964618,Downregulated
ENSG00000177272,KCNA3,1213.069538419013,2.048659173407023,0.6241614147675583,3.282258603201156,0.0010297911573977,0.011223710128403,Upregulated
ENSG00000196843,ARID5A,4366.852923702709,-1.363872646101702,0.4155896905103396,-3.2817768997755485,0.0010315518673442,0.0112380913657504,Downregulated
ENSG00000196167,COLCA1,174.17129147137447,-1.7739185141456917,0.5407773622323145,-3.280312080415132,0.0010369231689175,0.0112917785530133,Downregulated
ENSG00000223985,LINC01874,10.798103685928346,-6.763289416073626,2.062692920839459,-3.278863929644532,0.0010422587801544,0.011345031362955,Downregulated
ENSG00000166523,CLEC4E,105.27288201354752,3.000796962505947,0.9152692562155916,3.27859473278223,0.0010432534132134,0.0113461604133044,Upregulated
ENSG00000166770,ZNF667-AS1,472.6839178630213,-1.2928445519584832,0.3943496973130504,-3.2784215653452677,0.0010438936992873,0.0113482784526449,Downregulated
ENSG00000211787,TRAV8-3,33.56564886971022,2.342525860848671,0.7145612080835915,3.2782718042183947,0.0010444477337987,0.011349457434978,Upregulated
ENSG00000198010,DLGAP2,27.94021325307329,-1.943070147545668,0.592777506055614,-3.2779080307466506,0.0010457946306139,0.0113592473502637,Downregulated
ENSG00000177679,SRRM3,203.47587865714576,-1.456607528657623,0.4443890119874735,-3.27777575359735,0.0010462847943722,0.011359727194141,Downregulated
ENSG00000164283,ESM1,228.41481763389257,2.0599264422354806,0.6285814999633639,3.277103195616704,0.0010487803025837,0.0113819697857304,Upregulated
ENSG00000247774,PCED1B-AS1,342.0443473875312,2.04233961776081,0.6233327220050513,3.2764838835851458,0.0010510831125179,0.0114021030489546,Upregulated
ENSG00000117091,CD48,567.6624832645265,2.152857720679789,0.6571032364785052,3.276285370647709,0.0010518222397721,0.0114052636310075,Upregulated
ENSG00000117477,CCDC181,21.902246591422063,-1.946128030275712,0.5941529880610141,-3.2754662004255755,0.0010548773624309,0.011430800697791,Downregulated
ENSG00000149599,DUSP15,127.24597068719464,-1.611412533676744,0.4919787390799202,-3.2753702663866044,0.0010552356881811,0.011430800697791,Downregulated
ENSG00000147576,ADHFE1,105.24479907739013,-1.6555775204137215,0.5054746017891095,-3.275293188923565,0.0010555236638217,0.011430800697791,Downregulated
ENSG00000185010,F8,909.7758338572798,-1.5133017439122722,0.4621969841021732,-3.274148893143236,0.0010598075257282,0.0114674415836124,Downregulated
ENSG00000144057,ST6GAL2,128.34650450171102,1.1974566972052236,0.3657673184961687,3.273820914696529,0.0010610383302155,0.0114758842076096,Upregulated
ENSG00000240143,,9.57279418740152,3.1022969427309213,0.947747686574204,3.273336339067947,0.0010628592172146,0.0114840571047446,Upregulated
ENSG00000181789,COPG1,5721.464908426255,1.1034288894250417,0.3371039609977656,3.273259934885058,0.0010631465844681,0.0114840571047446,Upregulated
ENSG00000104833,TUBB4A,42.25615798542694,3.3958335563566884,1.037434851868903,3.273298125891194,0.0010630029335512,0.0114840571047446,Upregulated
ENSG00000277987,LINC02351,28.57329746824218,-2.834691064035029,0.8660543215817745,-3.2731100040673047,0.0010637107050272,0.0114852799354596,Downregulated
ENSG00000135119,RNFT2,180.5105177345638,2.4689078425463307,0.7544094780921117,3.272636299308109,0.0010654948577927,0.0114996692893386,Upregulated
ENSG00000109101,FOXN1,14.515828629975037,-3.4055858847994838,1.0409901926683165,-3.2714870022647577,0.0010698350612479,0.0115367353281317,Downregulated
ENSG00000167037,SGSM1,225.69900343475652,-1.7585838602003605,0.5376723419039044,-3.270735210171297,0.0010726829694353,0.0115534351937502,Downregulated
ENSG00000187994,RINL,600.4051118799728,1.096204035442922,0.3351568986376405,3.2707189972780424,0.0010727444636339,0.0115534351937502,Upregulated
ENSG00000158373,H2BC5,1059.9367960947843,1.5378011366491244,0.470271365295242,3.270029285503434,0.0010753635069892,0.0115767472047859,Upregulated
ENSG00000146192,FGD2,963.5372753837006,1.7768033139724897,0.5434231636842924,3.269649570927644,0.0010768079208644,0.0115873994728934,Upregulated
ENSG00000153253,SCN3A,193.26038262978807,-2.920021809771604,0.8931447394817444,-3.269371335564238,0.0010778674522943,0.0115939028198435,Downregulated
ENSG00000104774,MAN2B1,3150.9707587197054,1.112659516462364,0.3404214438600078,3.268476579636168,0.0010812812590701,0.0116208079956865,Upregulated
ENSG00000280294,,6.733334153217172,-3.5917749694877807,1.0988929757848271,-3.26853938339404,0.0010810413148151,0.0116208079956865,Downregulated
ENSG00000149527,PLCH2,794.5585871308347,-1.5345669721468338,0.4696023386922225,-3.267800957764372,0.0010838656164572,0.0116436698088494,Downregulated
ENSG00000125675,GRIA3,137.6417319451293,-2.0078865996877204,0.6147062030547648,-3.2664166876950085,0.0010891785154923,0.0116958119595727,Downregulated
ENSG00000186994,KANK3,1066.4006168982123,-1.7279746465290329,0.5290700679514688,-3.266060114153989,0.0010905509587586,0.0117056146104262,Downregulated
ENSG00000159339,PADI4,10.596964442826874,5.41568628904992,1.6593457705264156,3.263747909112295,0.0010994894660738,0.0117856719663154,Upregulated
ENSG00000183654,MARCHF11,14.459216417680295,-7.189062350034834,2.202765973098676,-3.263652352465673,0.0010998603220891,0.0117856719663154,Downregulated
ENSG00000136122,BORA,200.43975232939147,1.4428789545575809,0.4420999255154116,3.263694181525669,0.0010996979689809,0.0117856719663154,Upregulated
ENSG00000292223,ADIPINT,33.36048648233645,-3.463757467158625,1.061224328962716,-3.2639258002539795,0.0010987993773106,0.0117856719663154,Downregulated
ENSG00000112799,LY86,357.7382854353152,1.3907365997838754,0.4262731693414186,3.262547820995932,0.0011041554209142,0.0118267210791032,Upregulated
ENSG00000106952,TNFSF8,313.46828650872226,1.7808375334465465,0.5460081625845277,3.2615584445055883,0.0011080158898309,0.0118630822740164,Upregulated
ENSG00000205057,CLLU1-AS1,7.948246843495801,5.01676316738506,1.5390878575364788,3.259569064117676,0.001115816100514,0.0119415764269717,Upregulated
ENSG00000248752,,7.167674840265013,-5.424809213356089,1.6645104967464857,-3.259101834418962,0.0011176554205293,0.0119562373860991,Downregulated
ENSG00000166265,CYYR1,1528.187026444942,-1.341718637838489,0.4117159803636948,-3.25884517927447,0.0011186669746162,0.0119620346391476,Downregulated
ENSG00000133805,AMPD3,772.5881479707032,1.135091919514786,0.3484292239044887,3.2577402859466718,0.001123031360307,0.0120036641957115,Upregulated
ENSG00000161653,NAGS,176.1704173287519,-1.3359189742708977,0.4101653760673539,-3.257025220118833,0.0011258642924199,0.0120288965571428,Downregulated
ENSG00000204071,TCEAL6,8.41818959265631,-3.4787721937526963,1.068446486607834,-3.2559161711479856,0.0011302711707972,0.0120709169775166,Downregulated
ENSG00000101605,MYOM1,286.26975321146546,-1.893845917412457,0.5817638926660581,-3.255351425702102,0.0011325213461586,0.0120848140796004,Downregulated
ENSG00000157152,SYN2,167.09040420140795,-2.5242728508347825,0.7760454207689267,-3.252738542460137,0.0011429861391726,0.0121913735137634,Downregulated
ENSG00000131142,CCL25,7.396109596533586,3.924433668856397,1.2067486517399018,3.2520721387988383,0.0011456694036979,0.0122148787700256,Upregulated
ENSG00000197576,HOXA4,105.89660590469092,-1.978740379761785,0.6085330194560692,-3.2516565518999467,0.0011473457047166,0.0122197356150707,Downregulated
ENSG00000226819,MEIS1-AS3,14.3977855761824,-3.319656267715513,1.0211132539300978,-3.2510167260474776,0.0011499309228132,0.0122347078258046,Downregulated
ENSG00000263612,,8.514830279846237,-3.542477791674543,1.089635432615289,-3.2510669951068527,0.001149727615823,0.0122347078258046,Downregulated
ENSG00000135763,URB2,820.5798803991088,1.581452082836074,0.4865200954341628,3.250538051105188,0.0011518685297489,0.0122502059796393,Upregulated
ENSG00000291140,AMZ2P1,126.9471455677358,-1.0499648699987638,0.3230453002942334,-3.2502093949128605,0.0011532006291797,0.0122592542678783,Downregulated
ENSG00000107593,PKD2L1,24.688101542946335,2.868584142810759,0.8829375393910609,3.2489094809460104,0.0011584833665885,0.0123051417140857,Upregulated
ENSG00000304406,,48.67580745898696,-1.6113853847004636,0.4959621211700901,-3.249008978546245,0.0011580782279128,0.0123051417140857,Downregulated
ENSG00000107736,CDH23,434.054757856205,-1.094482554395641,0.3370005945278635,-3.2477169837905078,0.0011633492321846,0.0123420099978259,Downregulated
ENSG00000129038,LOXL1,1878.9818175317328,1.2999121441885,0.4002559050802525,3.247702601484077,0.0011634080328522,0.0123420099978259,Upregulated
ENSG00000226237,GAS1RR,151.45424056639146,-1.6135371196093204,0.4969454971909033,-3.2469096283801813,0.0011666542803057,0.0123712952429927,Downregulated
ENSG00000259070,LINC00639,94.37159173002894,-2.0715958957628926,0.638104919960428,-3.2464816223190422,0.0011684099139373,0.0123744569305187,Downregulated
ENSG00000250049,,12.045368601456367,-4.373983895343652,1.347266734879284,-3.2465611909697776,0.0011680833474752,0.0123744569305187,Downregulated
ENSG00000047644,WWC3,3382.548156736864,1.0399702822957475,0.3203183207183145,3.2466774924506723,0.0011676061735013,0.0123744569305187,Upregulated
ENSG00000239911,PRKAG2-AS1,188.02526808322312,-1.7079289291673618,0.5262295184665021,-3.24559696716459,0.0011720464126256,0.0123999010900317,Downregulated
ENSG00000131386,GALNT15,907.2934821403755,-1.7963130539844758,0.553438353148631,-3.245732869369932,0.0011714870885194,0.0123999010900317,Downregulated
ENSG00000102683,SGCG,51.4637358335404,-3.491616383881321,1.076026059377026,-3.24491805142974,0.0011748442806229,0.0124185511448314,Downregulated
ENSG00000251634,NAIPP4,28.2323047596728,-1.8047389347016736,0.5561808947326435,-3.2448776140885114,0.001175011120845,0.0124185511448314,Downregulated
ENSG00000281016,,17.08852324879685,-1.7209290736930858,0.5304509606531189,-3.244275534111934,0.0011774978307329,0.0124396711931145,Downregulated
ENSG00000178409,BEND3,298.82885014078545,1.4394468873246902,0.443764396716234,3.243718734482314,0.0011798018509338,0.0124588445046168,Upregulated
ENSG00000111981,ULBP1,32.12621315503359,2.522536112451435,0.7778883060454752,3.242799888939284,0.0011836131173943,0.0124887364180413,Upregulated
ENSG00000185133,INPP5J,322.2567797348314,-1.867162185357066,0.5759758818303323,-3.2417367536703283,0.0011880370754539,0.0125250382238776,Downregulated
ENSG00000277270,LOC105372703,9.401440726650897,-4.003058471202673,1.2348351550136758,-3.2417755964830297,0.0011878751727704,0.0125250382238776,Downregulated
ENSG00000189233,NUGGC,259.57369095037234,2.199690942287523,0.6786713255286866,3.2411726553703426,0.0011903906211544,0.0125446584656284,Upregulated
ENSG00000100450,GZMH,465.8580304204911,2.0445278352528984,0.63088955876648,3.24070640707761,0.0011923391653359,0.0125599962284,Upregulated
ENSG00000128626,MRPS12,1420.7168673067274,1.0150842379927212,0.3133617588942129,3.239336674566603,0.0011980806070566,0.0126100459265866,Upregulated
ENSG00000103599,IQCH,85.1837456800228,-1.372917027482844,0.4238151077977137,-3.239424461805961,0.001197711868878,0.0126100459265866,Downregulated
ENSG00000128805,ARHGAP22,433.3946239145907,1.7159521774295603,0.5298913176343679,3.2383096690283764,0.001202402199251,0.0126503041789025,Upregulated
ENSG00000236790,LINC00299,79.99338154436087,1.5696862516717247,0.4852083865675985,3.2350765055315844,0.0012161014076739,0.0127838708026671,Upregulated
ENSG00000130204,TOMM40,2875.116533195476,1.351802243790418,0.417892859973545,3.234805791790735,0.0012172549627153,0.0127907182984004,Upregulated
ENSG00000146151,HMGCLL1,65.04036710806976,-2.991986915810633,0.9250774831218526,-3.234309525850305,0.0012193722571712,0.012807682788622,Downregulated
ENSG00000293264,ACTG1P25,8.41635216804634,2.8911460374021702,0.8940214258467316,3.233866609700045,0.0012212648095532,0.0128222736867808,Upregulated
ENSG00000274565,LOC107985020,72.18672106303774,-1.5798564123429697,0.4886242017070305,-3.2332749929775697,0.0012237969822777,0.0128435652804269,Downregulated
ENSG00000267147,LINC01842,9.515969940665022,3.951338553711545,1.2221883239044686,3.2330030294254377,0.0012249626368588,0.0128505038399635,Upregulated
ENSG00000020181,ADGRA2,5570.253561120497,-1.2905283559270702,0.3992411610393784,-3.232453168323948,0.001227322512656,0.0128661731571021,Downregulated
ENSG00000237928,NFIA-AS2,20.75812421464218,-1.885763928099688,0.5833908156708535,-3.2324196361082707,0.0012274665608636,0.0128661731571021,Downregulated
ENSG00000165025,SYK,2397.426976582933,1.4000611208878595,0.4337515858830117,3.227794817251627,0.0012474841869496,0.0130491456779441,Upregulated
ENSG00000101188,NTSR1,52.11390170558693,2.6168264308881617,0.8109815538086402,3.226739768122556,0.0012520927891812,0.0130919767788323,Upregulated
ENSG00000299712,,11.494781917041022,-2.996248019355254,0.9288638622402008,-3.2257127671314603,0.0012565939677688,0.0131336499602133,Downregulated
ENSG00000108759,KRT32,32.658818930307696,-2.839839859812228,0.8806406114161759,-3.224743241451725,0.0012608569464535,0.0131728003622306,Downregulated
ENSG00000305219,,9.748225800441022,6.820611314025832,2.1155912984915166,3.223973987267363,0.001264248832409,0.013202821652436,Upregulated
ENSG00000250934,LOC105374088,10.555601566030434,-3.6210472174333854,1.1235377973600262,-3.2228975526606685,0.0012690093175714,0.0132471050524029,Downregulated
ENSG00000254670,RASSF10-DT,22.24589449995157,-3.724029562193585,1.1555988666266606,-3.222597105052983,0.0012703409850472,0.0132555736297167,Downregulated
ENSG00000197748,CFAP43,109.85926156094924,-2.083248498529091,0.6464842467522874,-3.222427319760085,0.0012710940911419,0.0132580006533486,Downregulated
ENSG00000143590,EFNA3,318.5912639724333,1.4490294803753656,0.4498396051811857,3.221213658569986,0.0012764894679377,0.0133033810302135,Upregulated
ENSG00000174255,ZNF80,12.189003457869076,4.195963310842069,1.302802477160655,3.2207210105915727,0.0012786855795249,0.0133116114612303,Upregulated
ENSG00000234884,GRK3-AS1,9.974358762181048,-2.496640245957017,0.7751755727189613,-3.2207416407613896,0.0012785935450394,0.0133116114612303,Downregulated
ENSG00000115705,TPO,390.19728410900336,-2.104937388927774,0.6535682649224753,-3.220684818865029,0.0012788470513772,0.0133116114612303,Downregulated
ENSG00000110324,IL10RA,2489.751887743821,1.740920619495478,0.5406456415371955,3.220077044449281,0.0012815614920148,0.0133344169783947,Upregulated
ENSG00000196730,DAPK1,2061.339278420216,2.1130040390181777,0.656319817029679,3.219473165660373,0.0012842638005569,0.0133570776904805,Upregulated
ENSG00000124479,NDP,64.49093152736842,-2.134438392014513,0.6631666472564779,-3.218555095984833,0.0012883821657052,0.0133944416908893,Downregulated
ENSG00000162981,LRATD1,2433.7931034063377,2.6766337502135955,0.8317147134465781,3.2182113733707784,0.0012899272034625,0.0134050329658888,Upregulated
ENSG00000289302,,5.236711344257009,-4.251175906985171,1.321109055817011,-3.2178841619976057,0.0012913996117259,0.0134148611379577,Downregulated
ENSG00000070190,DAPP1,814.4727177740526,1.8650736167338744,0.5798408046633765,3.216527022130899,0.0012975231383675,0.0134729767049979,Upregulated
ENSG00000274105,,12.379236933471416,-2.739376354785818,0.8519617596213089,-3.2153747792664444,0.0013027431764908,0.0135216672568865,Downregulated
ENSG00000005379,TSPOAP1,1334.1198256629038,-1.2239830891953891,0.3810396681968536,-3.2122195964202134,0.0013171365519365,0.0136561611358237,Downregulated
ENSG00000140092,FBLN5,3936.4367122964304,-1.4240326859285,0.4433007837561973,-3.212339653140963,0.0013165861999538,0.0136561611358237,Downregulated
ENSG00000095380,NANS,271.3669781302268,1.2187103581938474,0.3794460455257323,3.211814624409361,0.001318994550204,0.0136667700392808,Upregulated
ENSG00000106511,MEOX2,614.6558072276292,-1.9499168754073963,0.6071407702269433,-3.2116388340689697,0.0013198018230286,0.0136667700392808,Downregulated
ENSG00000226005,LINC02660,53.06217503048785,-2.211035800540081,0.6884512832593535,-3.2116082202248424,0.0013199424559943,0.0136667700392808,Downregulated
ENSG00000061656,SPAG4,304.7514665318766,1.931404961113462,0.6014770057021807,3.211103571380401,0.0013222626904319,0.0136852307956083,Upregulated
ENSG00000197757,HOXC6,606.7154757119504,-1.0892422584994754,0.3393620020597524,-3.209676545660199,0.0013288441393037,0.0137477616052825,Downregulated
ENSG00000289306,,7.434960478485454,-2.7879815478720733,0.8686875957745738,-3.209417932791065,0.001330040093267,0.0137545477935874,Downregulated
ENSG00000273983,H3C8,55.210961000612805,3.2751974657006246,1.0208684856263348,3.208246225458893,0.0013354711012314,0.0138051073130955,Upregulated
ENSG00000168995,SIGLEC7,84.38177664841444,1.625796422231562,0.5069413348187802,3.207070149078979,0.0013409429291641,0.0138560476059801,Upregulated
ENSG00000131686,CA6,14.217863498818824,-3.457629057747353,1.0784742817481672,-3.206037562752692,0.0013457641981795,0.0138801282837321,Downregulated
ENSG00000036530,CYP46A1,46.469068831829006,-1.4072446543232071,0.4389585913057263,-3.205871082593957,0.0013465430092694,0.0138801282837321,Downregulated
ENSG00000166250,CLMP,1946.916192290159,-1.2149675425248077,0.3789489202651607,-3.2061512186778693,0.0013452327429317,0.0138801282837321,Downregulated
ENSG00000147889,CDKN2A,1237.6310868296866,2.44525794573288,0.7626793454969416,3.2061415589268574,0.0013452779044097,0.0138801282837321,Upregulated
ENSG00000180535,BHLHA15,404.3243787329466,2.1408895559519068,0.6677920788836661,3.2059223576457905,0.0013463030950711,0.0138801282837321,Upregulated
ENSG00000101306,MYLK2,8.161616579519013,4.319353866843475,1.3474715049354404,3.2055252011065143,0.0013481624074711,0.013889865123458,Upregulated
ENSG00000167703,SLC43A2,2363.957348318409,1.036049596476161,0.3232966239349332,3.204640938918918,0.0013523106461009,0.0139226776341294,Upregulated
ENSG00000184207,PGP,1120.4961330033102,1.0644494012614072,0.3322447899019138,3.2038106649487466,0.001356216330966,0.0139516099216625,Upregulated
ENSG00000276168,RN7SL1,3983.423013921723,1.7247748191859948,0.5383422129381911,3.2038632262783784,0.001355968769472,0.0139516099216625,Upregulated
ENSG00000247675,LRP4-AS1,12.991278067990068,-2.6848764289646696,0.838249691045395,-3.2029554649955387,0.0013602501464735,0.0139818125427073,Downregulated
ENSG00000164070,HSPA4L,475.4824404088845,-2.062972791917197,0.6441920960661935,-3.2024186644246218,0.0013627877831117,0.0139965998482421,Downregulated
ENSG00000182759,MAFA,11.56063739095551,4.539836280311594,1.4175821484242328,3.202520774798145,0.0013623047370092,0.0139965998482421,Upregulated
ENSG00000309029,,5.893295540939611,6.108950266914051,1.9077731444952848,3.202136629578261,0.0013641228057454,0.0139990217506614,Upregulated
ENSG00000171611,PTCRA,13.419693211573986,2.6209758821174542,0.8184814999453809,3.202242057141619,0.0013636236192575,0.0139990217506614,Upregulated
ENSG00000110944,IL23A,71.46493234583902,2.573047010281584,0.803581408389581,3.201974290866316,0.0013648917890958,0.0139998928502749,Upregulated
ENSG00000134516,DOCK2,1974.1388965977023,1.8004789453164496,0.5623588567260666,3.2016548219733827,0.0013664062512576,0.0139998928502749,Upregulated
ENSG00000267078,,14.882173406432091,-2.675353971564126,0.8355991711184276,-3.201719274066817,0.0013661005873486,0.0139998928502749,Downregulated
ENSG00000235029,MNX1-AS2,13.604076396945832,3.9808294783236535,1.243413255161313,3.2015337312832526,0.0013669806941831,0.0140001468683309,Upregulated
ENSG00000197361,FBXL22,127.52829475208276,-1.2114195689182643,0.3784181297603535,-3.201272543906493,0.0013682205011769,0.014007212373584,Downregulated
ENSG00000117425,PTCH2,361.2735685866342,-1.2053383725708988,0.3765355632311341,-3.20112757006968,0.0013689091120372,0.0140086315760145,Downregulated
ENSG00000166793,YPEL4,107.66500310131374,-1.909781633004228,0.5966549630850535,-3.2008141240115475,0.0013703990415102,0.0140182465808465,Downregulated
ENSG00000146374,RSPO3,743.3272168527096,-1.9386453676236155,0.6057374759562111,-3.2004712347759057,0.0013720306386557,0.0140293024476915,Downregulated
ENSG00000211786,TRAV8-2,32.098837477299895,3.4816722441697694,1.0882658391317075,3.1992846958677705,0.0013776904783008,0.0140703065594871,Upregulated
ENSG00000211706,TRBV6-1,37.20975477757167,3.0476290666392285,0.952559758289742,3.199409842917409,0.0013770925075146,0.0140703065594871,Upregulated
ENSG00000117148,ACTL8,6.47167652483178,4.87250105357211,1.5229977631774394,3.199283131845566,0.001377697952941,0.0140703065594871,Upregulated
ENSG00000182158,CREB3L2,6456.466806422598,1.27896641421935,0.3998981512209725,3.19823037519528,0.0013827376908254,0.0141104614274899,Upregulated
ENSG00000232316,LINC02518,12.043296947961778,-2.5607125972849896,0.800653314844419,-3.198278892759697,0.0013825050551836,0.0141104614274899,Downregulated
ENSG00000289927,,9.201058203136869,3.509872057484957,1.0975621595018483,3.197879980736567,0.0013844188604876,0.0141219594695558,Upregulated
ENSG00000160185,UBASH3A,268.7470096026974,2.147729968196298,0.6717298140067037,3.19731225771507,0.001387146760159,0.0141431266688422,Upregulated
ENSG00000286810,,6.9959626094156935,-3.627579549435613,1.1346053256184967,-3.1972171005438783,0.001387604473536,0.0141431266688422,Downregulated
ENSG00000260719,,76.64269424994875,2.536653646152998,0.7934951339711804,3.196810588437873,0.001389561397158,0.0141574073388047,Upregulated
ENSG00000132321,DRC11,183.7585560771909,-1.8354865223423251,0.5743003819169435,-3.196039181126258,0.0013932819020322,0.0141896374756753,Downregulated
ENSG00000211640,IGLV6-57,2364.3389740373573,2.3997375857500294,0.7509150462341114,3.195751100986552,0.0013946736695115,0.0141949741753616,Upregulated
ENSG00000174871,CNIH2,111.11645764286996,2.821228004761092,0.8828200312317034,3.195700035062568,0.0013949205119912,0.0141949741753616,Upregulated
ENSG00000131242,RAB11FIP4,2421.800523912783,1.9021529289954144,0.5952587121311617,3.195506239942753,0.001395857645495,0.0141988378947306,Upregulated
ENSG00000228486,C2orf92,173.80693082027867,-1.111316289574958,0.3478451997673,-3.194858777175599,0.0013989927874889,0.0142238003465649,Downregulated
ENSG00000302504,,6.562987786557841,6.273142584917366,1.9636211881052623,3.1946806354083237,0.0013998565232406,0.0142238003465649,Upregulated
ENSG00000120526,NUDCD1,1083.866160635631,1.0329824717650844,0.3233472401409623,3.194653745350536,0.0013999869447151,0.0142238003465649,Upregulated
ENSG00000290722,WDR87BP,6.086361633375036,-4.36106748554633,1.3656867792760494,-3.193314566505602,0.0014064963874007,0.0142842382310547,Downregulated
ENSG00000287338,,35.114666640332686,-3.9373804338319984,1.233631448839569,-3.191699139589661,0.0014143857408699,0.0143586365905531,Downregulated
ENSG00000153044,CENPH,242.31954729330187,1.2256474422808543,0.3840446540510454,3.191419095025203,0.0014157575530528,0.0143601153188697,Upregulated
ENSG00000105519,CAPS,654.7526049849719,1.7579363177255518,0.5508485555141402,3.191324185437436,0.0014162227506183,0.0143601153188697,Upregulated
ENSG00000064547,LPAR2,802.5637765343248,1.219520271858483,0.382122036377212,3.191441884431477,0.0014156458721825,0.0143601153188697,Upregulated
ENSG00000155368,DBI,11144.78587874196,1.9911642720624616,0.6239683465876084,3.1911302599752824,0.0014171737108239,0.0143640396292859,Upregulated
ENSG00000277619,,11.59242746124442,6.336926184640482,1.9866716185857796,3.189719994666984,0.0014241070135883,0.0144285718946336,Upregulated
ENSG00000211796,TRAV16,17.583719825226623,2.417798597223497,0.758129902674937,3.1891613675871278,0.0014268620343204,0.0144461141575551,Upregulated
ENSG00000274641,H2BC17,14.894972321858296,3.842635588281063,1.2049131959527746,3.189138936471297,0.0014269727619806,0.0144461141575551,Upregulated
ENSG00000271858,LOC101928965,8.466889157012305,-3.12441761510807,0.9797801709542288,-3.188896558362814,0.001428169728567,0.014452487547211,Downregulated
ENSG00000289839,LOC102725231,11.054985171172053,3.228364689201697,1.0124410943759994,3.1886938481013,0.0014291715090655,0.0144568814564763,Upregulated
ENSG00000073849,ST6GAL1,5019.90495488365,1.4822584062249002,0.4651018540471074,3.1869544129462257,0.0014377943462894,0.0145383325900512,Upregulated
ENSG00000255833,TIFAB,118.4996531831304,2.3507334153497323,0.7378555838678917,3.1858990658131496,0.0014430493274396,0.0145856783409582,Upregulated
ENSG00000157796,WDR19,1171.972488665528,-1.1372128502124113,0.3569864730309704,-3.185590872833303,0.0014445872758442,0.0145954313776398,Downregulated
ENSG00000170161,FAM88B,61.04459308133092,-1.2781717601329452,0.4013197684899324,-3.1849210043711302,0.0014479352736229,0.0146176612582048,Downregulated
ENSG00000287647,,23.799407395008053,-3.8527827665368366,1.2096629316602274,-3.185005232200514,0.0014475139107984,0.0146176612582048,Downregulated
ENSG00000166173,LARP6,960.5663814513226,-1.1104026035648509,0.3487498341559341,-3.183951631840386,0.0014527928550236,0.0146608901784106,Downregulated
ENSG00000100426,ZBED4,1194.240438559916,1.2685866694519785,0.3985531442951542,3.182979955397136,0.0014576770508399,0.014704353331463,Upregulated
ENSG00000102962,CCL22,383.7032622473026,2.774571654112744,0.8717887589021969,3.182619213405129,0.0014594941931337,0.0147168553417697,Upregulated
ENSG00000172602,RND1,560.6044583792357,2.4185029436241083,0.7599754810745948,3.182343383242284,0.0014608850227196,0.0147249383318704,Upregulated
ENSG00000163710,PCOLCE2,1040.156371110009,-2.4760860573323686,0.7780975206690981,-3.182231007757413,0.0014614520082826,0.0147249383318704,Downregulated
ENSG00000303828,LOC124906233,5.775065487104517,6.085063979087715,1.9123282332371636,3.1820185851604568,0.0014625243311792,0.0147299158716754,Upregulated
ENSG00000139330,KERA,59.61595091409503,-2.104224915455051,0.6615602796184784,-3.1807002026611344,0.0014691958423473,0.0147912598025412,Downregulated
ENSG00000293495,C19orf48P,639.4334463655624,1.3778488624182326,0.4333163576159432,3.179775787830855,0.0014738904429485,0.0148268023192505,Upregulated
ENSG00000127080,IPPK,234.8014904856377,1.0764550213031467,0.3385215570894631,3.179871410725745,0.0014734041860188,0.0148268023192505,Upregulated
ENSG00000119508,NR4A3,145.87284880856217,1.7854775707092891,0.5615404528835385,3.1796063160557217,0.0014747525959397,0.0148296183857801,Upregulated
ENSG00000187758,ADH1A,18.259837775298116,-2.247944658877027,0.7070296694591003,-3.179420547650815,0.0014756981885868,0.014833270939817,Downregulated
ENSG00000167766,ZNF83,264.4641310377322,-1.2698624726448968,0.3995345128541347,-3.1783548899779483,0.0014811333701948,0.0148820307977248,Downregulated
ENSG00000097021,ACOT7,908.4451473418092,1.6229055453548935,0.5107879694441485,3.1772587500856324,0.0014867432601778,0.0149325069321726,Upregulated
ENSG00000175166,PSMD2,7368.5068264108095,1.1288850275871407,0.355419186374718,3.176207337318471,0.0014921426323477,0.0149749271034393,Upregulated
ENSG00000149575,SCN2B,140.25687368453964,-3.0516399925876927,0.9608702817344796,-3.1759125561455983,0.0014936596761615,0.0149842479761762,Downregulated
ENSG00000174123,TLR10,372.78566755321526,2.235467355548853,0.704032990420315,3.175230970659849,0.0014971727889958,0.0150135779954779,Upregulated
ENSG00000154133,ROBO4,997.6035354203442,-1.295361999055492,0.408029961293688,-3.174673729714492,0.0015000506441403,0.015032199757849,Downregulated
ENSG00000197181,PIWIL2,42.28640357441982,-1.9401509979651348,0.6111760448997764,-3.174455239460981,0.0015011804211076,0.015036007277245,Downregulated
ENSG00000155629,PIK3AP1,1483.156656758658,1.702944392336604,0.5364835619099306,3.174271335125285,0.0015021319675612,0.0150396239566641,Upregulated
ENSG00000100298,APOBEC3H,66.22654431963808,2.364004575738228,0.7447745421037167,3.174121082416131,0.0015029098082657,0.0150414993030797,Upregulated
ENSG00000258604,,7.876098585635359,-2.8354506865970577,0.8934875760782212,-3.173464032978144,0.0015063156376035,0.0150696644168897,Downregulated
ENSG00000133433,GSTT2B,197.94428031620643,-1.5329407145588942,0.4830768506663265,-3.173285394331047,0.0015072428433002,0.0150730202048293,Downregulated
ENSG00000150628,SPATA4,15.272007354436056,-2.066267729110325,0.651498503975816,-3.171561740358234,0.0015162163437836,0.0151508617075377,Downregulated
ENSG00000013293,SLC7A14,12.251391274294,-4.670937462954058,1.4729625692123025,-3.1711175562675287,0.0015185367684959,0.015165926547357,Downregulated
ENSG00000185947,ZNF267,914.4219933951712,1.1148801207226389,0.3515938943819053,3.1709314027838134,0.0015195102096052,0.015165926547357,Upregulated
ENSG00000128228,SDF2L1,1339.4998710697132,1.0918512481825633,0.3443282503429129,3.170960405064644,0.0015193585119484,0.015165926547357,Upregulated
ENSG00000134463,ECHDC3,1009.7952259021764,-1.6537560116059775,0.5216179802099112,-3.170435211877604,0.0015221077192751,0.0151859011820044,Downregulated
ENSG00000187037,GPR141,153.82296809514932,1.782953101168059,0.5624550992022468,3.1699474388211515,0.0015246651483003,0.0152054604511979,Upregulated
ENSG00000128573,FOXP2,163.44658548407142,-1.940433873898601,0.6121632802262932,-3.1697978898396144,0.001525450036711,0.015207333810202,Downregulated
ENSG00000015285,WAS,812.0543218019383,1.7497776419341942,0.5520493278957587,3.1696037899435643,0.0015264692998046,0.0152115412892505,Upregulated
ENSG00000171551,ECEL1,364.8437773881453,2.918257721277639,0.9207432509726892,3.169458715222448,0.0015272315300592,0.015213185100563,Upregulated
ENSG00000148541,FAM13C,338.7153943596464,-1.6828471101287368,0.5309995388410329,-3.169206349598236,0.0015285583077937,0.0152145012340033,Downregulated
ENSG00000147113,DIPK2B,1922.5623055895528,-1.380294052563611,0.4355250266744499,-3.169264607141314,0.0015282519325161,0.0152145012340033,Downregulated
ENSG00000104427,ZC2HC1A,648.6978741340444,-1.405517245736574,0.4436525230477668,-3.168058723257268,0.0015346051978823,0.0152687222637737,Downregulated
ENSG00000289089,,6.916749676264708,6.339551817302136,2.001560836563623,3.1673040866378,0.0015385934076672,0.0152991307645829,Upregulated
ENSG00000196503,ARL9,160.11371922692982,2.743772034501231,0.8662938740691436,3.1672531881279764,0.0015388627466083,0.0152991307645829,Upregulated
ENSG00000181649,PHLDA2,329.39850089706067,1.3399169950433794,0.4230781916973364,3.1670670371067846,0.0015398481692589,0.0153029546309774,Upregulated
ENSG00000272666,KLHDC7B-DT,23.65456512358066,2.9851323080528114,0.9428086002870611,3.166212428634948,0.0015443796499958,0.0153420023654616,Upregulated
ENSG00000245954,LINC02273,79.38485492740641,2.401976155858475,0.7587819345445821,3.1655684545259124,0.0015478023721334,0.0153700094427334,Upregulated
ENSG00000100968,NFATC4,1644.7105285775945,-1.2874583475244463,0.4067952606511154,-3.1648804006805387,0.001551467096352,0.0154003968866655,Downregulated
ENSG00000013297,CLDN11,791.6046935371123,-2.394995454355366,0.7567926735326127,-3.1646652222144667,0.0015526148227604,0.015402596340924,Downregulated
ENSG00000110446,SLC15A3,2194.7363272053403,1.3543657932190112,0.4279806519485468,3.1645491146684765,0.0015532344459585,0.015402596340924,Upregulated
ENSG00000140876,NUDT7,63.85072786510799,-1.3147617640002482,0.4154723480527748,-3.164498841288091,0.0015535028071074,0.015402596340924,Downregulated
ENSG00000145536,ADAMTS16,187.0349634457684,1.8826298103655332,0.5952365585227319,3.162826246825087,0.0015624555559794,0.0154853328662846,Upregulated
ENSG00000302621,,5.701790881998601,3.589780517213498,1.1354328440470445,3.161596510118887,0.0015690681378533,0.0155388004679483,Upregulated
ENSG00000174099,MSRB3,2729.911781874139,-1.3880792652855012,0.4394789245489549,-3.1584660554772035,0.0015860177845244,0.0156944285118969,Downregulated
ENSG00000286015,,17.81220091279741,4.7499400805615135,1.5048835144875556,3.1563506642432504,0.0015975667007491,0.0157903071147776,Upregulated
ENSG00000110328,GALNT18,1196.924239452611,1.4795225174908893,0.468828597719065,3.155785557214366,0.0016006649616417,0.0158147933428922,Upregulated
ENSG00000172172,MRPL13,1537.004745195048,1.1123537257625349,0.3525125186020276,3.1555013426866045,0.0016022252883353,0.0158204493183257,Upregulated
ENSG00000196427,NBPF4,12.917583511313566,-3.8580440850635687,1.2226585526670426,-3.155455034153105,0.0016024796529889,0.0158204493183257,Downregulated
ENSG00000155324,GRAMD2B,1822.6090624928288,-1.1150737427179098,0.3533952166348038,-3.155316456561492,0.0016032410574701,0.0158218337755998,Downregulated
ENSG00000185811,IKZF1,1707.939881948419,1.861850954536349,0.5904603346656591,3.1532193531519765,0.0016148041647415,0.0159236069996643,Upregulated
ENSG00000141401,IMPA2,2161.552821528238,1.6080334204630269,0.510066415818836,3.152596153349103,0.0016182551587917,0.0159499956388258,Upregulated
ENSG00000085117,CD82,4098.030928316848,1.0040193693404522,0.3184916985950134,3.1524192742528587,0.0016192358698932,0.0159499956388258,Upregulated
ENSG00000272459,FAM193B-DT,24.19594320803921,-1.958092636921799,0.6211440284743953,-3.1523971046314503,0.0016193588285502,0.0159499956388258,Downregulated
ENSG00000254251,LOC105375635,7.360572202405815,-6.208108774319682,1.969952251956313,-3.151400633266393,0.0016248944076219,0.0159970587626781,Downregulated
ENSG00000266714,MYO15B,2911.7807038025285,-1.346781754487689,0.4273718934471532,-3.1513110130491664,0.001625393116792,0.0159970587626781,Downregulated
ENSG00000224596,ZMIZ1-AS1,87.57115609507824,-1.3578933371390802,0.4309510433102801,-3.1509224962275164,0.0016275567238663,0.0160121658221704,Downregulated
ENSG00000111537,IFNG,133.7445111942002,3.129078458901767,0.9931325985389966,3.150715688423654,0.0016287094942391,0.0160173202809905,Upregulated
ENSG00000275155,,11.050446369208904,-2.363237176144544,0.7502160158158311,-3.150075613321337,0.0016322821096585,0.0160400685243488,Downregulated
ENSG00000205090,TMEM240,66.74232022483842,-1.499874581617881,0.4761781093583766,-3.149818423276278,0.0016337196604833,0.0160480036529776,Downregulated
ENSG00000063180,CA11,441.9962005079772,-1.8239569375711868,0.5792073134219041,-3.149057160199541,0.0016379815331532,0.0160836652393778,Downregulated
ENSG00000130876,SLC7A10,126.2527279830923,-3.6318440921009225,1.1535529144664622,-3.148398349615988,0.0016416780893713,0.0161137505257719,Downregulated
ENSG00000167103,PIP5KL1,109.05672416473452,-1.3474643271925415,0.4281878362960835,-3.146900058741502,0.0016501135307756,0.0161903088375914,Downregulated
ENSG00000232284,GNG12-AS1,37.8034667737272,-2.380029272301779,0.7566038549190174,-3.1456742611449204,0.0016570444660786,0.0162457966110429,Downregulated
ENSG00000142224,IL19,6.229396021872865,4.6524282635861285,1.4792318617643114,3.145164989913804,0.0016599318682012,0.0162615863903665,Upregulated
ENSG00000249252,C1QTNF7-AS1,9.747490281128677,-2.7870829602600318,0.8862908486898048,-3.1446595261365378,0.0016628022600849,0.0162834434319971,Downregulated
ENSG00000295453,,60.82448416341745,-1.742511669456129,0.5541670562281775,-3.1443797495220505,0.0016643929984347,0.0162927571341777,Downregulated
ENSG00000035720,STAP1,126.56954341040476,2.692419911502601,0.856295103182198,3.144266388417875,0.0016650379392064,0.0162928088165684,Upregulated
ENSG00000167664,TMIGD2,47.876635610263534,3.5554049326480017,1.1309278258071782,3.143794724575282,0.0016677238266532,0.0163128239587885,Upregulated
ENSG00000255836,LOC100419928,40.94942197208072,2.18033350609662,0.69361492800295,3.143435093552869,0.0016697744214895,0.0163203470029774,Upregulated
ENSG00000168427,KLHL30,90.93708359050304,-2.1502930238165487,0.6840374450204206,-3.1435311611520853,0.0016692264227723,0.0163203470029774,Downregulated
ENSG00000163918,RFC4,732.5434146237136,1.6602263623949518,0.5282193112880685,3.143062600923226,0.0016719007978511,0.0163348619954222,Upregulated
ENSG00000149177,PTPRJ,1891.110021860109,1.0340929195615691,0.3290336887128451,3.142817757071814,0.0016732998470347,0.0163422624247782,Upregulated
ENSG00000134352,IL6ST,12166.260510840748,-1.271585631779071,0.404637280998152,-3.1425320688255574,0.0016749336445049,0.0163456838540943,Downregulated
ENSG00000123983,ACSL3,13577.10247030628,2.275618659744037,0.7242774732560682,3.14191555553115,0.0016784643702089,0.0163738667076184,Upregulated
ENSG00000295496,,15.786159258404016,4.640886669809612,1.4777544876178454,3.1404991212652424,0.0016866021348599,0.016442330886164,Upregulated
ENSG00000283554,LINC02341,5.982220901133529,6.11645850928098,1.947625606872492,3.140469342618072,0.0016867736094203,0.016442330886164,Upregulated
ENSG00000053438,NNAT,157.7793249423236,-2.1268605851264666,0.6773801258337719,-3.1398331660654524,0.0016904407417313,0.0164654746205124,Downregulated
ENSG00000269044,,263.83797925422635,-1.0314207534089537,0.328516501969906,-3.1396314864677253,0.001691604819793,0.0164705146655001,Downregulated
ENSG00000188013,MEIS3P2,59.718556108329935,-1.4417853692660327,0.4593397933098578,-3.1388209562184493,0.0016962905741476,0.0165098269828483,Downregulated
ENSG00000105559,PLEKHA4,2162.6875764423835,-1.169035076336263,0.3726121047669547,-3.1374049886742683,0.001704505076944,0.0165834411057459,Downregulated
ENSG00000204314,PRRT1,75.73160871866952,-1.3643241591872195,0.4349052798627526,-3.1370604643332287,0.0017065093047353,0.0165966011840069,Downregulated
ENSG00000259725,,353.94570014186087,-2.3315298947371463,0.7432846716673202,-3.1367926497220897,0.0017080687802455,0.0166054274433722,Downregulated
ENSG00000120217,CD274,493.3978076183786,2.2345087379233304,0.7124834658949911,3.136225393127455,0.0017113762255972,0.0166135635101364,Upregulated
ENSG00000233355,CHRM3-AS2,28.66509950073184,2.8171139169160555,0.8982886276358634,3.1360899272767155,0.0017121669433515,0.0166135635101364,Upregulated
ENSG00000153823,PID1,732.6689688182161,-1.0001436323430606,0.3189099008020767,-3.136132273810383,0.0017119197294209,0.0166135635101364,Downregulated
ENSG00000242125,SNHG3,134.81556594454196,1.2830252865259213,0.4090753492969567,3.136403326993299,0.0017103381312047,0.0166135635101364,Upregulated
ENSG00000148935,GAS2,52.38325014649725,-1.6857042731330838,0.5375516617988996,-3.1358925902897,0.0017133194058262,0.0166184153030468,Downregulated
ENSG00000175093,SPSB4,56.4866636429304,2.4513195551134297,0.7817993015913064,3.13548445249812,0.001715705224438,0.0166251441206344,Upregulated
ENSG00000163462,TRIM46,163.82884246478858,1.2339729607710912,0.3935566823580962,3.135438975085937,0.0017159712572395,0.0166251441206344,Upregulated
ENSG00000186665,C17orf58,668.1306809490603,-1.117744673828618,0.35647123992907,-3.135581636406417,0.0017151368472063,0.0166251441206344,Downregulated
ENSG00000164400,CSF2,5.92732062584297,4.561022558914063,1.4550431817424787,3.1346303780840623,0.001720707709208,0.0166646943198626,Upregulated
ENSG00000151572,ANO4,23.46389582182728,-1.94715008347662,0.6214076476945339,-3.133450466373697,0.0017276407559921,0.016720478433112,Downregulated
ENSG00000164879,CA3,122.47948653105075,-1.7288053566893418,0.5517299475057718,-3.133426714472946,0.0017277805832496,0.016720478433112,Downregulated
ENSG00000242574,HLA-DMB,2345.0571662536054,1.6277823904985451,0.5195317697308842,3.133171993200207,0.0017292807798254,0.0167272606436491,Upregulated
ENSG00000036672,USP2,46.64473451788783,-1.7538616890281598,0.5597875020487302,-3.1330847555712023,0.0017297948465066,0.0167272606436491,Downregulated
ENSG00000304289,,67.80374453396564,-1.3146704726722354,0.41980893254173,-3.131592423992917,0.0017386105263648,0.0168061285453659,Downregulated
ENSG00000179889,PDXDC1,6135.589742622913,1.1244398412762855,0.359080575561278,3.131441569955926,0.0017395039646938,0.0168083859957197,Upregulated
ENSG00000109107,ALDOC,785.3346178293164,-1.6369022060217224,0.5229042182172717,-3.1304054337185967,0.0017456519348494,0.0168613956892488,Downregulated
ENSG00000146038,DCDC2,387.0810562095726,-2.787051886763428,0.8904822800725981,-3.1298229612566897,0.0017491168329904,0.0168884590042077,Downregulated
ENSG00000144837,PLA1A,158.86837554694296,1.6605684744190174,0.5306552535147273,3.1292792513038443,0.0017523568533773,0.0169133313423165,Upregulated
ENSG00000078596,ITM2A,3059.0326320261397,-1.4902212924384022,0.4764491511931623,-3.127765657062186,0.0017614055932454,0.0169877932092214,Downregulated
ENSG00000204287,HLA-DRA,43154.15754152988,1.5160285351629017,0.4847289624213864,3.1275798491384177,0.0017625193666423,0.0169921009794656,Upregulated
ENSG00000092758,COL9A3,1916.886759173284,2.8018085909058343,0.8961642847651808,3.1264452718510016,0.0017693343305423,0.017051348745079,Upregulated
ENSG00000122591,HYCC1,1752.275151811223,-1.1608433712899622,0.371334175579224,-3.1261420241733084,0.0017711599193766,0.0170617691456547,Downregulated
ENSG00000006625,GGCT,1290.2619917092825,1.3445747624494513,0.4301356369186961,3.1259320247943125,0.0017724251564289,0.0170617691456547,Upregulated
ENSG00000241351,IGKV3-11,7279.71942199281,2.8671297626120924,0.9172803445375456,3.125685380359457,0.0017739122393227,0.0170631868005243,Upregulated
ENSG00000203392,,27.96258457791406,-1.8340232793389608,0.5867483709753927,-3.125740726455084,0.0017735784436663,0.0170631868005243,Downregulated
ENSG00000101751,POLI,1249.8035890302897,-1.1960285618727164,0.3826741979820924,-3.125448666723764,0.0017753405254039,0.017070478868465,Downregulated
ENSG00000134962,KLB,211.9994142759721,-2.820723232616224,0.902641892172723,-3.124963794696636,0.0017782694541354,0.0170857417073874,Downregulated
ENSG00000173212,MAB21L3,119.32395512922126,5.530083534637732,1.7695935014107362,3.125058681685426,0.0017776959283471,0.0170857417073874,Upregulated
ENSG00000158286,RNF207,457.37613071662753,-1.0064805401585908,0.3221147466555301,-3.124602492151415,0.0017804548337084,0.0170874020608088,Downregulated
ENSG00000169962,TAS1R3,209.9066258583188,2.642751792831874,0.8457424373264321,3.1247714152622668,0.0017794327759303,0.0170874020608088,Upregulated
ENSG00000132793,LPIN3,778.7140725814791,-1.3085402586530654,0.4187790803327981,-3.1246552660013154,0.0017801354711793,0.0170874020608088,Downregulated
ENSG00000288928,,6.28474058660838,6.21109228440029,1.9884521278422504,3.123581502130603,0.0017866437603441,0.0171282115149242,Upregulated
ENSG00000017483,SLC38A5,294.8889713155295,1.8083808112534483,0.5789471164503224,3.123568215247549,0.0017867244315163,0.0171282115149242,Upregulated
ENSG00000211721,TRBV6-5,27.460041517991144,2.571466394764753,0.8233475074923216,3.1231847687214067,0.0017890539661518,0.0171440908848203,Upregulated
ENSG00000251015,SLC25A30-AS1,11.167594820439373,-2.2635454963684647,0.7248037779712689,-3.122976956196538,0.0017903176459973,0.017149748311846,Downregulated
ENSG00000115267,IFIH1,2022.6668985010915,1.484269106250423,0.4753172291891819,3.122691573335891,0.0017920543575345,0.0171505818718651,Upregulated
ENSG00000023445,BIRC3,3113.864025409046,1.887433230182647,0.6044000091020523,3.122821313300073,0.0017912646266759,0.0171505818718651,Upregulated
ENSG00000187498,COL4A1,15839.801036733912,1.2959778609131,0.4150275722668278,3.12263075398734,0.0017924246768051,0.0171505818718651,Upregulated
ENSG00000113648,MACROH2A1,5899.53139511122,1.0293870807195962,0.3297553526480554,3.1216690569334014,0.0017982896531962,0.0172002387369739,Upregulated
ENSG00000135245,HILPDA,1501.336517532362,1.784181820287284,0.5718763175992205,3.1198735904599317,0.0018092866600852,0.0172924354668032,Upregulated
ENSG00000102678,FGF9,72.673827063529,2.4862248780775986,0.7971654519516161,3.1188316954665263,0.0018156964406033,0.0173471883115561,Upregulated
ENSG00000171840,NINJ2,188.62815409178904,1.415517233615006,0.4539024790017754,3.11854924592617,0.0018174376735752,0.0173573134546809,Upregulated
ENSG00000237976,RFX5-AS1,9.203132630274055,2.811875481442618,0.9018261074337596,3.1179796839593656,0.0018209535531011,0.0173843732949921,Upregulated
ENSG00000154814,OXNAD1,798.0037695939355,1.1786416698493043,0.3780677154942516,3.1175411746238493,0.0018236647081767,0.0173972148996141,Upregulated
ENSG00000288803,,19.76204552139805,2.5289854737147626,0.8111868901252689,3.1176360275302524,0.001823077950496,0.0173972148996141,Upregulated
ENSG00000165410,CFL2,1281.3245750024764,-1.0439607939727094,0.3350011970760856,-3.1162897419008457,0.0018314223048673,0.0174431491455694,Downregulated
ENSG00000214212,C19orf38,97.22362267020654,1.59066040560181,0.5104487242890635,3.116200178220115,0.0018319786687206,0.0174431491455694,Upregulated
ENSG00000205056,LINC02397,33.737174293929904,2.8516746010601817,0.9151269721643764,3.116151843187023,0.0018322789873721,0.0174431491455694,Upregulated
ENSG00000211697,TRGV5,22.585561846624795,2.656837358372975,0.8525259569139424,3.116429871520226,0.0018305521401204,0.0174431491455694,Upregulated
ENSG00000272983,,28.94140307393835,-1.895241683075036,0.6082091285906774,-3.116102001735207,0.0018325887131853,0.0174431491455694,Downregulated
ENSG00000187801,ZFP69B,137.33094908548802,1.6695076299856686,0.535825112413158,3.1157696631029927,0.0018346551691739,0.0174562950369929,Upregulated
ENSG00000144045,DQX1,25.244278722544948,2.694740796807028,0.8649072767013946,3.115641259354759,0.0018354541470489,0.017457375869859,Upregulated
ENSG00000187151,ANGPTL5,12.292647981573143,-3.1737130262881257,1.0187501137324986,-3.1153007823088923,0.0018375742752496,0.0174710169335134,Downregulated
ENSG00000135917,SLC19A3,942.0694174110392,-3.008343622675456,0.9658843297075792,-3.114600299588905,0.0018419432138061,0.0174994910849893,Downregulated
ENSG00000138018,SELENOI,3225.464177742634,2.005587596798829,0.6439254836170476,3.1146268439836784,0.0018417774815317,0.0174994910849893,Upregulated
ENSG00000234147,,9.077317984277396,2.4978900412213165,0.8021337829587725,3.1140566502604234,0.0018453405520374,0.0175252308728355,Upregulated
ENSG00000253683,,274.3614084468396,1.1807838801871176,0.3794288815828048,3.1120031644966613,0.0018582250718074,0.0176088570279469,Upregulated
ENSG00000169550,MUC15,632.0104201338676,-2.7499320279169326,0.8836445850409437,-3.112034040008873,0.001858030734097,0.0176088570279469,Downregulated
ENSG00000162998,FRZB,2204.8870945491194,-1.4424497757365269,0.4634685237561459,-3.112292856581285,0.0018564024160593,0.0176088570279469,Downregulated
ENSG00000293013,,20.86541130340091,-1.9144983469253185,0.6151328083898017,-3.1123333381238307,0.0018561478491645,0.0176088570279469,Downregulated
ENSG00000132622,HSPA12B,950.7582557983618,-1.34567608081365,0.4326988460187932,-3.1099599483452374,0.0018711271374376,0.0177238673550293,Downregulated
ENSG00000287566,LOC105376380,29.582122324085333,3.712325426053407,1.1939677195500482,3.109234332945294,0.0018757288649138,0.0177608512707141,Upregulated
ENSG00000168079,SCARA5,1442.9888367613862,-2.787292268985325,0.8965292059140872,-3.1089810020672384,0.0018773378922849,0.0177694810309889,Downregulated
ENSG00000164946,FREM1,762.3528626094819,-1.8871830653830264,0.6071166191008258,-3.10843585237059,0.0018808047032516,0.0177913696067523,Downregulated
ENSG00000154330,PGM5,871.8671119088476,-2.300346300606927,0.7400424609307955,-3.108397723170701,0.0018810474010044,0.0177913696067523,Downregulated
ENSG00000204681,GABBR1,1399.1071712657124,-1.159484461458525,0.3730614340686903,-3.108025530307252,0.0018834179726082,0.0178005711244172,Downregulated
ENSG00000131944,FAAP24,201.85777066648424,1.169554069005543,0.3763220587224017,3.1078541422103507,0.0018845105005268,0.0178042904150297,Upregulated
ENSG00000308261,,37.86131487593935,-1.7166731439000162,0.552474863224171,-3.1072420813532333,0.0018884168873721,0.0178279712891974,Downregulated
ENSG00000295480,LOC124902513,20.95782147256491,-2.321594463287048,0.7472921182458199,-3.106675965935138,0.001892036653984,0.0178555263481389,Downregulated
ENSG00000286322,LOC105376020,16.367220414031163,-3.926720124775165,1.264164854322564,-3.1061772610973284,0.0018952306729818,0.0178746344186742,Downregulated
ENSG00000270171,,8.793813680220499,-2.81304124129827,0.9056387012048234,-3.1061407132401904,0.0018954649430662,0.0178746344186742,Downregulated
ENSG00000186452,TMPRSS12,7.855666586879446,-3.955925852413358,1.2741285500185988,-3.104809049570086,0.0019040190070163,0.0179486558577765,Downregulated
ENSG00000185668,POU3F1,76.15359157206217,2.1164690522920098,0.6817922712741419,3.1042725790022905,0.0019074750822443,0.0179679355842621,Upregulated
ENSG00000116183,PAPPA2,115.49196245237738,-3.2491536154990635,1.0466708206983022,-3.104274573481796,0.0019074622226544,0.0179679355842621,Downregulated
ENSG00000108518,PFN1,12067.934006710404,1.0075160378172812,0.3245716589955967,3.1041405184146087,0.0019083267322056,0.0179693124569357,Upregulated
ENSG00000211650,IGLV5-45,1604.300889249116,3.501585036013352,1.1282866262550482,3.103453461675457,0.00191276315253,0.0180044309896869,Upregulated
ENSG00000197753,LHFPL5,95.09453998319852,2.341691171196309,0.7546229860122904,3.103127276271665,0.0019148726907523,0.0180109757408243,Upregulated
ENSG00000236849,LINC01474,8.05197823123058,-3.76673949672606,1.214154021036831,-3.102357222775937,0.0019198613346778,0.0180512322095164,Downregulated
ENSG00000164924,YWHAZ,25700.828647749146,1.126912958158775,0.3633187452382199,3.1017198339708107,0.0019239995603569,0.0180834659785434,Upregulated
ENSG00000280355,,30.829431879824572,-1.611907859706848,0.5197647480227257,-3.1012258254120204,0.0019272125270728,0.0181003061493628,Downregulated
ENSG00000204482,LST1,705.292516227558,1.5276870038646877,0.4927647180708465,3.100236173250226,0.0019336639206339,0.0181475142676744,Upregulated
ENSG00000301948,LINC03220,12.481166904121991,2.9465283038150494,0.9505139184265728,3.09993178079135,0.0019356521931916,0.0181559035446231,Upregulated
ENSG00000167900,TK1,62.85345980730351,1.422667730563962,0.4590425220662843,3.0992068537792963,0.0019403949322833,0.0181905775930028,Upregulated
ENSG00000249931,GOLGA8K,19.490118170316475,-2.2009653558941755,0.7102446169867451,-3.0988835441399067,0.0019425135812637,0.0181999808642867,Downregulated
ENSG00000129467,ADCY4,1081.4690145160246,-1.307624228140032,0.4219727472191345,-3.098835734671202,0.0019428270570451,0.0181999808642867,Downregulated
ENSG00000172167,MTBP,305.5411939135964,1.1360188428378688,0.36662647156325,3.0985728826236265,0.0019445513477718,0.0182094365364327,Upregulated
ENSG00000161929,SCIMP,130.19226957254946,1.8343353382783336,0.5922449292042433,3.0972579887564384,0.0019531980713779,0.0182628202744042,Upregulated
ENSG00000107562,CXCL12,17855.12785090039,-1.6500325835416485,0.5327751824862687,-3.097052261033527,0.0019545541230429,0.0182628202744042,Downregulated
ENSG00000184432,COPB2,5177.752893332985,1.0546004807325946,0.3404887941689891,3.097313329522329,0.0019528334408771,0.0182628202744042,Upregulated
ENSG00000164035,EMCN,1829.4658825032084,-1.5748853236021747,0.5085026165218959,-3.0971036774092213,0.0019542151316665,0.0182628202744042,Downregulated
ENSG00000078399,HOXA9,44.53572501325104,-1.654708968718317,0.5344333286891675,-3.096193444328984,0.0019602243428421,0.0183023732538607,Downregulated
ENSG00000274213,,27.916533485228484,2.046931471507644,0.6611787880321053,3.0958819438234157,0.0019622847115305,0.0183148969906171,Upregulated
ENSG00000272784,,6.337393502772522,-4.421313080938483,1.4282540426795445,-3.0956069080285373,0.001964105542824,0.018325176659806,Downregulated
ENSG00000295724,LOC102723635,12.525824892277283,7.188339771316618,2.3226090301168987,3.094941799548081,0.0019685152015442,0.0183595938112536,Upregulated
ENSG00000277632,CCL3,113.06045757470986,1.7747554309504106,0.5736128568931016,3.093995208829766,0.0019748067556633,0.0184115310664356,Upregulated
ENSG00000138738,PRDM5,325.547051420654,-1.1977597490120622,0.3871397424468331,-3.0938692613728587,0.0019756452605471,0.0184126090125853,Downregulated
ENSG00000131979,GCH1,908.4992669550168,1.5926590823512514,0.5148322167716649,3.0935497633350657,0.0019777738095806,0.0184227682630522,Upregulated
ENSG00000163563,MNDA,762.7764726375693,1.5645678077895837,0.5057616297477564,3.093488544336383,0.0019781819009637,0.0184227682630522,Upregulated
ENSG00000101213,PTK6,502.9165208209137,2.3619375014846105,0.763935354659807,3.091802843103681,0.0019894493492507,0.0185209299615368,Upregulated
ENSG00000211791,TRAV13-2,28.830676820472085,2.660665650072747,0.8607012783097778,3.091276517327465,0.001992979428484,0.0185470146229146,Upregulated
ENSG00000066735,KIF26A,863.8228733743397,-1.2476608812681005,0.4037845050024049,-3.0899176808695747,0.0020021197737286,0.0186252712770787,Downregulated
ENSG00000310167,,5.714516965914588,-4.299913533087807,1.391920229525598,-3.0891953733248974,0.0020069940911397,0.0186637993776632,Downregulated
ENSG00000163823,CCR1,892.1242385564788,1.7411625978303065,0.5638194896655329,3.0881561026973245,0.0020140264665914,0.0187155301461332,Upregulated
ENSG00000214942,LOC102724637,11.725361073824429,-2.8685470346623108,0.9289654792078752,-3.0878941132541424,0.0020158028212997,0.0187252055657646,Downregulated
ENSG00000178075,GRAMD1C,637.0945638496182,-2.0527359390849624,0.6648107031928937,-3.087699895964769,0.002017120591506,0.0187306155983411,Downregulated
ENSG00000241697,TMEFF1,36.317646057687845,4.387330484422004,1.421447218511685,3.086523669176914,0.0020251182316545,0.0187853537535417,Upregulated
ENSG00000172461,FUT9,29.445502867590903,-2.8825126306937863,0.9339075229922416,-3.086507560682465,0.0020252279614944,0.0187853537535417,Downregulated
ENSG00000145777,TSLP,54.76669168871133,-2.190155714633148,0.7097567668204595,-3.085783492342766,0.0020301658978787,0.018810335382703,Downregulated
ENSG00000165124,SVEP1,3708.1024855409087,-1.8672587822562128,0.6051114893663545,-3.0858094996866154,0.0020299883442187,0.018810335382703,Downregulated
ENSG00000308294,,13.734635203146295,-2.282462792072297,0.7396930655700078,-3.085689049029316,0.0020308107877501,0.018810335382703,Downregulated
ENSG00000224418,STK24-AS1,15.34035813826318,-1.7033674208652212,0.5520532479238058,-3.0855129052701806,0.0020320140572537,0.0188140421854997,Downregulated
ENSG00000166257,SCN3B,99.45210349467702,-2.2897305013471856,0.7423041832671882,-3.084625619741402,0.0020380852166063,0.018863397002972,Downregulated
ENSG00000074527,NTN4,5652.430133369453,-2.3658625539288485,0.7670975184817934,-3.084174432751735,0.0020411787960714,0.018885167132123,Downregulated
ENSG00000167074,TEF,1948.5399145832823,-1.2990642072398513,0.4212549494786919,-3.083795712898944,0.00204377882739,0.0189023567583338,Downregulated
ENSG00000122884,P4HA1,2659.8566993784584,1.235093060074956,0.400620587811739,3.082949547903303,0.0020495989997888,0.0189493053080297,Upregulated
ENSG00000176723,ZNF843,82.21712937968064,-1.0676307158810034,0.3463144436419955,-3.0828362359170693,0.0020503795465062,0.0189496434793394,Downregulated
ENSG00000126264,HCST,71.26155568378326,1.5357586249568085,0.4984166643465175,3.0812746338856214,0.0020611644159623,0.0190355035674318,Upregulated
ENSG00000171903,CYP4F11,88.36113461923696,-2.949137487909937,0.9572540361150154,-3.080830559752892,0.0020642408085693,0.0190570053044833,Downregulated
ENSG00000077157,PPP1R12B,4028.470894380584,-1.3922262140723052,0.4521138469214671,-3.079370878711744,0.002074382678641,0.0191367624801396,Downregulated
ENSG00000287232,LOC124909426,24.98094501049661,-2.14324351128072,0.6960458650727076,-3.079169949607905,0.0020757823082666,0.0191427411925631,Downregulated
ENSG00000184271,POU6F1,643.3924228497631,-1.193162598391464,0.3875499035627187,-3.078732796532279,0.0020788304171413,0.0191576319193741,Downregulated
ENSG00000289589,,13.454587686301528,2.420562464299853,0.7863031282195785,3.078408793540881,0.0020810922203224,0.0191639551496138,Upregulated
ENSG00000152763,DNAI4,224.2031411375491,-1.1486933624342122,0.3731805588246863,-3.078116839880312,0.0020831322263979,0.019168880396887,Downregulated
ENSG00000086289,EPDR1,569.0959910886983,-1.233068000505706,0.4006352952960199,-3.077781750593445,0.0020854759003879,0.0191835163086965,Downregulated
ENSG00000232931,LINC00342,1180.5215997798264,-1.5138297824249864,0.4918963623692234,-3.077538071502727,0.0020871817538708,0.0191922766977773,Downregulated
ENSG00000124785,NRN1,892.9876769647311,-1.518237745295082,0.4933985749719597,-3.077102006995794,0.0020902375788136,0.0192134396860204,Downregulated
ENSG00000126368,NR1D1,780.9260093893952,-1.6166768838792676,0.5254782525710513,-3.076581906043148,0.0020938876747914,0.0192331096157995,Downregulated
ENSG00000156564,LRFN2,73.42088531681526,3.3679601775844845,1.094693873938043,3.0766228420267043,0.0020936001720737,0.0192331096157995,Upregulated
ENSG00000198046,ZNF667,391.6139173411273,-1.099283372314195,0.357369515734016,-3.0760412511859934,0.0020976882156558,0.0192610730140482,Downregulated
ENSG00000173369,C1QB,9486.059210438185,1.7990377493259668,0.5852310186949772,3.0740642444716806,0.0021116395414515,0.0193496180962035,Upregulated
ENSG00000256128,LOC100996671,24.24500650401884,2.0424960371022665,0.6644367952187128,3.074026080132931,0.0021119096944977,0.0193496180962035,Upregulated
ENSG00000181652,ATG9B,64.33885180030059,1.8585940249473616,0.6046328589352763,3.0739216327412957,0.002112649205981,0.0193496180962035,Upregulated
ENSG00000300362,EGFLAM-AS7,8.853373001643664,-3.334859411549865,1.0848659398146507,-3.073982958778875,0.002112214974795,0.0193496180962035,Downregulated
ENSG00000162676,GFI1,253.16522489906964,1.92700961337906,0.6269285048659071,3.0737310529391637,0.0021139991666836,0.0193550225645572,Upregulated
ENSG00000124203,ZNF831,358.9152394760688,2.155977565776696,0.7020051855787044,3.0711704273229783,0.0021322140872001,0.0195077676059895,Upregulated
ENSG00000276365,MIR145,24.20395432554392,-3.272950569909811,1.065835167899862,-3.0707849285540867,0.0021349687492022,0.019511944388565,Downregulated
ENSG00000189184,PCDH18,2601.727517098361,-1.279427809072404,0.4166245256796181,-3.070937331366509,0.0021338793332673,0.019511944388565,Downregulated
ENSG00000274286,ADRA2B,236.2305734927036,-2.735224433809728,0.8906989610906062,-3.07087417106742,0.0021343307580597,0.019511944388565,Downregulated
ENSG00000157766,ACAN,57.65189735432348,2.79833325021186,0.9113082530860834,3.070676953418884,0.0021357408928813,0.0195120001013558,Upregulated
ENSG00000284730,TMDD1,46.14149546903943,-1.4718807717494402,0.4794985320157802,-3.0696251885521955,0.0021432756009951,0.0195668002985474,Downregulated
ENSG00000137285,TUBB2B,315.3494976258494,-1.790181433810739,0.5832391675137875,-3.069377938799729,0.0021450504009471,0.0195759866580164,Downregulated
ENSG00000266904,LINC00663,113.77845024009028,-1.429678911252772,0.4658770945660662,-3.0687898759745287,0.0021492770290701,0.0196075341000881,Downregulated
ENSG00000243836,WDR86-AS1,205.93206338320232,-1.6534685091004433,0.5388220241114263,-3.0686728365032687,0.00215011914619,0.0196081936171169,Downregulated
ENSG00000121691,CAT,5938.784693109586,-1.0620979713211065,0.3461393900948536,-3.06841117108936,0.002152002963681,0.0196183491366933,Downregulated
ENSG00000179918,SEPHS2,5702.23506613759,1.3128495819107169,0.4279116228411078,3.068039080579506,0.0021546843745918,0.0196357659052698,Upregulated
ENSG00000185522,LMNTD2,188.27996486768563,-1.4946154506417095,0.4873731028342148,-3.0666761090222057,0.0021645325928841,0.0197043637145645,Downregulated
ENSG00000117090,SLAMF1,393.4051426641584,2.3581745494741235,0.7690358868239089,3.0664037789098524,0.0021665052669933,0.0197094757803757,Upregulated
ENSG00000198944,SOWAHA,142.59147860850263,-2.01368730899893,0.6566974940475083,-3.066384944744819,0.0021666417567057,0.0197094757803757,Downregulated
ENSG00000101916,TLR8,307.7108574983652,2.465565518616988,0.8042949974755479,3.06549901013396,0.0021730709685938,0.0197609034777057,Upregulated
ENSG00000273007,,32.264423927855574,-1.6591911693583148,0.5413494603735173,-3.064917009824883,0.0021773040477977,0.0197852698542475,Downregulated
ENSG00000308206,,16.649166964820843,4.44805679585693,1.451261148662659,3.0649596042420244,0.0021769939884555,0.0197852698542475,Upregulated
ENSG00000104413,ESRP1,3613.030744976195,1.3835793265014888,0.4514765067646717,3.0645654995790683,0.0021798643570966,0.0197872089862089,Upregulated
ENSG00000272491,,10.695289083620755,-3.0322887258654707,0.9894489851916574,-3.0646236150094315,0.0021794408690711,0.0197872089862089,Downregulated
ENSG00000168461,RAB31,3922.568436938637,1.248239601824606,0.4073062012024163,3.064622139657226,0.002179451619052,0.0197872089862089,Upregulated
ENSG00000267074,,48.85652850987319,1.745490136546858,0.5696139646196876,3.0643387363444714,0.0021815175057222,0.0197882593975256,Upregulated
ENSG00000065618,COL17A1,5249.80760073937,-2.5743754707902764,0.8402065953012309,-3.063979127499364,0.0021841414814262,0.0197979600261239,Downregulated
ENSG00000267280,TBX2-AS1,172.8438038621442,-1.5437493921137193,0.5038297439107762,-3.0640298846411578,0.0021837709440005,0.0197979600261239,Downregulated
ENSG00000254040,,9.790915339968508,-3.5090566924134223,1.145408666910578,-3.0635848966274453,0.0021870214094439,0.0198170125649043,Downregulated
ENSG00000160410,SHKBP1,1737.7744067708618,1.0040175239125573,0.3277485945000097,3.0633770541234995,0.0021885411375169,0.0198237309081414,Upregulated
ENSG00000057657,PRDM1,869.3148914003548,1.4406772199727167,0.4703749948662523,3.062826969325533,0.0021925679867026,0.0198531458191621,Upregulated
ENSG00000137825,ITPKA,32.32660648006186,2.669144231732588,0.8717214547350459,3.061923298129512,0.002199197979883,0.0198950026939002,Upregulated
ENSG00000277449,CEBPB-AS1,56.03484245445998,-1.460050835410691,0.4768304285450991,-3.061991743827224,0.0021986951697174,0.0198950026939002,Downregulated
ENSG00000197275,RAD54B,97.33875555558632,1.5799413188833005,0.5160040783147615,3.0618775805867555,0.0021995338850466,0.0198950026939002,Upregulated
ENSG00000165731,RET,420.8980170912013,2.6542388152898457,0.866938670657574,3.0616223559119846,0.002201409987517,0.0199049037245458,Upregulated
ENSG00000229769,TRBV10-2,10.109983076734716,3.01178559303341,0.984204144197684,3.0601228523464465,0.0022124621737559,0.0199977374122562,Upregulated
ENSG00000146143,PRIM2,511.5835622018929,1.1566783703419012,0.3780838316387248,3.0593172030883258,0.0022184212414023,0.0200302755901307,Upregulated
ENSG00000233030,LOC124904411,45.624088885042354,1.489811114978861,0.4870356144717694,3.058936699310347,0.0022212407876085,0.0200486265418776,Upregulated
ENSG00000204475,NCR3,49.06994381177583,2.622529933911649,0.8574136807349781,3.0586518419715527,0.0022233537394987,0.0200605891246093,Upregulated
ENSG00000157111,TMEM171,16.336528242069996,2.400232963291402,0.7848058493302189,3.058378024755863,0.0022253865364686,0.0200718202798838,Upregulated
ENSG00000148908,RGS10,1500.742376162156,1.066655247378559,0.348778377448007,3.0582608221966616,0.0022262571592499,0.020072564992303,Upregulated
ENSG00000170099,SERPINA6,55.18341406135272,-7.704366277785189,2.5193516715615374,-3.0580749661717097,0.0022276384046271,0.020077911466475,Downregulated
ENSG00000241218,CSP2,9.834655632765465,-3.450282354183568,1.1285205601799913,-3.057350017294565,0.0022330335909117,0.0201194193824241,Downregulated
ENSG00000196839,ADA,257.8734290128644,1.3509873512090216,0.4419818398804774,3.056658055395129,0.0022381944490432,0.0201587874156929,Upregulated
ENSG00000156299,TIAM1,1197.688753425739,1.3012355491760883,0.4257544624816907,3.056305133224639,0.0022408308543811,0.0201711589619686,Upregulated
ENSG00000296775,,22.54643048298468,-2.579757000549966,0.844088905244115,-3.0562621834294657,0.0022411518928338,0.0201711589619686,Downregulated
ENSG00000157551,KCNJ15,127.13373372844788,1.3037825722852938,0.4266139231581869,3.0561181937839743,0.0022422284851724,0.0201737201504154,Upregulated
ENSG00000243650,RN7SL834P,7.099017562619276,2.9899351881551,0.978604887315538,3.055303756306538,0.0022483268566184,0.0202214453972205,Upregulated
ENSG00000203943,SAMD13,49.76565106141243,-1.760276004335676,0.5764205019053309,-3.0538053357178767,0.0022595864958329,0.0202940506471658,Downregulated
ENSG00000249816,LINC00964,63.44320320572979,3.808166875766662,1.2471552247365605,3.05348267820557,0.002262017803507,0.0203052975181049,Upregulated
ENSG00000185561,TLCD2,546.055538393233,-1.447334196382707,0.474078034153489,-3.052945068351582,0.002266074156889,0.0203308118528074,Downregulated
ENSG00000302075,,6.027445883841379,3.5274133074643284,1.155464190698661,3.05281058111498,0.0022670899263822,0.0203327632094653,Upregulated
ENSG00000177822,TENM3-AS1,28.498602941216976,-1.9017117356655373,0.6230363297007575,-3.0523288049332917,0.0022707321614225,0.0203472909469368,Downregulated
ENSG00000034971,MYOC,67.54692374936499,-3.5159855166091103,1.1518668673269563,-3.0524235190203632,0.0022700156984582,0.0203472909469368,Downregulated
ENSG00000244716,RPL17P7,1786.74678744714,-1.1085206222836743,0.3631779703833562,-3.052279358006115,0.0022711062840933,0.0203472909469368,Downregulated
ENSG00000280172,,6.6366779672040845,-3.3613931347743917,1.1016256503919564,-3.051302530563276,0.0022785086895648,0.0204064327819643,Downregulated
ENSG00000076003,MCM6,1909.7217291247764,1.453000230853544,0.4762731050874814,3.0507711129030857,0.0022825450530833,0.0204353972045997,Upregulated
ENSG00000299088,,5.291315449996421,-4.9739779544279,1.6311673798865325,-3.049336331611721,0.0022934756204677,0.0205116283458335,Downregulated
ENSG00000158825,CDA,54.52201150469723,1.4222922132296527,0.4664645931397964,3.049089328851592,0.0022953621873966,0.0205140948333963,Upregulated
ENSG00000236028,EYA2-AS1,9.3423796313611,-4.253496161132595,1.3949925351501575,-3.049117507051568,0.0022951468950775,0.0205140948333963,Downregulated
ENSG00000263272,,105.6847384058846,-1.315786696147535,0.4315661652197706,-3.048864350794238,0.0022970817701128,0.0205222622821972,Downregulated
ENSG00000271474,UNC5C-AS1,64.0280057917137,-1.6990221388871598,0.5572995575733042,-3.0486694557687306,0.0022985723719084,0.0205283789918935,Downregulated
ENSG00000205784,ARRDC5,11.7715715820639,2.14996417118604,0.7053265570849131,3.0481826461657096,0.0023022994744112,0.0205472564515519,Upregulated
ENSG00000179091,CYC1,4984.854903414446,1.013142956319409,0.3323672186343571,3.0482637863091573,0.0023016778665994,0.0205472564515519,Upregulated
ENSG00000286508,,48.691243874389016,-1.3983224313421565,0.4587579524648756,-3.048061453385308,0.0023032282084595,0.0205483452531258,Downregulated
ENSG00000164919,COX6C,4055.068518223032,1.0686107375896825,0.3506242691635951,3.04773751154997,0.0023057123497312,0.0205633050630268,Upregulated
ENSG00000116882,HAO2,53.163981810599765,3.569727493465296,1.171467808124956,3.047226282025606,0.0023096376954885,0.0205911031647843,Upregulated
ENSG00000005844,ITGAL,1824.033357553108,1.925410203336125,0.6320304065858203,3.046388564969592,0.0023160831267811,0.0206413412604067,Upregulated
ENSG00000275719,,11.70024492321077,-2.924720696083679,0.9601318956732598,-3.046165541696558,0.0023178018519774,0.0206494337081906,Downregulated
ENSG00000051523,CYBA,8166.853987711633,1.0835372491920985,0.355734173142428,3.0459183598261568,0.0023197081197194,0.0206519697718889,Upregulated
ENSG00000166897,ELFN2,44.33044530923269,3.677409984347919,1.2076258232695058,3.045156797319687,0.0023255903237593,0.0206971038212701,Upregulated
ENSG00000153930,ANKFN1,21.21632398047771,-3.178270160695866,1.044123266255186,-3.0439606734317226,0.0023348566010128,0.0207676231695603,Downregulated
ENSG00000197580,BCO2,53.555350929221774,-1.7241269320012171,0.5664159783455671,-3.043923543677536,0.0023351447826006,0.0207676231695603,Downregulated
ENSG00000166405,RIC3,558.1557576482747,-1.8605787056845675,0.6114397358943814,-3.042946992908488,0.0023427359592018,0.0208133336647476,Downregulated
ENSG00000302100,,7.368659542181613,6.426108890877798,2.1118009173574177,3.04295203115976,0.002342696736641,0.0208133336647476,Upregulated
ENSG00000179930,ZNF648,19.70580699190512,-2.1232934509532333,0.6978208209346599,-3.042748779134016,0.0023442795218453,0.0208197851118977,Downregulated
ENSG00000255176,,12.968089648823334,-3.0905485712281893,1.0158413330060867,-3.0423536341867585,0.0023473594381757,0.0208398718193709,Downregulated
ENSG00000111012,CYP27B1,155.92858278675843,1.2424939430893958,0.4086936107359439,3.040159939990274,0.0023645254458149,0.0209667240442041,Upregulated
ENSG00000146966,DENND2A,526.1666397635923,-1.516612193371719,0.4988442532177601,-3.040251909466567,0.0023638034678352,0.0209667240442041,Downregulated
ENSG00000164934,DCAF13,1716.4203319335204,1.0937593571062958,0.3597892207200479,3.040000350531208,0.00236577873275,0.0209668580730258,Upregulated
ENSG00000100307,CBX7,2837.5511766022205,-1.3571382667283145,0.4464999899050375,-3.039503465648349,0.0023696847618246,0.0209868708513334,Downregulated
ENSG00000214021,TTLL3,725.0337401859791,-1.0642175596493637,0.3501167821743853,-3.039607393396243,0.0023688672942389,0.0209868708513334,Downregulated
ENSG00000104312,RIPK2,833.4587262189665,1.180992941961323,0.388610247743047,3.039016466550329,0.002373518807006,0.0210062187398367,Upregulated
ENSG00000105639,JAK3,1342.7229410821608,1.7996746457646835,0.592240523518001,3.038756340201673,0.0023755690551949,0.0210098936718352,Upregulated
ENSG00000163508,EOMES,424.2645527690411,2.304851086594192,0.7584854599774589,3.038754476140768,0.0023755837530872,0.0210098936718352,Upregulated
ENSG00000092929,UNC13D,1285.048789509602,1.066586885909392,0.3510988865264437,3.037853228364084,0.0023826997404812,0.0210582044031219,Upregulated
ENSG00000072133,RPS6KA6,278.36541424391027,-1.9350709031892608,0.6369766296377607,-3.0378993720534253,0.002382334930022,0.0210582044031219,Downregulated
ENSG00000305378,,9.158473027792889,-5.7768791965618,1.9018911243130807,-3.037439484685684,0.0023859730699732,0.021079819654973,Downregulated
ENSG00000183346,CABCOCO1,49.62965109680843,-2.4515033921493643,0.807174212139629,-3.037142856250332,0.0023883223763988,0.0210932591016832,Downregulated
ENSG00000173200,PARP15,451.5877343655413,2.3035317276851983,0.7587340171372863,3.0360201014532797,0.0023972338188963,0.0211646248184084,Upregulated
ENSG00000143727,ACP1,3978.694075650335,1.02735583810324,0.3384370000768698,3.035589601225323,0.0024006588173371,0.0211875193126799,Upregulated
ENSG00000291176,,79.71488382603214,-1.46565943962876,0.4829027209575407,-3.0351028810161296,0.0024045364885305,0.0212143917212892,Downregulated
ENSG00000295072,LOC124904070,50.2739724993375,5.671512673169061,1.869162061083505,3.034254113782639,0.0024113122861233,0.0212668058309719,Upregulated
ENSG00000180861,LINC01559,20.43283645287203,5.037856673756133,1.6608165364274856,3.03336133959315,0.0024184582516835,0.0213076963433523,Upregulated
ENSG00000184185,KCNJ12,117.22620224741831,-1.436968398627082,0.4737206215951766,-3.033366784389344,0.0024184146116257,0.0213076963433523,Downregulated
ENSG00000169760,NLGN1,106.50293804633536,-2.546246949559582,0.8394884723423408,-3.0330934056247894,0.0024206066338718,0.021311880944124,Downregulated
ENSG00000165501,LRR1,254.5491784543841,1.0161893546275649,0.3351394435757107,3.0321389323366805,0.0024282741153538,0.0213646183047247,Upregulated
ENSG00000120280,TASL,330.1578575349161,1.8668197632848975,0.6159280507377805,3.0309055758197,0.002438214842637,0.0214372696778765,Upregulated
ENSG00000255389,,84.4687614233826,-1.7529706981822557,0.5786344167334209,-3.0294960816163408,0.0024496208136514,0.0215301213749189,Downregulated
ENSG00000232591,LINC02642,8.28394440463222,2.516312527230077,0.8307585753871198,3.028933557571184,0.002454186511737,0.0215479436885402,Upregulated
ENSG00000237863,IRS4-AS1,6.960788309791244,-4.578780982626824,1.5116381418059823,-3.0290192182875653,0.0024534907485981,0.0215479436885402,Downregulated
ENSG00000188766,SPRED3,148.1583600936139,1.564489581287977,0.5165026777149526,3.0290057511597013,0.0024536001208647,0.0215479436885402,Upregulated
ENSG00000290058,,11.326412691153736,3.1050948159966523,1.02536269720418,3.028289233130095,0.0024594257058248,0.021576927744595,Upregulated
ENSG00000303324,LOC105374263,16.219624448211032,4.476172622945992,1.478155429027472,3.028215122066707,0.0024600289808136,0.021576927744595,Upregulated
ENSG00000167700,SLC33A2,1409.3587910007575,1.064139356599686,0.3514762270655456,3.027628256636652,0.0024648109356733,0.0216114283451069,Upregulated
ENSG00000277157,H4C4,10.40920834846828,3.297200233586864,1.0894686523773205,3.026429651180941,0.0024746039668846,0.0216823658894116,Upregulated
ENSG00000188883,KLRG2,606.606517601566,2.368510566705465,0.7826037190288515,3.02644941381648,0.0024744422109108,0.0216823658894116,Upregulated
ENSG00000298408,,14.753688561061333,-3.817875619318486,1.2618098503481292,-3.02571391265106,0.0024804687677316,0.0217262792238287,Downregulated
ENSG00000275409,,8.48298944624148,-3.1144372556210023,1.0295425791239654,-3.0250689177625536,0.002485764782319,0.0217577026702573,Downregulated
ENSG00000168993,CPLX1,432.508068469262,-1.735927193282332,0.5743611939291373,-3.022361558598794,0.0025081077845754,0.0219457277158783,Downregulated
ENSG00000163285,GABRG1,10.521808670408792,-6.726142712599757,2.225571743403062,-3.022208891956451,0.0025093731505647,0.0219492594498745,Downregulated
ENSG00000255002,LINC02324,6.123079830039917,6.151709953019718,2.0355960974499223,3.0220680618941183,0.0025105409277486,0.0219519354516604,Upregulated
ENSG00000204022,LIPJ,6.477975575826645,-3.4941202796803377,1.156726917771951,-3.0206959188004343,0.00252194492372,0.0220367889175723,Downregulated
ENSG00000197565,COL4A6,440.7662683442243,-3.222050565296988,1.0670184540335093,-3.019676513669557,0.0025304479415539,0.0220901142394251,Downregulated
ENSG00000293492,NUDT16L2P,79.52597981213715,-1.5885734277151051,0.5260769698491371,-3.0196597052531304,0.0025305883626756,0.0220901142394251,Downregulated
ENSG00000239264,TXNDC5,746.8832750551911,1.2165716694703437,0.4028851635919791,3.019648722290561,0.0025306801205544,0.0220901142394251,Upregulated
ENSG00000293240,,9.547631728758589,3.988101966698897,1.320785262873169,3.019493084003211,0.0025319807379613,0.0220938956411833,Upregulated
ENSG00000131044,TTLL9,38.64433097924089,-2.142869133442033,0.7097352189258116,-3.019251512818088,0.0025340006789975,0.0220963818194953,Downregulated
ENSG00000113971,NPHP3,428.7051114457721,-1.2385624041349017,0.4102203727652803,-3.019261076152309,0.002533920685442,0.0220963818194953,Downregulated
ENSG00000129951,PLPPR3,295.6586246869296,-2.232346826978062,0.7394772855360748,-3.0188173060106243,0.0025376350834624,0.0221205007566297,Downregulated
ENSG00000287617,,6.171567770297563,-3.949182180760911,1.308542848932054,-3.017999895061879,0.0025444899277589,0.0221726660793531,Downregulated
ENSG00000205930,EPCIP-AS1,119.36989518726588,-1.0811278247298548,0.3582514561693354,-3.0177904544757417,0.0025462490291756,0.0221804066423167,Downregulated
ENSG00000064309,CDON,601.4475878903077,-1.1023061912738352,0.3653345196512551,-3.0172516747831173,0.0025507793774191,0.0222122740246983,Downregulated
ENSG00000170476,MZB1,1766.2316599053115,2.1611514630856243,0.7163054723036578,3.017080766024728,0.0025522180091771,0.0222172060532303,Upregulated
ENSG00000109794,FAM149A,311.0134058564177,-1.8457725888977696,0.6118719638460957,-3.0165993834651945,0.0025562740567829,0.022244911684427,Downregulated
ENSG00000211815,TRAV36DV7,9.70947587637413,3.015311745787193,0.9996307685415576,3.016425504975678,0.0025577405760003,0.0222500717934786,Upregulated
ENSG00000122971,ACADS,1251.207026350399,-1.2221165165664398,0.4051906652313834,-3.016151706921857,0.0025600513926736,0.0222625705096586,Downregulated
ENSG00000158869,FCER1G,2011.624729938257,1.5308703475352627,0.5076040248316854,3.015875116519965,0.0025623877147757,0.022268382451318,Upregulated
ENSG00000198431,TXNRD1,3904.291253792857,1.0593219526711704,0.3512497233825378,3.015865585515317,0.0025624682566374,0.022268382451318,Upregulated
ENSG00000184599,TAFA3,281.4971018530656,3.298807450794458,1.09412770841225,3.0150113423062304,0.0025696964582818,0.0223159694813828,Upregulated
ENSG00000304314,,6.388110120659944,3.795439763889196,1.258937410566731,3.014796233738592,0.0025715195414274,0.0223186484703695,Upregulated
ENSG00000105784,RUNDC3B,172.5145215273801,-2.055188993080313,0.6817322021522014,-3.0146573487245623,0.0025726972447375,0.0223192001092338,Downregulated
ENSG00000088538,DOCK3,166.24035847007713,2.6815381070490045,0.8896298814930269,3.0142176683057187,0.0025764288559779,0.022343963020298,Upregulated
ENSG00000128710,HOXD10,63.98679462649142,-2.000992959078743,0.664043156645189,-3.0133477606906687,0.0025838264350446,0.0224004911936763,Downregulated
ENSG00000282600,IGHV3-69-1,18.921388983094275,3.1650172056470094,1.0503860706545922,3.013194190279576,0.0025851343926431,0.0224042048707088,Upregulated
ENSG00000265929,MIR5195,8.104373923086085,2.956904813538966,0.9814664198938646,3.0127417032349664,0.0025889917407337,0.0224300029347718,Upregulated
ENSG00000230943,LINC02541,138.42035940062357,2.5611622810936217,0.850204923207885,3.012405846146092,0.0025918582472599,0.0224443989542164,Upregulated
ENSG00000245105,A2M-AS1,73.60000733620704,-1.3022832214390587,0.4323278668052147,-3.0122583377809478,0.0025931181332409,0.0224443989542164,Downregulated
ENSG00000100600,LGMN,7007.246302584245,1.1170436681183715,0.3708478978598619,3.01213428622558,0.0025941781053438,0.0224443989542164,Upregulated
ENSG00000143621,ILF2,6578.65684835496,1.1304980116554095,0.3753914090675457,3.0115180698021637,0.0025994493080305,0.0224823678522399,Upregulated
ENSG00000211816,TRAV38-1,8.602766438672404,4.005721076365853,1.3305428489416906,3.010591563850792,0.0026073932041504,0.022543418975871,Upregulated
ENSG00000290950,,11.047667357962643,3.176762602584235,1.0553358872752068,3.01019101206383,0.0026108344167593,0.0225655118524866,Upregulated
ENSG00000183763,TRAIP,215.9773649441738,1.459257351833734,0.4848344072150509,3.0098056782229823,0.0026141488072941,0.0225864939859528,Upregulated
ENSG00000233593,LINC02609,125.5795571205555,-1.1157533433989724,0.3707331264869538,-3.0095863133995824,0.0026160373583047,0.022595146677986,Downregulated
ENSG00000310501,,10.743825202821771,-2.714005738535242,0.9018268149751596,-3.0094533600777864,0.0026171825842299,0.0225973754586172,Downregulated
ENSG00000133169,BEX1,39.977847793944406,-2.986956651816921,0.9929010155036576,-3.008312616441188,0.0026270275113273,0.0226670114298844,Downregulated
ENSG00000282431,TRBD1,4.566626704048447,4.994775636934325,1.6604316288300427,3.008118822967553,0.0026287033617893,0.0226737904937814,Upregulated
ENSG00000235584,,228.0020768646408,-3.0186740397438983,1.0036367324634154,-3.00773570964725,0.0026320192525637,0.0226947062904706,Downregulated
ENSG00000149295,DRD2,88.1439826819188,-2.3495856112956943,0.7812237612122293,-3.007570593666825,0.0026334495294535,0.0226993546411884,Downregulated
ENSG00000213967,ZNF726,143.9557613837753,1.2223011751930135,0.4064700334138364,3.007112639835273,0.0026374201615183,0.0227258893552208,Upregulated
ENSG00000178053,MLF1,306.7710080774545,-1.1381908564537533,0.3786276970541134,-3.006095077854495,0.002646262403324,0.0227943691833163,Downregulated
ENSG00000103723,AP3B2,81.59578062948322,-2.5626633993703374,0.8525530852898299,-3.005869597550218,0.0026482254085347,0.022803566389719,Downregulated
ENSG00000012124,CD22,588.1423718747463,2.350525252356792,0.7820222415182385,3.0057012800472536,0.0026496916285916,0.0228084810651763,Upregulated
ENSG00000144580,CNOT9,2073.716716509137,1.002225147245995,0.3334797102928757,3.005355697250065,0.0026527043391712,0.0228267000753481,Upregulated
ENSG00000197776,KLHDC1,247.85243234449908,-1.4011009958202132,0.4662447480754016,-3.00507620000821,0.002655143220955,0.022839017933801,Downregulated
ENSG00000219607,PPP1R3G,187.9046652874568,-1.3677129539860928,0.4551834461137095,-3.004751085882908,0.002657982732248,0.0228489632713766,Downregulated
ENSG00000010610,CD4,3310.572007907312,1.488408688527636,0.4953741891857389,3.0046149375973283,0.0026591726608177,0.0228514800417307,Upregulated
ENSG00000298580,,16.957538692926885,-2.3623402957519297,0.7863203124245791,-3.004297686864749,0.0026619473042074,0.0228676086966165,Downregulated
ENSG00000295333,ASMER2,26.932595619781573,-4.421554565337927,1.4718657493471952,-3.004047459694598,0.0026641376324808,0.02287870857617,Downregulated
ENSG00000281958,TRBJ1-4,8.658511373133681,3.43363414491073,1.143148436816897,3.003664296188606,0.0026674947926719,0.02289981795219,Upregulated
ENSG00000150760,DOCK1,2736.7460581504533,-1.0123902225163377,0.33711177774306,-3.0031291973665826,0.0026721896333498,0.0229071862805588,Downregulated
ENSG00000253266,,7.44162565265459,-3.0750767067584777,1.0238532090258656,-3.003435140555185,0.0026695044306676,0.0229071862805588,Downregulated
ENSG00000211651,IGLV1-44,4506.569211458554,2.732000075104504,0.9096620294725613,3.0033133038306192,0.0026705734718101,0.0229071862805588,Upregulated
ENSG00000095383,TBC1D2,1223.7579837917674,1.1844147321455498,0.3944034052194548,3.003054021520213,0.0026728498145271,0.0229071862805588,Upregulated
ENSG00000165164,CFAP47,16.38823412591969,4.429382110566424,1.4750357278579307,3.002898185387577,0.0026742188150658,0.0229112100365097,Upregulated
ENSG00000105122,RASAL3,1253.3091489990727,1.7736205111391234,0.5907290733578371,3.002426308658664,0.0026783681008565,0.0229390430050159,Upregulated
ENSG00000172465,TCEAL1,1374.771168700201,-1.3301923644391176,0.443121166952813,-3.0018705122717977,0.0026832628509819,0.0229507263670812,Downregulated
ENSG00000159166,LAD1,1368.257953756052,1.612181846709322,0.5370336161932172,3.002012905890944,0.0026820080501875,0.0229507263670812,Upregulated
ENSG00000149043,SYT8,578.8767090884388,-2.0243822199696604,0.6743701433240309,-3.001885893096185,0.0026831272862681,0.0229507263670812,Downregulated
ENSG00000280422,,9.962510354771364,-2.8688356316456267,0.9556853307503472,-3.00186216041758,0.0026833364658304,0.0229507263670812,Downregulated
ENSG00000286276,,11.05667737433862,2.256629947364348,0.7518225809666922,3.0015458493715053,0.0026861258511799,0.0229668719554902,Upregulated
ENSG00000004864,SLC25A13,1181.0324573381463,1.1915778302200482,0.3970210018497457,3.0012967189856767,0.0026883246697506,0.0229779589473888,Upregulated
ENSG00000166762,CATSPER2,96.66804623667882,-1.2498772599990802,0.4166482309622477,-2.9998381539086165,0.002701230966262,0.0230805279911642,Downregulated
ENSG00000134285,FKBP11,1142.1493202026736,1.442671194880172,0.4809858960560296,2.999404362393438,0.0027050803339687,0.0231056677352511,Upregulated
ENSG00000158715,SLC45A3,735.8450300652435,1.6957591111833643,0.5654106289634768,2.99916383654136,0.0027072168654026,0.0231084184915118,Upregulated
ENSG00000144959,NCEH1,1121.6055147046504,1.2719134026332422,0.4241479684549523,2.998749250801443,0.0027109031472986,0.0231321320150231,Upregulated
ENSG00000123095,BHLHE41,2493.0583530531176,-1.309043179457444,0.4365778438095146,-2.998418719637543,0.0027138453445704,0.0231494825088927,Downregulated
ENSG00000230533,LINC03004,23.035917450715612,4.170523857755868,1.391190606640703,2.9978090980835472,0.0027192794973557,0.0231880710000499,Upregulated
ENSG00000034510,TMSB10,38490.05584111479,1.1024157219203763,0.3678471592466703,2.99693960985878,0.0027270472988868,0.023246526690076,Upregulated
ENSG00000075035,WSCD2,39.624544345834245,-1.7286233121455807,0.576934787802003,-2.996219587886636,0.0027334951434709,0.0232936951486609,Downregulated
ENSG00000173253,DMRT2,119.86686029703172,-2.7050313851304817,0.9028723524537364,-2.996028594495133,0.0027352078376989,0.0232952618260589,Downregulated
ENSG00000307567,,5.457836658269271,-3.692576556771306,1.232572427796498,-2.995829270148953,0.002736996283464,0.0233001444973636,Downregulated
ENSG00000308204,,16.629704465191256,-2.398947231294229,0.8010260895949326,-2.994842817800531,0.0027458630038266,0.0233522125443968,Downregulated
ENSG00000102225,CDK16,4418.83877252332,1.188798654840139,0.3969411833346294,2.994898752639525,0.0027453595329638,0.0233522125443968,Upregulated
ENSG00000148965,SAA4,35.51779548433703,-2.251715755205418,0.7519553559185204,-2.9944806396849537,0.0027491250197279,0.0233721506600438,Downregulated
ENSG00000180769,WDFY3-AS2,206.02359489789976,-1.836004789410272,0.613180604296697,-2.9942316774943074,0.0027513693907326,0.0233834266771272,Downregulated
ENSG00000186684,CYP27C1,112.59044689965091,2.207746118719756,0.7373757415037794,2.994058516513375,0.0027529314076997,0.0233888978937692,Upregulated
ENSG00000101280,ANGPT4,105.57222635270423,-2.586295009101649,0.8639686776770648,-2.993505523898585,0.0027579251620575,0.0234235117715131,Downregulated
ENSG00000127533,F2RL3,95.29840646264498,1.4393371950210403,0.4809402438560453,2.9927568204333133,0.0027646994531396,0.0234732199236398,Upregulated
ENSG00000267475,NUDT19-DT,64.20385896451742,1.7961606680195925,0.6002845586749316,2.9921820277776896,0.0027699105038464,0.0235096269388448,Upregulated
ENSG00000121690,DEPDC7,107.93545283818004,1.6667101849382095,0.5570796197493385,2.991870687511699,0.0027727368484974,0.0235257762385338,Upregulated
ENSG00000237234,,12.731804521798455,-2.2861185402026707,0.7642374463025727,-2.9913720549327323,0.0027772689195688,0.0235563825009454,Downregulated
ENSG00000128422,KRT17,5398.068184469636,-1.8370797765703992,0.6142661921691814,-2.9906900298110988,0.002783478801888,0.0236011945948373,Downregulated
ENSG00000288730,,49.461923402177966,2.906563069189892,0.9719504210151068,2.990443757567667,0.0027857242410037,0.0236123734251602,Upregulated
ENSG00000129925,PGAP6,2819.335005746572,1.1487884954220298,0.3842610910428807,2.989604001550689,0.0027933933379817,0.0236695015674431,Upregulated
ENSG00000159450,TCHH,19.745608965585596,2.440148659090592,0.8162684992512567,2.9893946187178377,0.0027953085338754,0.0236778528986832,Upregulated
ENSG00000125378,BMP4,800.4534628156969,-1.9751604921396129,0.6608414456796203,-2.988856865822519,0.0028002327817329,0.0237023907861735,Downregulated
ENSG00000224875,EML4-AS1,22.01426747435572,3.079396352210864,1.0303210910073834,2.988773479537358,0.0028009970659331,0.0237023907861735,Upregulated
ENSG00000249201,TERLR1,5.632556678865652,-3.8093833860384394,1.2747941174861903,-2.9882342048693245,0.0028059444361462,0.02372061424928,Downregulated
ENSG00000175294,CATSPER1,14.73137510547966,2.4134702981915326,0.808039000267363,2.986824023831729,0.0028189193471513,0.0238223937263745,Upregulated
ENSG00000114270,COL7A1,945.8444915359306,-1.4628145013588412,0.489816736696481,-2.986452670491915,0.0028223452272173,0.0238434345878784,Downregulated
ENSG00000267082,DOCK6-AS1,41.0339244497095,-1.4724366383259604,0.4930657750020324,-2.9862884689570897,0.0028238612625761,0.0238483323007547,Downregulated
ENSG00000286733,LINC02348,17.33742349164091,3.600628996027952,1.2058012599458747,2.986088268135974,0.0028257106771504,0.0238560413184286,Upregulated
ENSG00000081760,AACS,4174.077142610894,2.2671136856891345,0.7592769468981351,2.98588505149662,0.0028275890823028,0.0238639898990508,Upregulated
ENSG00000266094,RASSF5,1980.759531361865,1.6459349767887492,0.5512929253002525,2.9855906021146894,0.0028303128077722,0.0238790650966437,Upregulated
ENSG00000015133,CCDC88C,2383.8530174334064,1.1835321029156192,0.396468741288744,2.985183898908351,0.0028340788471293,0.0238950090417844,Upregulated
ENSG00000164107,HAND2,113.0841691274248,-1.9804143124462803,0.6635523256506637,-2.9845638932910576,0.0028398288550043,0.0239355661038438,Downregulated
ENSG00000132837,DMGDH,115.4305992800734,-2.077470086575238,0.6961465778708065,-2.984242331448741,0.0028428152518536,0.0239507870139858,Downregulated
ENSG00000138757,G3BP2,7056.96446640048,1.0067051788359582,0.3373488085483997,2.984166990741054,0.0028435153676845,0.0239507870139858,Upregulated
ENSG00000116729,WLS,2698.91403298728,-1.815738681221648,0.6085090744562187,-2.9839138928934528,0.0028458684736728,0.0239572732086764,Downregulated
ENSG00000244541,LOC105374313,45.34070563963908,3.91232614253678,1.3111975992328446,2.983780739703767,0.0028471071415595,0.0239572732086764,Upregulated
ENSG00000253133,GPAT4-AS1,6.514250304147216,-3.1902887917437464,1.0691740720072918,-2.9838815542489034,0.0028461692611787,0.0239572732086764,Downregulated
ENSG00000231475,IGHV4-30-2,213.14985523282544,3.3969692858275025,1.1386380057351564,2.983361936557058,0.0028510062999512,0.0239742428082067,Upregulated
ENSG00000120254,MTHFD1L,735.0516387264186,1.372976538118567,0.4603030752494998,2.9827663814202574,0.0028565594583644,0.0240050893975592,Upregulated
ENSG00000180448,ARHGAP45,2309.8999071769217,1.6779907508849488,0.5625583932308532,2.982785024765177,0.0028563854718626,0.0240050893975592,Upregulated
ENSG00000173372,C1QA,3938.218018161336,1.619015280397187,0.542823951008207,2.982578932617342,0.0028583093368111,0.0240118724003682,Upregulated
ENSG00000222041,CYTOR,393.97365258513474,1.0980611168706935,0.3683030439412059,2.9814065751951344,0.0028692757866628,0.0240801725081022,Upregulated
ENSG00000243466,IGKV1-5,3038.841589688705,2.7140864242355214,0.9106352589642664,2.9804319539773307,0.0028784217995056,0.0241489728772096,Upregulated
ENSG00000156127,BATF,582.0658444459397,1.494495885413396,0.5014783504418661,2.9801802691911936,0.0028807879724644,0.0241608661332376,Upregulated
ENSG00000140297,GCNT3,40.73159299205902,2.5629587373814493,0.8601269241325132,2.9797448091353944,0.00288488607231,0.0241793133095781,Upregulated
ENSG00000259347,SMAD3-DT,28.892523287976253,-2.453744267406,0.8234652923994187,-2.97977861368785,0.0028845677483903,0.0241793133095781,Downregulated
ENSG00000203668,CHML,1309.3828818658671,1.4457577829738604,0.485284601492201,2.979195668950347,0.0028900615986839,0.024188114267399,Upregulated
ENSG00000113615,SEC24A,1918.24408162254,1.291528608209844,0.4334910044959222,2.979366572350622,0.0028884499637587,0.024188114267399,Upregulated
ENSG00000296343,,65.30214745350477,-1.7444035600096748,0.5854706184685519,-2.979489499528787,0.0028872912563578,0.024188114267399,Downregulated
ENSG00000117448,AKR1A1,6519.312722708673,1.5145453344134054,0.5083829665583887,2.9791425638558597,0.002890562551782,0.024188114267399,Upregulated
ENSG00000287879,,9.21337251964617,3.500960683460379,1.1751622401561332,2.9791296587228997,0.0028906843009682,0.024188114267399,Upregulated
ENSG00000226012,,6.241918281805035,6.190406680306953,2.078379498350473,2.978477551967787,0.0028968424830082,0.0242058613808385,Upregulated
ENSG00000259225,LINC02345,20.79693566205709,2.50680241923368,0.8416349719422805,2.9784912732994147,0.0028967127821247,0.0242058613808385,Upregulated
ENSG00000138346,DNA2,273.28603042354354,1.704768222160958,0.5723718087138489,2.9784280011827744,0.0028973109059265,0.0242058613808385,Upregulated
ENSG00000260455,NBAT1,18.98050896478541,-1.841060929925866,0.6181371553252699,-2.978401984195694,0.0028975568823437,0.0242058613808385,Downregulated
ENSG00000164303,ENPP6,111.98480758805772,-2.1661536003191326,0.7273567876147637,-2.9781169808322616,0.0029002526820115,0.0242204380536121,Downregulated
ENSG00000128564,VGF,53.95239472286312,3.8308719788627,1.2863927634754742,2.977995591729506,0.0029014015764723,0.0242220909715919,Upregulated
ENSG00000136114,THSD1,424.8820939906546,-1.0680878193242758,0.3588476581905203,-2.9764380369934145,0.002916180053331,0.0243366077022156,Downregulated
ENSG00000308259,,8.54649075439712,-2.555911006482809,0.8587404419971767,-2.976348709673572,0.0029170296931751,0.0243366077022156,Downregulated
ENSG00000300612,,34.23002349555544,-2.7054023517414776,0.9093521992379596,-2.975087489763168,0.0029290499678206,0.0244208941834235,Downregulated
ENSG00000153303,FRMD1,115.75404292242622,-3.128168596440182,1.0515663427436996,-2.9747705582496167,0.0029320776368802,0.0244381379217858,Downregulated
ENSG00000123329,ARHGAP9,846.9541762383074,1.7964132146995035,0.6039374148425418,2.974502275484726,0.0029346427928451,0.0244515167080661,Upregulated
ENSG00000131016,AKAP12,2551.713293400556,-1.4085262195474813,0.4736363878291592,-2.9738555899457984,0.002940834425254,0.0244773982737177,Downregulated
ENSG00000101986,ABCD1,1106.449275155053,1.7521072924954446,0.5892530925070483,2.9734375852672965,0.0029448429140663,0.0244884407000274,Upregulated
ENSG00000260895,,8.203141116482685,-3.061152721182516,1.0295363535807758,-2.973331354969335,0.0029458624121253,0.0244889234658107,Downregulated
ENSG00000183287,CCBE1,114.90763092957866,-1.326044509544006,0.4460227897968696,-2.9730420504923547,0.0029486405163933,0.024504020421878,Downregulated
ENSG00000102001,CACNA1F,57.844225990063,-1.463924159286108,0.49286610005036,-2.970226921950054,0.0029757984352946,0.0246422915775288,Downregulated
ENSG00000109861,CTSC,7492.186347235538,1.617438265878882,0.5444100940329629,2.9709924257593747,0.0029683910159465,0.0246422915775288,Upregulated
ENSG00000076662,ICAM3,159.17513814278743,1.9074010440602955,0.6420956477619245,2.970587093540804,0.0029723111263851,0.0246422915775288,Upregulated
ENSG00000271503,CCL5,4710.801230364254,2.0818418985487868,0.7006869087688811,2.9711442764167217,0.002966923629924,0.0246422915775288,Upregulated
ENSG00000116396,KCNC4,1153.6639235980138,-1.113882837779273,0.3749866387848836,-2.9704600712940805,0.0029735405749135,0.0246422915775288,Downregulated
ENSG00000272763,LINC03057,13.86637049561216,3.2602039958813527,1.0975903256038353,2.97032865526376,0.0029748130392099,0.0246422915775288,Upregulated
ENSG00000111679,PTPN6,2607.3818996263917,1.4402972704519534,0.4849454126814783,2.9700193728772706,0.0029778096939304,0.0246499157341898,Upregulated
ENSG00000300260,,17.22487537100445,4.033987501679528,1.3583093973396876,2.9698590833430742,0.0029793638317189,0.024654768082428,Upregulated
ENSG00000253838,,7.52417610303723,4.9118763328259805,1.6539971963709148,2.9697005192047943,0.0029809019684837,0.0246594849104413,Upregulated
ENSG00000144230,GPR17,44.99557705439762,-1.7758638507291706,0.5981361016666582,-2.968996263193057,0.0029877422974012,0.0247080467717877,Downregulated
ENSG00000123243,ITIH5,3589.3060855165186,-2.373889119799793,0.7997062464946229,-2.9684513910018016,0.002993044378581,0.0247438602294183,Downregulated
ENSG00000127129,EDN2,203.762772985142,2.323080270616032,0.783043951109129,2.966730369764743,0.0030098478404735,0.0248585714476986,Upregulated
ENSG00000073737,DHRS9,166.87028944745964,1.8086835467230105,0.6097450705509074,2.9662946599779096,0.0030141155908897,0.0248616913577247,Upregulated
ENSG00000143320,CRABP2,2894.6091540536927,-1.429447107254775,0.481885536009546,-2.9663623421692784,0.0030134522860766,0.0248616913577247,Downregulated
ENSG00000266967,AARSD1,47.83092379616181,-1.1800766692014577,0.3978222326108742,-2.966341678434392,0.0030136547824603,0.0248616913577247,Downregulated
ENSG00000237773,LOC101927609,40.821264474988055,-1.8484241647793969,0.6231682228087991,-2.9661720497364503,0.0030153175454718,0.0248634358046983,Downregulated
ENSG00000136378,ADAMTS7,611.5657120150995,1.6783167880063443,0.5659471289129969,2.9655010199094978,0.0030219034336524,0.0249016183625236,Upregulated
ENSG00000163154,TIPE2,326.2924080809823,1.6112517540269229,0.5433792398672955,2.9652434907532053,0.0030244344610455,0.0249086675702178,Upregulated
ENSG00000101331,CCM2L,275.60649259086574,-1.3595606983438415,0.4585032467074323,-2.9652149861686103,0.003024714726343,0.0249086675702178,Downregulated
ENSG00000262179,MYMX,45.26875028038032,-2.455066883642605,0.8281324288360055,-2.964582472749392,0.0030309398790655,0.0249518647898118,Downregulated
ENSG00000177301,KCNA2,282.67396362659935,2.2672478671902314,0.764855510776334,2.9642825804954427,0.003033895479523,0.024968126578007,Upregulated
ENSG00000152192,POU4F1,10.935465797711212,4.809619974805883,1.6225874242115688,2.964166924406507,0.0030350360351059,0.0249694453650467,Upregulated
ENSG00000112578,BYSL,839.1996672212108,1.2567268918891217,0.4242703270348635,2.962089997365884,0.0030555845691805,0.0251303824867929,Upregulated
ENSG00000226031,FGF13-AS1,21.271133085030517,-2.7732155599596005,0.936409915091509,-2.9615401495279907,0.003061045810229,0.0251671716695753,Downregulated
ENSG00000260473,,14.1431820418603,-2.6262199051472725,0.8870364084093013,-2.9606675444774613,0.003069731040787,0.0252279172766112,Downregulated
ENSG00000288738,,24.22743145541706,2.646693009653716,0.8941097288444008,2.9601433965766764,0.0030749587980221,0.0252444571432216,Upregulated
ENSG00000204394,VARS1,2848.5536033316434,1.041598894997266,0.3518854758486409,2.9600508304164754,0.0030758828793664,0.0252444571432216,Upregulated
ENSG00000005059,MCUB,945.2387844708902,1.0646656548488045,0.3596626322005672,2.9601786772641128,0.0030746066600868,0.0252444571432216,Upregulated
ENSG00000151090,THRB,1141.4332831261297,-2.1866473853012343,0.7388856068561908,-2.959385546302597,0.0030825318170929,0.0252866885388648,Downregulated
ENSG00000171451,DSEL,372.4111403978575,-1.3277055455694078,0.4489667120172974,-2.9572471856627427,0.003103991737363,0.0254217921358112,Downregulated
ENSG00000240891,PLCXD2,195.8362293734527,2.0522923127736385,0.6941050195344057,2.9567461047181056,0.0031090400891071,0.0254549534264377,Upregulated
ENSG00000237080,EHMT2-AS1,13.323188443683092,-2.060556723226365,0.6969698377609123,-2.956450353498965,0.0031120232718241,0.0254630082738945,Downregulated
ENSG00000140955,ADAD2,8.57113974819805,-2.3106868092692783,0.7815657359603476,-2.9564842763098174,0.0031116809668389,0.0254630082738945,Downregulated
ENSG00000118276,B4GALT6,222.50632218471307,-1.0203702513055657,0.3452207806056577,-2.955703447270529,0.0031195687853611,0.0255083584372175,Downregulated
ENSG00000167634,NLRP7,11.17354243868184,3.279612993808276,1.109727574605086,2.9553316226961184,0.0031233313052306,0.025518482827563,Upregulated
ENSG00000273156,,34.125248140952664,-1.4260691287434792,0.4828475533678436,-2.9534562592203284,0.0031423713765301,0.0256345446518517,Downregulated
ENSG00000157778,PSMG3,1507.5910179430225,1.1513274283325436,0.3898325874546755,2.953389391712679,0.0031430522141939,0.0256345446518517,Upregulated
ENSG00000134258,VTCN1,3211.185992086825,-1.362137323042611,0.4611873433792142,-2.953544459962738,0.0031414735318223,0.0256345446518517,Downregulated
ENSG00000140743,CDR2,1603.2265528342043,1.2286677585017742,0.4160537616219776,2.953146616706064,0.0031455252533694,0.0256465024739347,Upregulated
ENSG00000227544,LINC03013,15.606330513169858,-2.07653002062129,0.70325468009046,-2.952742554595136,0.0031496451844819,0.0256611068854356,Downregulated
ENSG00000142347,MYO1F,1583.2820034337617,1.4691796595792683,0.4975629056785007,2.952751587411494,0.0031495530296147,0.0256611068854356,Upregulated
ENSG00000307342,LOC107986854,13.337765925711867,2.2245259140428506,0.7533935290995543,2.9526745692939174,0.0031503388650134,0.0256611068854356,Upregulated
ENSG00000149485,FADS1,913.339849371626,1.083116685475377,0.3669547964621432,2.951635176642573,0.0031609615481161,0.0257394026828855,Upregulated
ENSG00000181577,LINC03040,1230.9653847183672,5.941031841794434,2.0133996821670874,2.95074638901299,0.0031700709194715,0.0258053296228382,Upregulated
ENSG00000211793,TRAV9-2,23.92876595170949,2.869598510088997,0.9725391178500824,2.9506252832612,0.0031713140083907,0.0258072009928821,Upregulated
ENSG00000112029,FBXO5,499.8183308431229,1.2661054442804758,0.429289151277384,2.949306872799087,0.0031848755961767,0.0259092833951507,Upregulated
ENSG00000134762,DSC3,1585.159044679226,-1.4644264395963869,0.4966132496615443,-2.948826759242598,0.0031898273104306,0.0259412807867107,Downregulated
ENSG00000301902,,8.936208038108171,-2.931355777888597,0.9949255307203952,-2.946306720831751,0.0032159333127288,0.0261433410402731,Downregulated
ENSG00000168269,FOXI1,555.535235144618,-2.3589008653195407,0.8006504850357995,-2.9462304830978367,0.0032167261128426,0.0261433410402731,Downregulated
ENSG00000168589,DYNLRB2,44.13267592848736,-2.0668802190227678,0.7017713592091525,-2.945233076128951,0.0032271146186801,0.0262026893377115,Downregulated
ENSG00000122694,GLIPR2,2777.021977987549,1.4456659391442843,0.4908978307398448,2.9449426104928675,0.0032301457100686,0.0262189424414145,Upregulated
ENSG00000185432,TMT1A,4701.281612436794,-1.0961372342600764,0.3723196688057782,-2.9440755514634924,0.0032392091531846,0.0262841339091319,Downregulated
ENSG00000144460,NYAP2,19.61216038628525,-2.412417879493183,0.8196058916429827,-2.9433876746020555,0.0032464160664071,0.0263342240851769,Downregulated
ENSG00000183598,H3C13,15.515472073258504,2.4325468437768127,0.8265664295887506,2.942953834922984,0.0032509689314947,0.026354369718047,Upregulated
ENSG00000255648,,4.521610878596004,-4.746049799960039,1.6126461378039196,-2.943019977354206,0.0032502744340878,0.026354369718047,Downregulated
ENSG00000280721,LINC01943,20.57618821433572,3.4095106257180565,1.1587288875703114,2.942457603579136,0.0032561836884786,0.0263798520131173,Upregulated
ENSG00000115009,CCL20,23.79750728364096,2.26026918611366,0.7685973495894614,2.940771507110922,0.0032739593965819,0.0265069992976282,Upregulated
ENSG00000211892,IGHG4,21581.75314400852,4.225025377553486,1.436934296760332,2.940305194941132,0.0032788910835899,0.0265384921481154,Upregulated
ENSG00000162004,CCDC78,105.53182193818574,1.357073809046227,0.4616053835627356,2.939900307427395,0.0032831786353746,0.02656475318349,Upregulated
ENSG00000233760,LINC03095,36.6189645467756,-1.9716635768917083,0.6708094074194129,-2.939230659386023,0.0032902810757332,0.0266137660463647,Downregulated
ENSG00000188163,CIMIP2A,4.869404934151405,-4.050549514533462,1.378240596317262,-2.938927735372737,0.0032934985523893,0.0266313338501296,Downregulated
ENSG00000002549,LAP3,6873.109889638855,1.225653499141779,0.4172520165214332,2.937441763277422,0.0033093232045235,0.0267508001721421,Upregulated
ENSG00000140030,GPR65,317.70219882765304,1.6230649356420244,0.5527866604849028,2.936150691875011,0.0033231284804541,0.0268219342027768,Upregulated
ENSG00000188848,BEND4,25.03760146818016,3.338435354463771,1.1370202973986598,2.936126436882116,0.0033233883374804,0.0268219342027768,Upregulated
ENSG00000231473,RB1-DT,15.983320468372115,-2.052866471893603,0.6991181850337054,-2.936365432683792,0.0033208286515787,0.0268219342027768,Downregulated
ENSG00000226887,ERVMER34-1,70.68976592622356,-1.577575930111945,0.5372603715388816,-2.93633406386046,0.0033211645146385,0.0268219342027768,Downregulated
ENSG00000211592,IGKC,216717.7881000724,2.335957864916421,0.7956506495819979,2.935908952181007,0.0033257191972967,0.026832243799286,Upregulated
ENSG00000163535,SGO2,512.1580223472348,1.7188275577491643,0.585510304172099,2.9356059927579845,0.0033289686012711,0.0268499554284288,Upregulated
ENSG00000211625,IGKV3D-20,566.3442643140856,2.6386702524222367,0.8989387028308307,2.9353172180848937,0.0033320685574064,0.0268664508470087,Upregulated
ENSG00000155719,OTOA,34.03033287918197,2.106893866544436,0.7178174703942257,2.9351387413116723,0.0033339857951632,0.0268734025913299,Upregulated
ENSG00000279254,,12.21221771900721,-2.42814418936902,0.8273366377336692,-2.934892616408791,0.0033366313724341,0.0268788952746535,Downregulated
ENSG00000294256,,12.3307763547386,-2.333038852193129,0.7949352772391013,-2.9348790008364367,0.0033367777809451,0.0268788952746535,Downregulated
ENSG00000115241,PPM1G,3909.79703370879,1.0300420690258567,0.3510582568103997,2.9341058045023103,0.0033451015820364,0.0269204051804268,Upregulated
ENSG00000196890,H2BC26,56.22205678385896,1.304442902474363,0.4446070747161544,2.9339229550207757,0.003347072800334,0.0269277609909374,Upregulated
ENSG00000178773,CPNE7,164.06560363081212,1.7956297080708292,0.6121147713030514,2.9334853400912824,0.0033517948268905,0.0269389178829772,Upregulated
ENSG00000143554,SLC27A3,1311.0025171424454,-1.0104729206312393,0.344456180758526,-2.9335311051933504,0.0033513007206687,0.0269389178829772,Downregulated
ENSG00000172935,MRGPRF,497.0098654762469,-1.76120812857055,0.6003977185781859,-2.9334024332092787,0.0033526901059651,0.0269389178829772,Downregulated
ENSG00000183049,CAMK1D,1400.923932968781,1.136898236062371,0.3875669189807432,2.933424346567771,0.0033524534509859,0.0269389178829772,Upregulated
ENSG00000304103,,5.430893457950591,-5.786137385731714,1.9731715257126816,-2.9324046644357704,0.0033634817151942,0.0270085885144112,Downregulated
ENSG00000176177,ENTHD1,6.355019772922432,6.225632739593967,2.123350820530936,2.9319849924927954,0.0033680302209103,0.0270365892709764,Upregulated
ENSG00000060982,BCAT1,663.0346735544528,1.3693257639603686,0.4671895117410629,2.930985669728197,0.0033788836779914,0.027106628712479,Upregulated
ENSG00000286522,H3C2,10.115839784872218,3.706213814481769,1.2651896638141746,2.929374085549058,0.0033964538966484,0.0272304303435734,Upregulated
ENSG00000211949,IGHV3-23,5197.562291653199,2.7899940252403663,0.9524028367861984,2.9294264123099016,0.003395882102562,0.0272304303435734,Upregulated
ENSG00000188747,NOXA1,943.1010560398216,-1.1070821445239358,0.3779516114285438,-2.9291637105064776,0.0033987536281502,0.0272402937893691,Downregulated
ENSG00000112699,GMDS,906.7580302767642,1.0193271562070672,0.3480134143145958,2.928988120226939,0.0034006741925903,0.0272471130416702,Upregulated
ENSG00000143322,ABL2,1640.4928106408108,1.0086861901455724,0.3444724444203785,2.9282057432571227,0.0034092436595243,0.0273071840414292,Upregulated
ENSG00000212664,RPL17P39,30.25198716174863,-1.3768265739910786,0.4703056240798066,-2.927514585191189,0.0034168303448088,0.0273593479134314,Downregulated
ENSG00000159433,STARD9,1101.1251419131063,-1.334444766789742,0.4558635633913597,-2.9272898164140364,0.0034193008905087,0.0273705257643454,Downregulated
ENSG00000123689,G0S2,1108.3863716231622,-2.835086535842964,0.968610571046126,-2.9269622081255964,0.0034229047090437,0.027382162639464,Downregulated
ENSG00000136848,DAB2IP,4952.215569232746,-1.0086405482778504,0.3445949594443468,-2.9270322174888017,0.0034221342884593,0.027382162639464,Downregulated
ENSG00000188676,IDO2,15.40738031130678,2.5842475685356745,0.8831067718134972,2.9263138399774835,0.00343004720567,0.0274220754474647,Upregulated
ENSG00000131067,GGT7,1402.4857504355682,-1.0416987304076188,0.3560489933009653,-2.9257173872335014,0.0034366297746403,0.0274660800093704,Downregulated
ENSG00000109576,AADAT,704.6409038758453,2.0315280529147355,0.6944309545203037,2.925457224639513,0.0034395045798632,0.0274718159779542,Upregulated
ENSG00000184979,USP18,569.8163666062285,1.5748410835157058,0.538513738837718,2.924421365580585,0.0034509725783395,0.0275375070623079,Upregulated
ENSG00000204618,RNF39,505.8700672587517,-1.8867256792919007,0.6452369460133944,-2.924081906575658,0.0034547382944925,0.0275502940197308,Downregulated
ENSG00000135773,CAPN9,371.9538930039823,4.605697856469879,1.5752690485381609,2.923753158702595,0.0034583887535403,0.0275547812060174,Upregulated
ENSG00000234380,LINC01426,73.57154528410841,2.8414336021258078,0.9718492769301844,2.923738968146529,0.0034585464063302,0.0275547812060174,Upregulated
ENSG00000136449,MYCBPAP,40.06784805102311,-1.3720446749852375,0.4692553157842392,-2.9238766804212317,0.0034570167408068,0.0275547812060174,Downregulated
ENSG00000050628,PTGER3,1216.0972468139405,-2.002132721727826,0.6851754927912288,-2.9220728744568083,0.0034771017360629,0.0276939519447341,Downregulated
ENSG00000115085,ZAP70,1178.3754139287385,1.6831044212001565,0.5760359629955312,2.9218738574022223,0.0034793242412153,0.0277029908558911,Upregulated
ENSG00000184347,SLIT3,5417.21096609918,-1.7067698691721362,0.5841588676225858,-2.9217563299490106,0.0034806373256258,0.0277047854128174,Downregulated
ENSG00000181192,DHTKD1,2319.2506751857863,1.5238219170939575,0.5215721370271474,2.9215937909939456,0.0034824540476157,0.027710586393883,Upregulated
ENSG00000011465,DCN,66858.89877076574,-1.494037812852277,0.5114482127256021,-2.921190798361135,0.0034869620787813,0.02773779235123,Downregulated
ENSG00000082212,ME2,2017.1805174570136,1.2694044936350584,0.4346502756852204,2.920519241898234,0.0034944861686958,0.0277802925102536,Upregulated
ENSG00000127152,BCL11B,639.8161420735685,1.789854505977369,0.6128465419674485,2.9205590362496285,0.0034940399030144,0.0277802925102536,Upregulated
ENSG00000179715,PCED1B,600.1568338459087,1.3916786513818868,0.4765420116490191,2.9203692798587517,0.0034961683536324,0.0277849934899757,Upregulated
ENSG00000136250,AOAH,941.9911149227274,1.6456690169103465,0.5635802269607433,2.920026179387193,0.0035000198225728,0.027798255347912,Upregulated
ENSG00000072501,SMC1A,5353.697922352546,1.123058693002862,0.3846040058026575,2.920038990907208,0.0034998759376915,0.027798255347912,Upregulated
ENSG00000174442,ZWILCH,537.3441651314445,1.1196034463120632,0.3834464451273113,2.9198430720627337,0.0035020768706894,0.0278059226849533,Upregulated
ENSG00000144451,SPAG16,625.0352088599807,-1.0322911890757962,0.35357969180542,-2.9195432118988345,0.0035054479093323,0.0278240148640089,Downregulated
ENSG00000174059,CD34,4038.132936219551,-1.2402830462583705,0.4248792479032627,-2.9191424443039886,0.0035099579632971,0.0278424600694927,Downregulated
ENSG00000167114,SLC27A4,1207.9037172971937,1.0199361061356758,0.3494497322898747,2.9186919087109806,0.0035150343871667,0.0278643099989028,Upregulated
ENSG00000109084,TMEM97,628.8383832822796,1.7416908861813094,0.596716029937301,2.918793527910277,0.003513888806536,0.0278643099989028,Upregulated
ENSG00000151655,ITIH2,55.00548261989742,-2.0869769990918274,0.7151229005332422,-2.9183473183919038,0.0035189215772294,0.0278701652654263,Downregulated
ENSG00000130695,CEP85,532.1528033016508,1.049658813203039,0.3597006972008294,2.918145061634368,0.0035212049787235,0.0278795809801264,Upregulated
ENSG00000124942,AHNAK,69896.12433161195,-1.167250217862004,0.4003730837075398,-2.9154063181595995,0.0035522573535517,0.0281167020050707,Downregulated
ENSG00000183134,PTGDR2,51.285991412825936,-1.7483912123392282,0.5998293070515369,-2.9148145843914355,0.0035589991815396,0.0281613134989117,Downregulated
ENSG00000107518,ATRNL1,117.03580277767436,-3.2055493714745324,1.0998802844414408,-2.914452978946183,0.0035631248057611,0.0281806658986088,Downregulated
ENSG00000184465,WDR27,676.1540684338682,-1.2078149756375431,0.4144291670485548,-2.914406300693684,0.0035636576836174,0.0281806658986088,Downregulated
ENSG00000254726,MEX3A,1838.9558451408695,2.6581466429139327,0.9123174116128367,2.9136204231976004,0.0035726401349882,0.0282429288883565,Upregulated
ENSG00000282939,TRBV7-2,49.57474419084123,2.0041238713601266,0.6879944957286674,2.9129940483572074,0.0035798142414805,0.0282733173782175,Upregulated
ENSG00000283083,LINC02498,4.464095905645379,-4.730193040735639,1.6238231954533833,-2.9129975812514086,0.0035797737411944,0.0282733173782175,Downregulated
ENSG00000116194,ANGPTL1,416.82448232065286,-1.6038944014855596,0.5505914572665903,-2.9130390243395508,0.0035792986782895,0.0282733173782175,Downregulated
ENSG00000260428,SCX,124.979579663135,1.3941137768438776,0.4787082983211404,2.9122406729382395,0.0035884602912923,0.0283152639651509,Upregulated
ENSG00000289981,,4.962577703866406,3.64160962064402,1.2507423684101622,2.9115585372493022,0.0035963051449573,0.0283683766947068,Upregulated
ENSG00000258768,,35.75520676518889,-1.7929068225382423,0.6158273291018318,-2.911379111987691,0.0035983712021443,0.0283758863435973,Downregulated
ENSG00000160182,TFF1,75.27430115112183,-2.9836640419435336,1.0250394466417307,-2.910779728252133,0.0036052808528272,0.0284039927628711,Downregulated
ENSG00000173421,IHO1,59.73352576972962,-1.312649544682973,0.450954022264622,-2.9108278890407675,0.0036047252133303,0.0284039927628711,Downregulated
ENSG00000186918,ZNF395,2038.5274140717847,-1.0241086020852943,0.3518560761254075,-2.910589503988798,0.0036074762652061,0.0284125009125125,Downregulated
ENSG00000105352,CEACAM4,17.599584424639886,2.192974541247029,0.753577254680987,2.9100858971325825,0.0036132943543214,0.0284495272021395,Upregulated
ENSG00000255052,FAM66D,129.8390186197812,-1.4379323259013563,0.4941432789981668,-2.9099501845226774,0.0036148636794013,0.0284530880030999,Downregulated
ENSG00000245849,RAD51-AS1,558.1564976304514,-1.021531964906505,0.3510783001148919,-2.909698390849576,0.0036177769604935,0.0284672217981866,Downregulated
ENSG00000102524,TNFSF13B,1499.0261964931738,2.119363464957415,0.7284482554047251,2.9094221164410623,0.0036209759431577,0.0284835942705902,Upregulated
ENSG00000291250,,56.47964759309912,3.819496773986315,1.3132133174746283,2.9085120621007627,0.0036315316690782,0.0285578089358112,Upregulated
ENSG00000267452,LINC02073,18.5945890410397,3.624370590935335,1.246482881423332,2.907677790806677,0.0036412329647899,0.028616428523963,Upregulated
ENSG00000050165,DKK3,3519.052427104857,-1.1196360647852597,0.3850974517553482,-2.907409695083006,0.0036443555069211,0.0286321342124581,Downregulated
ENSG00000229487,ALG13-AS1,5.035617315822445,-5.670845258522796,1.9514648663363243,-2.905942790130384,0.0036614838727789,0.0287570520888181,Downregulated
ENSG00000297878,,4.639957362162416,-4.05079439199107,1.3940112760253398,-2.905854824604328,0.0036625133279465,0.0287570520888181,Downregulated
ENSG00000131187,F12,120.20848419185808,1.9272174017539312,0.6632932771989645,2.9055283205830444,0.0036663366863051,0.0287747354615493,Upregulated
ENSG00000160223,ICOSLG,278.1793112284621,1.3827835203930052,0.4759463775372967,2.905334688222616,0.0036686058330045,0.0287782750762112,Upregulated
ENSG00000266964,FXYD1,8.674007494365055,-2.8748073265046443,0.9897265833360388,-2.9046479855220486,0.0036766634907191,0.0288308080211367,Downregulated
ENSG00000273669,,24.657630107215176,1.6365968145063452,0.5634555838997419,2.9045711166428902,0.0036775664583515,0.0288308080211367,Upregulated
ENSG00000224041,IGKV3D-15,355.257920040025,2.7030732596156324,0.9308305044160112,2.9039371258159385,0.0036850215501166,0.0288803642778523,Upregulated
ENSG00000247934,,96.42619921297528,-1.0892451709481568,0.3751054331485992,-2.9038373606192174,0.0036861959384938,0.0288806818669257,Downregulated
ENSG00000182873,PRKCZ-AS1,73.06576561028484,-1.1067692564530045,0.3811558474169076,-2.9037184237197917,0.0036875964516698,0.0288827703630019,Downregulated
ENSG00000163814,CDCP1,927.6044262993256,1.4533994613689305,0.500593753335181,2.903351173852508,0.0036919239688536,0.0288921505255675,Upregulated
ENSG00000123612,ACVR1C,437.6351014083717,-2.542180444461143,0.8755620953796264,-2.903483896660583,0.0036903594868762,0.0288921505255675,Downregulated
ENSG00000309201,,9.135608853809137,-6.522358527562233,2.246511069984305,-2.903328015921061,0.0036921970068204,0.0288921505255675,Downregulated
ENSG00000121807,CCR2,911.5092541402948,1.977681394494396,0.6813624729187239,2.9025393576823872,0.0037015064558987,0.0289472124464836,Upregulated
ENSG00000299251,,8.981212215325511,3.1594876362624293,1.0884895238740369,2.9026348595598006,0.0037003780018532,0.0289472124464836,Upregulated
ENSG00000289551,,10.973819085011908,-2.598771455231712,0.8955350030207566,-2.9019205798385506,0.0037088255435544,0.02897775933125,Downregulated
ENSG00000211777,TRAV3,22.12221050448366,2.77010659914251,0.9546984943307478,2.901551239047863,0.0037132004835975,0.0290030449303014,Upregulated
ENSG00000175164,ABO,179.02621346977864,-1.9586663560952944,0.675285225439355,-2.900502309703199,0.003725650924868,0.0290913717680296,Downregulated
ENSG00000306193,,7.396003992942628,-4.813696976119521,1.6601363888764942,-2.8995792203417787,0.0037366390673712,0.0291682297532988,Downregulated
ENSG00000173457,PPP1R14B,4619.126247089886,1.3372689857996949,0.4612557755205477,2.8991918513985584,0.0037412589441404,0.0291953451489589,Upregulated
ENSG00000275880,NAXD-AS1,72.66046563423475,3.026321833846151,1.044153170517087,2.898350471269892,0.0037513113831915,0.0292648245761938,Upregulated
ENSG00000140853,NLRC5,3119.9074302493696,1.7058501809838174,0.5886690349922394,2.8978085810243206,0.0037577986399242,0.0293050462862363,Upregulated
ENSG00000293323,,6.745778240211449,-2.8406348835895465,0.980297397204154,-2.897727660698832,0.0037587682547655,0.0293050462862363,Downregulated
ENSG00000175643,RMI2,258.2909459626661,1.4846452439254414,0.5124001592906733,2.8974332209042792,0.0037622982517548,0.0293235920350207,Upregulated
ENSG00000262966,LOC101928266,5.228054475018791,3.953178118925601,1.3644893275019077,2.8971850781442434,0.0037652755395142,0.0293378199042419,Upregulated
ENSG00000153563,CD8A,1976.0510748232105,2.166269832375608,0.7478033328566488,2.896844313464532,0.0037693676209925,0.0293517464611133,Upregulated
ENSG00000234383,CTBP2P8,4.750738537982961,-4.082919989385249,1.4095792507524276,-2.896552277713937,0.0037728777556269,0.0293701006459574,Downregulated
ENSG00000250331,LINC01340,33.83518871270162,-2.472544288675348,0.8536849511087402,-2.896319403855113,0.0037756789203485,0.0293829263000906,Downregulated
ENSG00000278030,TRBV7-9,60.123085344480174,2.324357354562776,0.8026149849235288,2.895980511483019,0.0037797587244159,0.0294056916522904,Upregulated
ENSG00000069020,MAST4,1727.2427353665316,-1.1003710782663665,0.380056947851779,-2.8952794692639263,0.0037882110396004,0.029453456468151,Downregulated
ENSG00000226004,SIMALR,53.94475804739998,3.760882400051487,1.2991484110107423,2.8948828079815034,0.0037930011047848,0.02948170007323,Upregulated
ENSG00000251615,,350.23108077202005,-1.313291889591994,0.4538444840437657,-2.893704640608453,0.0038072610764685,0.0295744882216317,Downregulated
ENSG00000155561,NUP205,3199.961348167534,1.326194282188841,0.4583255234704963,2.893564102969299,0.003808965324646,0.0295787060317252,Upregulated
ENSG00000297460,LOC105376627,12.29095289037687,2.491423724797046,0.8611404360327131,2.8931677349574625,0.0038137756687825,0.0296070344588727,Upregulated
ENSG00000172673,THEMIS,360.53679128280334,1.8880549496352552,0.6526217311393355,2.893031076882963,0.0038154354379988,0.0296108945890521,Upregulated
ENSG00000307839,,18.67680289733227,-2.3029352632615185,0.7960671099712445,-2.89289085607959,0.0038171391602615,0.0296150933752731,Downregulated
ENSG00000147488,ST18,13.207141921438652,2.1803259704901574,0.7537096169796192,2.892793088175648,0.0038183274768274,0.0296152920713374,Upregulated
ENSG00000143412,ANXA9,142.0169835233743,-1.6120156746287415,0.5573741010601634,-2.892161066620387,0.0038260174742497,0.029663731747783,Downregulated
ENSG00000196159,FAT4,1274.8035074366069,-1.4211786655880876,0.491402215358853,-2.8920884382872654,0.003826902066005,0.029663731747783,Downregulated
ENSG00000258227,CLEC5A,159.348539837046,2.379177123047084,0.8229844907311733,2.8909136804429028,0.003841236107005,0.0297554948606004,Upregulated
ENSG00000293189,,23.11985963109582,-1.7264664277537558,0.5972214705719308,-2.8908311452707838,0.0038422450079115,0.0297554948606004,Downregulated
ENSG00000198939,ZFP2,112.37484922864289,-1.3930816683086251,0.4819505382837334,-2.890507547246459,0.0038462029575559,0.0297770928668411,Downregulated
ENSG00000299324,,11.813766312575906,-2.885302395726565,0.9984818535939248,-2.889689367254136,0.0038562267013503,0.0298456245244895,Downregulated
ENSG00000236924,MAHAC,108.70234050126751,1.8359426452874748,0.6354551341423451,2.8891774519461424,0.0038625103776713,0.0298851767404817,Upregulated
ENSG00000301321,LOC105369574,4.770995612847788,-5.586574241185191,1.9338979810014865,-2.888763676299064,0.0038675962021272,0.0299154396794357,Downregulated
ENSG00000140105,WARS1,5410.108046173525,1.6985984797713287,0.5881836686480796,2.887870864683306,0.0038785907133193,0.0299913734240913,Upregulated
ENSG00000102934,PLLP,450.3974043511247,-1.695688757603884,0.5874805987966494,-2.886374054015067,0.0038970868741298,0.0301219984212521,Downregulated
ENSG00000230960,LOC154449,21.664235185830595,2.5759712962269528,0.8926269423395596,2.885831890168335,0.003903806159535,0.0301588858627594,Upregulated
ENSG00000211804,TRDV1,23.806144918163618,4.383065793462578,1.5189371083840366,2.885613742181613,0.0039065127352082,0.0301601689358418,Upregulated
ENSG00000105996,HOXA2,96.4593766516958,-2.157819798573663,0.7477907815401856,-2.8855929383474264,0.0039067709386771,0.0301601689358418,Downregulated
ENSG00000258484,SPESP1,79.27997201219904,-1.6151890086138048,0.5597542780960751,-2.8855322269400805,0.0039075245372493,0.0301601689358418,Downregulated
ENSG00000174130,TLR6,539.747204896152,1.4727654006264743,0.5104320940890393,2.885330718192588,0.003910026771569,0.0301703398662939,Upregulated
ENSG00000278376,,52.68422402357984,-1.4358487853073072,0.4976797454273265,-2.8850858378301765,0.0039130695316854,0.0301759157792704,Downregulated
ENSG00000084070,SMAP2,2470.5505558884875,1.1939892442238929,0.4138493455070979,2.8850818714256365,0.003913118833926,0.0301759157792704,Upregulated
ENSG00000219438,TAFA5,398.70872841366327,2.276100779786248,0.7889895389543554,2.884830111692932,0.0039162493514097,0.0301909162317665,Upregulated
ENSG00000164483,SAMD3,162.49501679710804,1.7705451309599782,0.613826909043867,2.884437135084032,0.0039211403828739,0.0302194755498283,Upregulated
ENSG00000172403,SYNPO2,3912.2975400349633,-1.6800871926984469,0.5825093752057352,-2.884223437785977,0.0039238024117815,0.0302308442923436,Downregulated
ENSG00000231367,LINC02613,458.03036364370223,-2.0038216918610203,0.6947825688020295,-2.8840989711588274,0.0039253536498258,0.030233650684824,Downregulated
ENSG00000287620,LOC105377035,40.10801999157445,-1.238397817053359,0.4294983836296609,-2.883358504373742,0.0039345936682163,0.030295657594661,Downregulated
ENSG00000172954,LCLAT1,545.2988668727946,1.1531834258584983,0.4001125402817439,2.8821476703691182,0.0039497457975738,0.030359812812773,Upregulated
ENSG00000284640,LOC105378644,5.363910683668812,-4.283350770279348,1.4861799476919515,-2.882121224237633,0.003950077329572,0.030359812812773,Downregulated
ENSG00000172000,ZNF556,44.75514809658965,3.3357879026460235,1.1573049348465891,2.8823759427658637,0.003946885196579,0.030359812812773,Upregulated
ENSG00000231389,HLA-DPA1,17650.2078774479,1.4829142449495472,0.5144794305802273,2.8823586654905213,0.0039471016413385,0.030359812812773,Upregulated
ENSG00000142512,SIGLEC10,320.4543326146904,1.6270877917101514,0.5646013892352248,2.8818345521857585,0.0039536727081208,0.0303782798034828,Upregulated
ENSG00000112494,UNC93A,7.665372112733493,6.478424124002267,2.2481724327995813,2.881640228963612,0.0039561115574238,0.0303786908288038,Upregulated
ENSG00000170464,DNAJC18,542.3573129507283,-1.0810027154125086,0.3751227428104787,-2.881730676507283,0.003954976227625,0.0303786908288038,Downregulated
ENSG00000295262,,24.783503283368677,-3.858499356632776,1.3393729975848032,-2.880825105172745,0.0039663566416304,0.0304390087432866,Downregulated
ENSG00000211802,TRAV22,18.58350504083312,2.2644781442737862,0.7863099116545164,2.879879943912925,0.003978266293399,0.0305039315062143,Upregulated
ENSG00000169427,KCNK9,16.173498613436745,3.282340144484825,1.1398870479840426,2.8795310467733075,0.0039826708251939,0.0305274175710244,Upregulated
ENSG00000307014,,19.91999836876592,4.510318739604958,1.5670778136182946,2.878171524355185,0.0039998759208724,0.0306214671499282,Upregulated
ENSG00000154978,VOPP1,3351.7716670257864,1.2892294506642683,0.4479203100968337,2.878256291583555,0.0039988012010366,0.0306214671499282,Upregulated
ENSG00000245498,MSANTD2-AS1,98.5915203414746,-1.2375708870918485,0.4301006725909063,-2.877398167356445,0.004009693031019,0.0306699372952212,Downregulated
ENSG00000059378,PARP12,2093.383011118199,1.377655202164448,0.4787721306520281,2.877475763445656,0.0040087070282012,0.0306699372952212,Upregulated
ENSG00000065621,GSTO2,618.9881755678977,-1.3752377107630938,0.4780312596977787,-2.8768782017154013,0.0040163058457827,0.0307112957664161,Downregulated
ENSG00000140057,AK7,64.52281774031749,-2.276000871588814,0.7911988102650961,-2.876648501059077,0.0040192302826566,0.0307244341325173,Downregulated
ENSG00000175544,CABP4,150.4092127621117,-1.3842796915071047,0.481426316094959,-2.875371879824829,0.0040355188592478,0.0308396942285932,Downregulated
ENSG00000162817,C1orf115,2760.550906679302,-1.246082906372793,0.4334170329918236,-2.8750206187588856,0.004040011145112,0.0308555094084401,Downregulated
ENSG00000155816,FMN2,48.80161247142448,-1.8937628371691129,0.6586886532592898,-2.8750500373712096,0.0040396347357032,0.0308555094084401,Downregulated
ENSG00000078814,MYH7B,108.55519191499904,-1.4507184238575892,0.504681110583864,-2.8745249097578816,0.0040463585024669,0.0308854652131658,Downregulated
ENSG00000183695,MRGPRX2,11.658371699933875,-3.456275283264792,1.2026936583393275,-2.87377858800486,0.0040559319318604,0.030939994679969,Downregulated
ENSG00000147573,TRIM55,106.28084338736004,3.641765810019806,1.267309057836289,2.873620911569504,0.0040579571523627,0.0309461756370753,Upregulated
ENSG00000185559,DLK1,343.95064014721584,-3.319059083345823,1.1552017507197112,-2.873142359140289,0.0040641093753646,0.030974545152577,Downregulated
ENSG00000288079,,19.834260730139498,-2.3230577238404013,0.8087430800657387,-2.87242980014317,0.0040732856525112,0.0310351955893251,Downregulated
ENSG00000225697,SLC26A6,624.8894928971499,1.48859952237534,0.5183087141182497,2.872032597228768,0.0040784089585182,0.0310649385712975,Upregulated
ENSG00000266850,RBBP8-AS1,33.836113834976715,-1.336770468828698,0.465508692850612,-2.8716337403771868,0.0040835594822512,0.0310948710231453,Downregulated
ENSG00000141968,VAV1,999.2887122626396,1.553523297713828,0.5412822896321378,2.870079674636356,0.0041036838235622,0.0312387718678881,Upregulated
ENSG00000182054,IDH2,6486.022591655828,1.511077261501308,0.5265132432817736,2.8699700924571543,0.0041051062469066,0.0312402632850195,Upregulated
ENSG00000120738,EGR1,13418.99393057676,-1.5965549638763252,0.5566493126634852,-2.868152223591266,0.0041287683281662,0.0313828284353099,Downregulated
ENSG00000090539,CHRD,628.4072913613079,-1.3481361616864926,0.4700257763866346,-2.868217509368125,0.0041279164053651,0.0313828284353099,Downregulated
ENSG00000125878,TCF15,153.54861192187312,-2.048472377158066,0.7143117815828045,-2.8677566714900986,0.0041339333526937,0.0314127137310449,Downregulated
ENSG00000254288,LOC105375903,13.057289135711017,2.4135641805317727,0.8420710983010729,2.866223749278746,0.004154005317503,0.0315464130715922,Upregulated
ENSG00000265612,MIR4539,14.906091653177173,2.951687963284183,1.0297939344991975,2.8662899094658463,0.0041531371985912,0.0315464130715922,Upregulated
ENSG00000147434,CHRNA6,19.51271806990632,2.904683921146784,1.0134895742939565,2.866022497735432,0.0041566470458105,0.0315497227570441,Upregulated
ENSG00000137878,GCOM1,4.8441226670218125,-5.608418056034015,1.9568787427745316,-2.866001829056717,0.0041569184395053,0.0315497227570441,Downregulated
ENSG00000163235,TGFA,905.087250851282,1.8036652882669144,0.6294128525393003,2.865631486535769,0.0041617840122691,0.0315772417564813,Upregulated
ENSG00000163617,CCDC191,404.7879930496189,-1.0239323680795227,0.357410544081329,-2.864863348425798,0.0041718923135027,0.0316371223559221,Downregulated
ENSG00000130812,ANGPTL6,53.37508579646452,1.5082689323423335,0.5264752473800528,2.8648430099004103,0.0041721602604351,0.0316371223559221,Upregulated
ENSG00000158246,TENT5B,626.7247608569558,-1.356556243241034,0.4735938566350378,-2.864387331540972,0.0041781676234142,0.0316722623623236,Downregulated
ENSG00000184840,TMED9,7184.711799638108,1.0306760466840257,0.3598500554341374,2.864181986690476,0.0041808773185137,0.0316749334264912,Upregulated
ENSG00000304458,,58.8765391336954,-1.130252585579152,0.394631799207602,-2.864068703659042,0.0041823728640461,0.0316768418733628,Downregulated
ENSG00000300040,,16.010410780360342,1.669147096013153,0.5829002198013239,2.863521129880628,0.0041896086955566,0.0317222125697158,Upregulated
ENSG00000011590,ZBTB32,60.82878925937568,1.723464836256366,0.6020380398114094,2.8627175066815505,0.0042002486183448,0.0317765135561625,Upregulated
ENSG00000254855,KLC2-AS1,7.583973302360566,-3.219191807081269,1.124667119106663,-2.8623507813034603,0.004205112180408,0.0318017851387095,Downregulated
ENSG00000254732,,5.67337456163658,-3.336964079893813,1.1663118702619826,-2.8611250257997014,0.0042214054131722,0.0319106658666498,Downregulated
ENSG00000181619,GPR135,75.38697142382159,-1.386604380736697,0.4846716985747918,-2.8609146868160367,0.0042242070723039,0.0319106658666498,Downregulated
ENSG00000273445,,28.566015774360096,3.5387007146192637,1.2369225271221145,2.8608911528619183,0.0042245206431762,0.0319106658666498,Upregulated
ENSG00000180767,CHST13,57.59568322579621,1.4189459103302589,0.4959693445600035,2.8609548672591227,0.0042236717492443,0.0319106658666498,Upregulated
ENSG00000115541,HSPE1,1531.5298925602751,1.1558327373842476,0.4040347555147552,2.860726018264627,0.004226721521803,0.0319178250465002,Upregulated
ENSG00000109705,NKX3-2,64.8388789213997,2.485100357067657,0.869045726077608,2.8595737629181217,0.0042421075035378,0.032024516959873,Upregulated
ENSG00000164089,ETNPPL,5.833006608059748,-5.875574934828032,2.0552319470713574,-2.858837876279876,0.0042519603060387,0.0320893869496632,Downregulated
ENSG00000126218,F10,347.7686997072587,-1.9680815430005496,0.6887131818806105,-2.8576214232265413,0.0042682929417002,0.0322031070847297,Downregulated
ENSG00000260329,TMEM263-DT,96.59422228439064,-1.170061878596484,0.4095213580762647,-2.857144946219349,0.0042747058241587,0.032237126419831,Downregulated
ENSG00000306767,,5.4792412415318745,-5.779611708215872,2.023571568100305,-2.856143958200437,0.0042882065438332,0.0322959517675863,Downregulated
ENSG00000260917,LOC103344931,230.1009885237316,-1.0094733259241089,0.3534211823417956,-2.85628982177939,0.0042862368207095,0.0322959517675863,Downregulated
ENSG00000113231,PDE8B,138.54410685186988,-1.3028148464611702,0.4561445487739754,-2.85614472421708,0.0042881961974988,0.0322959517675863,Downregulated
ENSG00000300101,,10.016179869530834,-4.321663259998942,1.5133506851433,-2.855691877913758,0.004294316593613,0.0323324085001234,Downregulated
ENSG00000293137,MSL3B,298.1566637069972,1.876012283489758,0.657013754368982,2.8553622675548747,0.004298776387157,0.0323564223869019,Upregulated
ENSG00000226660,TRBV2,62.65512439270971,2.896237523946162,1.014445638609308,2.854995293702067,0.0043037466680318,0.0323651406499676,Upregulated
ENSG00000124721,DNAH8,44.23453818165303,3.4986241296121072,1.2257843337318604,2.8541922370313384,0.0043146414215203,0.0324259372695425,Upregulated
ENSG00000179088,C12orf42,10.31264721333321,3.481028112411969,1.2196510970162129,2.8541179694160483,0.0043156502431686,0.0324259372695425,Upregulated
ENSG00000268087,,75.6053521849802,-1.3883129808222454,0.486415747217686,-2.8541694810734257,0.0043149505066489,0.0324259372695425,Downregulated
ENSG00000160867,FGFR4,558.7172696486241,2.074162884433572,0.7267899817330193,2.853868292856435,0.0043190433181633,0.0324418615030781,Upregulated
ENSG00000293455,,39.30173717553136,2.903411389496884,1.0173948082455333,2.8537705971821588,0.0043203716491013,0.0324422718968924,Upregulated
ENSG00000183960,KCNH8,128.35091872123357,-1.554007338329304,0.5445860710415061,-2.8535568957122006,0.0043232785580885,0.0324545323174401,Downregulated
ENSG00000179938,GOLGA8J,8.66518128302443,-2.53263808326269,0.8879728723314309,-2.8521570446325497,0.0043423641542402,0.0325882019365507,Downregulated
ENSG00000267530,LINC01836,45.99855680712836,-2.0287296961963306,0.7115152609917306,-2.851280650493186,0.0043543517760716,0.0326587994107745,Downregulated
ENSG00000105695,MAG,21.91060437276267,-3.617095396082263,1.2686273642447206,-2.851188219667409,0.0043556178241294,0.0326587994107745,Downregulated
ENSG00000141338,ABCA8,2693.431584199157,-2.4897380822155104,0.8737075406690304,-2.8496241205713124,0.0043770923413379,0.0328005057446953,Downregulated
ENSG00000178163,ZNF518B,1368.0238016235098,1.322062768419378,0.4641133647176751,2.848577241949501,0.0043915191747081,0.0328989367349974,Upregulated
ENSG00000187627,RGPD1,15.650725146495311,3.695884460028756,1.297941830647116,2.8474962226821026,0.0044064617123446,0.0329914715682336,Upregulated
ENSG00000226791,LINC02611,79.25911538705883,1.198887675685194,0.4212659690423941,2.845916270926085,0.004428383713463,0.0331361226691,Upregulated
ENSG00000099901,RANBP1,3451.17794854155,1.2268391924849509,0.4311030969563117,2.845813915851501,0.0044298073043555,0.0331370401906726,Upregulated
ENSG00000166159,LRTM2,25.90037409968973,4.116317420429212,1.4465276170735637,2.8456542217678766,0.0044320292149801,0.0331439272268814,Upregulated
ENSG00000308554,,66.36094341065325,-1.203637310397346,0.4231112931881037,-2.84472981405921,0.0044449108584102,0.0332305032211824,Downregulated
ENSG00000280163,,4.551342571297337,-5.521380696858323,1.941121675391026,-2.8444279237395445,0.0044491250508246,0.0332522488760431,Downregulated
ENSG00000272970,LOC107986163,81.75228299930066,-1.313802157167422,0.4619252959559877,-2.844187509689016,0.0044524836639154,0.0332578332561848,Downregulated
ENSG00000167972,ABCA3,3045.422796224826,1.4992644669378206,0.5271630412500229,2.8440242384646788,0.0044547658922712,0.0332651251955558,Upregulated
ENSG00000180096,SEPTIN1,766.3461186327972,1.8381332550091471,0.6463628029750046,2.84381039030835,0.0044577566956164,0.0332679521810859,Upregulated
ENSG00000229321,,26.62126902782885,-1.6681752571638695,0.5866751027765624,-2.843439664081332,0.004462945850757,0.0332969226024117,Downregulated
ENSG00000127561,SYNGR3,57.83466196113607,2.2964732330898343,0.8077063268978744,2.843203224505877,0.0044662582173824,0.0333118779077445,Upregulated
ENSG00000279833,CBX7-AS1,66.28194917513686,-1.446060506880837,0.5086309884328001,-2.8430444463017404,0.0044684838481554,0.0333187213396857,Downregulated
ENSG00000144401,METTL21A,748.7897866804349,1.2396423361661069,0.4360488364432079,2.8428979338133407,0.0044705384390083,0.0333242858004046,Upregulated
ENSG00000144619,CNTN4,378.6633363123429,-1.379053603555929,0.4851491619842689,-2.842535268772958,0.004475627887651,0.0333524628222237,Downregulated
ENSG00000111331,OAS3,3325.737404984122,1.6021470422081698,0.5637751471007807,2.84181920832663,0.0044856921186888,0.0334176846900041,Upregulated
ENSG00000270959,LPP-AS2,73.02061814284976,-1.2702945794769285,0.4471393072389643,-2.840936949428259,0.0044981204634485,0.0334978333750279,Downregulated
ENSG00000146233,CYP39A1,268.0607221790005,-1.3825993149820277,0.4867829701931888,-2.840278727157027,0.0045074131249424,0.0335500642038016,Downregulated
ENSG00000198178,CLEC4C,53.86202963506208,2.423281333964149,0.8533498351257878,2.839727898473134,0.0045152029871438,0.0335982282458491,Upregulated
ENSG00000131435,PDLIM4,2171.1424546244843,-1.7822904213335786,0.6277610498164923,-2.839122340984009,0.0045237809010834,0.0336424009726997,Downregulated
ENSG00000222017,,12.680300382110016,2.8713759145573445,1.0118157650319946,2.837844609454715,0.0045419288300877,0.033757650782365,Upregulated
ENSG00000160838,LRRC71,9.573643787239387,-2.5564546684036054,0.9011077780337248,-2.837013208322266,0.0045537728114051,0.0338358072576725,Downregulated
ENSG00000085662,AKR1B1,2933.412897346038,1.1237263647310882,0.3961200415968325,2.836832895909889,0.0045563451962552,0.0338450476797366,Upregulated
ENSG00000075884,ARHGAP15,581.4507236690762,1.5789209142466971,0.5567715909579138,2.835850355673135,0.0045703855180469,0.0339394430117127,Upregulated
ENSG00000109265,CRACD,203.5985266640008,2.167747551793567,0.7645305612089304,2.8353968589113947,0.0045768791124562,0.0339777580511144,Upregulated
ENSG00000301998,,4.402652980428707,-4.709599860510463,1.6614125092646808,-2.8346962805732514,0.0045869270807701,0.0340424299750283,Downregulated
ENSG00000159307,SCUBE1,222.54659186089168,-2.03386324494156,0.7177900166771469,-2.833507289996716,0.0046040257830065,0.0341593768479348,Downregulated
ENSG00000233308,OSTN-AS1,6.210404144063172,3.0409802435072617,1.0733508201969788,2.8331652487573336,0.0046089553087567,0.0341859932059824,Upregulated
ENSG00000307568,,15.29692916409607,3.500585297467114,1.235853707281596,2.8325240089840884,0.00461820978979,0.0342301495889297,Upregulated
ENSG00000116985,BMP8B,288.6603586514346,2.016823831023693,0.7120791747664323,2.832302786674288,0.0046214064096449,0.0342301495889297,Upregulated
ENSG00000232859,LYRM9,177.20867306996732,-1.1669099333140858,0.4120385994996994,-2.832040334888424,0.0046252013860176,0.0342367057550872,Downregulated
ENSG00000169122,FAM110B,449.6102769223203,-1.245654090339794,0.4399657540380879,-2.8312523847752877,0.0046366118754157,0.0343089218007747,Downregulated
ENSG00000169429,CXCL8,812.2432968028991,2.8541448514941283,1.0082590058826268,2.8307655422285256,0.0046436746897226,0.0343396045190431,Upregulated
ENSG00000241362,RPL36AP43,14.020426904891288,-2.260396163617301,0.7985264971702198,-2.830709026723077,0.0046444952129128,0.0343396045190431,Downregulated
ENSG00000165379,LRFN5,155.7990678391929,-2.0985298908134924,0.7413839043602186,-2.830557661788504,0.0046466934589698,0.0343458877229895,Downregulated
ENSG00000027644,INSRR,66.20080792247512,-1.9430062956193856,0.6866818668460236,-2.829558183243931,0.0046612323718859,0.0344433564677421,Downregulated
ENSG00000225746,MEG8,16.44406757503462,-2.1120531248286136,0.7465321737575701,-2.829152177323954,0.0046671500908711,0.0344670861016465,Downregulated
ENSG00000305198,,4.662781814729368,-5.549444414782168,1.961904173693901,-2.828601156565968,0.0046751923466978,0.0345064689257431,Downregulated
ENSG00000293742,,20.14207223713532,-2.502977468247002,0.8848702105875276,-2.828637961023797,0.0046746547876571,0.0345064689257431,Downregulated
ENSG00000109686,SH3D19,3628.1195819749255,-1.388618718136338,0.4911240344193252,-2.8274297750020634,0.0046923305908276,0.0346129025424184,Downregulated
ENSG00000187605,TET3,1869.361703864244,1.3165372150508536,0.4656757776753366,2.82715416640959,0.0046963712201054,0.0346326784445006,Upregulated
ENSG00000185900,POMK,1238.1673124959486,1.0130908837304031,0.3583937576875116,2.826753708734321,0.0047022478443717,0.0346659782471762,Upregulated
ENSG00000288743,,33.81939798181044,-1.5241787697260416,0.539282125264745,-2.826310567919881,0.0047087585922113,0.034703932321243,Downregulated
ENSG00000146938,NLGN4X,307.933235286759,-1.3484026141061582,0.4771140670174748,-2.826164029359401,0.0047109133721997,0.03470976988814,Downregulated
ENSG00000205413,SAMD9,1442.3352540013725,1.518950482874371,0.5375044119547409,2.8259311906862457,0.0047143389903592,0.0347177007900223,Upregulated
ENSG00000105270,CLIP3,643.9483774318657,-1.0600639651542711,0.3751512203482139,-2.825697765744501,0.0047177754972177,0.0347301906617438,Downregulated
ENSG00000261210,CLEC19A,8.548361660382316,3.1389656762104865,1.1112353257796823,2.824753320371701,0.0047317028825595,0.0348226536034887,Upregulated
ENSG00000165443,PHYHIPL,23.93638623918648,-2.859199381765928,1.012390325857627,-2.82420654241615,0.0047397830135291,0.0348720430784521,Downregulated
ENSG00000104888,SLC17A7,76.75814595985402,-2.1837092649252887,0.7732719794133777,-2.8239860269887216,0.0047430452611333,0.0348859676137243,Downregulated
ENSG00000188783,PRELP,3397.005972743853,-1.24187141445159,0.4398786317436264,-2.823213779512226,0.0047544857152178,0.0349600189527463,Downregulated
ENSG00000237181,PRKAR1B-AS1,65.99006277117245,1.789282010773142,0.6338437732145821,2.822906978637142,0.0047590377422918,0.0349724536127962,Upregulated
ENSG00000233079,LINC01755,20.97370353879141,-2.906760634608973,1.029692202969685,-2.822941288887812,0.0047585284827677,0.0349724536127962,Downregulated
ENSG00000070808,CAMK2A,18.095423317320524,2.169267457506628,0.7689923404229386,2.820922060567665,0.0047885835519874,0.0351568490292252,Upregulated
ENSG00000158125,XDH,797.540062842132,-2.7161347347804705,0.963334511695295,-2.8195135768577035,0.0048096496279296,0.0352739952988759,Downregulated
ENSG00000102034,ELF4,1118.4536918288177,1.0540602925002336,0.3740444080156603,2.818008423363738,0.0048322542109996,0.0354295759955012,Upregulated
ENSG00000291141,EMBP1,13.2896354577064,2.3163982360419304,0.8226218866040745,2.815872363431057,0.0048644988447451,0.0356249712692651,Upregulated
ENSG00000177432,NAP1L5,326.04138242125646,-1.1675584868824656,0.4146687609332258,-2.8156412946440343,0.0048679985573357,0.0356403539102899,Downregulated
ENSG00000303657,,19.52564775872466,-1.7110041790165065,0.6078169070422123,-2.8149993183682187,0.0048777337351257,0.0357013666572954,Downregulated
ENSG00000273272,,5.682553049019621,4.501044565257851,1.5997053122105296,2.813671074854497,0.0048979316735022,0.0358080418070535,Upregulated
ENSG00000188573,FBLL1,79.05725030580928,-2.578975107501598,0.9169454656192976,-2.8125719622374485,0.0049147025036698,0.0358997383054128,Downregulated
ENSG00000125347,IRF1,2746.9071488429545,1.601247219118205,0.5693402319671694,2.8124610368489464,0.0049163979430362,0.0359018268368908,Upregulated
ENSG00000267023,LRRC37A16P,6.849254190716296,-2.848330870588497,1.0131239963248972,-2.8114336260130104,0.004932126566747,0.0359857335381306,Downregulated
ENSG00000286001,,12.492637898690951,2.642825137181197,0.9399736511227555,2.81159491441538,0.0049296543962943,0.0359857335381306,Upregulated
ENSG00000282057,,24.36535436293616,-1.474104025171864,0.5243237079894949,-2.811438816726934,0.0049320469878967,0.0359857335381306,Downregulated
ENSG00000278192,,7.673787842276015,-3.6883689231153247,1.3119713338035588,-2.811318226307819,0.0049338960599003,0.0359883352066783,Downregulated
ENSG00000144642,RBMS3,909.1182704092058,-1.5269194541692497,0.5432316869904749,-2.8108070474099995,0.0049417411805939,0.0360352389381355,Downregulated
ENSG00000256948,IQSEC3-AS2,11.943255676362629,3.227020012245809,1.1485831649503797,2.8095658292059507,0.0049608372739926,0.0361641345752335,Upregulated
ENSG00000170779,CDCA4,822.8189060656598,1.2079064728305409,0.4299530852275448,2.8093913367112564,0.0049635271777967,0.0361705884387637,Upregulated
ENSG00000198216,CACNA1E,16.794506967700688,2.1495624322376448,0.7651971566687438,2.809161552031481,0.0049670714551428,0.0361785178821685,Upregulated
ENSG00000069188,SDK2,270.1965575774603,-1.255120624900632,0.4468243420056588,-2.80897996574398,0.0049698739228318,0.0361885816719414,Downregulated
ENSG00000280334,,22.58559008885636,-1.7170845607363263,0.6115391113505922,-2.807808247855353,0.0049879917529642,0.0362997536970724,Downregulated
ENSG00000298058,,45.99310696766944,2.81184920661236,1.0014966787308113,2.807647060972577,0.0049904887924352,0.0363075521371375,Upregulated
ENSG00000089820,ARHGAP4,1926.331468006068,1.1598169563816385,0.4131359317265867,2.8073495121436323,0.0049951012633364,0.0363307322325648,Upregulated
ENSG00000118729,CASQ2,305.5117884972939,-1.6070460967800966,0.5725090751537637,-2.8070229215990654,0.0050001683634225,0.0363572047915318,Downregulated
ENSG00000181143,MUC16,311.4307383603948,2.3552906184905407,0.8391049229913002,2.806908354314303,0.0050019469925154,0.0363597579470207,Upregulated
ENSG00000002745,WNT16,10.76163033628163,4.426839256386061,1.5771985957894237,2.8067735212320093,0.0050040409759752,0.0363646013406748,Upregulated
ENSG00000295124,,6.139813188032395,6.1723601781454045,2.199390385577656,2.806395907984417,0.0050099096007458,0.0363968646436384,Upregulated
ENSG00000167261,DPEP2,134.3810324898855,1.5816336927859422,0.5636632941494256,2.8059902236008565,0.0050162214229177,0.0364323284468603,Upregulated
ENSG00000117143,UAP1,3864.532037885089,1.2172207164066473,0.433918058732886,2.80518566100046,0.0050287604476283,0.0365025811802623,Upregulated
ENSG00000198554,WDHD1,359.9046789698156,1.303406841569534,0.4646717205219544,2.805005736319501,0.0050315684295317,0.0365125582531633,Upregulated
ENSG00000309024,,5.048662335574288,-4.8868952699787584,1.742392619649442,-2.8047038393459047,0.0050362831484274,0.0365363623109074,Downregulated
ENSG00000056558,TRAF1,1440.775913236753,1.3450995936578027,0.4796647954509253,2.8042491473515287,0.005043391602285,0.0365671014807293,Upregulated
ENSG00000180878,C11orf42,8.325225057336203,-2.64258573684934,0.9427169147630122,-2.803159353000105,0.0050604659040886,0.0366700219183616,Downregulated
ENSG00000131504,DIAPH1,4573.453512660646,1.0632955682775722,0.3794622023450006,2.802111940811544,0.0050769254152263,0.0367788302762314,Upregulated
ENSG00000112902,SEMA5A,2039.5098699236144,-1.1715264019171412,0.4182954866413873,-2.800714899707998,0.00509895447345,0.0369279128215086,Downregulated
ENSG00000254533,,13.78464879743266,-2.884294301066051,1.02995978291338,-2.800395072618696,0.005104009762668,0.0369540172441495,Downregulated
ENSG00000100379,KCTD17,607.4692763741342,1.0890845581179391,0.3890105338998649,2.7996274219100714,0.0051161619860338,0.0370308077367717,Upregulated
ENSG00000290099,,27.39137098902629,2.3927013731633737,0.8548934686693632,2.798829866939561,0.0051288152991521,0.0370838679556083,Upregulated
ENSG00000258457,AJUBA-DT,55.77650841119447,-1.197807558045611,0.4279711985652384,-2.7988041299536683,0.0051292240904404,0.0370838679556083,Downregulated
ENSG00000222020,HDAC4-AS1,55.872237046000905,-1.5663271654976163,0.5596869716779831,-2.7985771417934764,0.0051328307134594,0.0370994129121808,Downregulated
ENSG00000204583,LRCOL1,17.45355759344294,-2.109986562631798,0.7540333666375539,-2.798266835380004,0.0051377648914982,0.0371245417166952,Downregulated
ENSG00000237541,HLA-DQA2,1395.5045075977175,1.933268465326936,0.6910653969181428,2.797518836782292,0.0051496764323389,0.037200059106099,Upregulated
ENSG00000114670,NEK11,398.2149700410237,-1.5359753912625342,0.5492822502621973,-2.7963317411573803,0.005168631635433,0.0373158209711213,Downregulated
ENSG00000197561,ELANE,37.24264208502417,-2.406064965608861,0.8604197326272435,-2.796385152932368,0.0051677774187643,0.0373158209711213,Downregulated
ENSG00000270460,,35.2140108813889,4.089693890629176,1.4626436721810552,2.7960972097399046,0.005172384016246,0.0373323302005675,Upregulated
ENSG00000173207,CKS1B,1675.7099055004298,1.0389504071852385,0.3715917955759405,2.795945495984216,0.0051748126685843,0.0373392786066606,Upregulated
ENSG00000290738,URAHP,32.19127107428343,-2.3288565697418995,0.8332201432062236,-2.7950075243986308,0.0051898507251677,0.0374265820557047,Downregulated
ENSG00000070882,OSBPL3,1144.8708434751488,1.3951973523049894,0.4992861441453758,2.7943842797663403,0.0051998647367943,0.0374771291435741,Upregulated
ENSG00000109436,TBC1D9,6116.67711113809,-1.5388314562061547,0.5507043977203552,-2.7942966545685097,0.0052012740576551,0.0374771291435741,Downregulated
ENSG00000184905,TCEAL2,123.57883099919974,-1.890049438285493,0.6764589782686687,-2.794034078936895,0.0052054992626516,0.0374863646364147,Downregulated
ENSG00000228748,,10.871073475164367,-1.905625091380876,0.6822071535027214,-2.793323232681808,0.0052169533282779,0.0375476174695018,Downregulated
ENSG00000167670,CHAF1A,854.2559444903565,1.2329516972833454,0.4414397680483576,2.793023616187388,0.005221787950966,0.0375561164699209,Upregulated
ENSG00000244040,IL12A-AS1,17.300119711541363,2.6434255868239047,0.9464548358830028,2.792975942013862,0.0052225575963432,0.0375561164699209,Upregulated
ENSG00000180879,SSR4,10931.264108254278,1.3143571573607036,0.470571308707322,2.793109424735848,0.0052204029276287,0.0375561164699209,Upregulated
ENSG00000181896,ZNF101,1044.431527623895,1.0200218560053915,0.365381385419761,2.791663441840531,0.00524378671224,0.03768749755854,Upregulated
ENSG00000238198,LRIG2-DT,22.824887638573745,-1.603176790408833,0.5742666858965405,-2.791693876349394,0.0052432935657927,0.03768749755854,Downregulated
ENSG00000235576,LINC01871,106.66878372020516,1.8565641285379004,0.6653091272398602,2.790528571643304,0.005262205553312,0.0377346952838993,Upregulated
ENSG00000230479,CLDN14-AS1,41.19698113609522,2.271671276541065,0.8141933006305636,2.790088391518005,0.0052693653530409,0.0377435334385003,Upregulated
ENSG00000166448,TMEM130,280.2670411840105,-2.266789222570152,0.8124000685572599,-2.790237606202741,0.0052669372993659,0.0377435334385003,Downregulated
ENSG00000261934,PCDHGA9,87.77054422178338,-1.4981167471954304,0.5369373250196104,-2.79011474410112,0.0052689364645967,0.0377435334385003,Downregulated
ENSG00000131153,GINS2,358.24958685842125,1.4522386996146623,0.5205368453169432,2.78988646563612,0.0052726527447008,0.0377523435315139,Upregulated
ENSG00000295404,,13.168322279326675,-4.339640550625476,1.5558610424540302,-2.7892211657801025,0.0052834970640153,0.0377916185671254,Downregulated
ENSG00000162897,FCAMR,15.273263273397207,4.095582621500618,1.4688429431056216,2.788305339739861,0.0052984578884225,0.0378667286408562,Upregulated
ENSG00000196550,RUMY1,51.17108887779701,2.398375564664687,0.860129852507325,2.7883877738614617,0.0052971096891402,0.0378667286408562,Upregulated
ENSG00000272180,,4.233673302133077,-4.644492218273009,1.665913136245632,-2.7879558166760248,0.0053041777360799,0.0378864480475735,Downregulated
ENSG00000089127,OAS1,1731.287249512883,1.4268087134151468,0.5117761012883649,2.7879549471404457,0.0053041919727394,0.0378864480475735,Upregulated
ENSG00000241360,PDXP,225.53090740703965,1.3781217932416598,0.4944122752286807,2.7873939671183057,0.0053133839364298,0.0379414640439598,Upregulated
ENSG00000289582,,15.866587505230896,2.6781189180496927,0.9609882170024284,2.78683845510972,0.0053225004785045,0.0379593005210763,Upregulated
ENSG00000155754,CATSPERT,21.59332125125545,-1.6742091356095905,0.6007666475164849,-2.786787752833184,0.005323333259836,0.0379593005210763,Downregulated
ENSG00000123496,IL13RA2,29.69954351677452,-2.2472427282269862,0.8063542124485502,-2.7869175773300405,0.0053212011366635,0.0379593005210763,Downregulated
ENSG00000159496,RGL4,60.05501496782245,1.962820785571443,0.7044096982905032,2.786476095282213,0.0053284547985635,0.0379745585266404,Upregulated
ENSG00000066855,MTFR1,1408.6729868931782,1.4914984440120491,0.5352507333904928,2.786541616793872,0.0053273776995191,0.0379745585266404,Upregulated
ENSG00000169291,SHE,794.6060195320092,-1.294515544202451,0.4646878910413607,-2.785774213529548,0.0053400052791405,0.0380462306195775,Downregulated
ENSG00000211750,TRBV24-1,11.002829753058004,2.878108583578465,1.0331798482147334,2.78568013937907,0.0053415551227135,0.0380466304615877,Upregulated
ENSG00000157184,CPT2,651.5567022613276,1.1458614442481163,0.4115516493241971,2.7842469982314944,0.0053652159803598,0.0381831283139832,Upregulated
ENSG00000170577,SIX2,92.53365317252282,1.7670717944203986,0.6347324310893425,2.7839633014933693,0.0053699109599775,0.0382058664976505,Upregulated
ENSG00000136457,CHAD,90.32678499924124,-1.6659679249127173,0.5985822478027616,-2.7831896636227493,0.0053827329760005,0.038286398109944,Downregulated
ENSG00000080839,RBL1,614.0697285675151,1.293560795105159,0.4647993702515262,2.7830519529429414,0.0053850182430705,0.0382919597066584,Upregulated
ENSG00000186652,PRG2,14.657316136429287,-2.0846758139617405,0.7491832627728684,-2.7825979537315915,0.0053925584287357,0.0383220438134996,Downregulated
ENSG00000236036,LINC00445,6.333231103105877,-5.24471453845034,1.8848883921571105,-2.782506677993897,0.0053940755201584,0.0383220438134996,Downregulated
ENSG00000198774,RASSF9,378.909747411748,-1.5877383800036384,0.5706163420718156,-2.782497210365229,0.0053942329034005,0.0383220438134996,Downregulated
ENSG00000104213,PDGFRL,1474.7357003015454,-1.354940094208953,0.4869619932652285,-2.7824350009816303,0.0053952671318444,0.0383220438134996,Downregulated
ENSG00000273355,,35.49815248660445,-1.4918444093882812,0.5362200906344131,-2.782149411118202,0.0054000173495416,0.0383450911374893,Downregulated
ENSG00000231246,LINC02884,214.87803819060747,-1.9329934398241213,0.6948742118979224,-2.781789001126552,0.0054060174403332,0.0383714020155451,Downregulated
ENSG00000204860,FAM201A,26.61576549202708,-2.063364496513863,0.7418403033566038,-2.7814133138598165,0.0054122782733572,0.0383998662635787,Downregulated
ENSG00000214711,CAPN14,33.71693161110674,1.764273676326629,0.6343342520082955,2.781299718154832,0.0054141726357501,0.0383998662635787,Upregulated
ENSG00000305521,,5.147843170023664,5.9118223759566,2.1256112969564644,2.781233984040913,0.0054152691146313,0.0383998662635787,Upregulated
ENSG00000204625,HCG9,4.756604382011605,-4.013997648998765,1.443493733898192,-2.780751696205054,0.0054233200576509,0.0384355551442477,Downregulated
ENSG00000101194,SLC17A9,425.7980636186973,1.4362337352803358,0.5164885713203847,2.78076576139653,0.005423085111245,0.0384355551442477,Upregulated
ENSG00000279759,,56.42216398395988,-1.3204443316926322,0.4748866955229357,-2.780546063179524,0.0054267560222936,0.0384492079676892,Downregulated
ENSG00000164619,BMPER,129.1215954682053,-2.177880351767151,0.783294406128559,-2.780410960077384,0.0054290145575402,0.038453217444089,Downregulated
ENSG00000119888,EPCAM,9708.518722643646,1.8970469551548812,0.6824110032515874,2.7799184745200964,0.0054372546859094,0.0384914714021118,Upregulated
ENSG00000196358,NTNG2,125.70562852356156,1.1956504248283628,0.4301673160314982,2.779500859941701,0.0054442509389449,0.0385302905434469,Upregulated
ENSG00000101935,AMMECR1,557.5251019586367,1.1250252469334043,0.4049771811462743,2.7779966361291226,0.0054695184464927,0.0386896296391998,Upregulated
ENSG00000304304,,6.539755407581676,-6.03502383745444,2.1724506442998246,-2.777979722250267,0.0054698031616645,0.0386896296391998,Downregulated
ENSG00000276772,,10.031816937226685,-2.6274084095734875,0.946065823840795,-2.77719408455836,0.005483042731384,0.0387725101085741,Downregulated
ENSG00000286125,ZIM2-AS1,8.859662468127432,-2.2007655946448303,0.7924989771513601,-2.776994870776349,0.0054864044768368,0.0387855144128532,Downregulated
ENSG00000271303,SRXN1,88.45635177898663,1.1418953266496543,0.4112373408502022,2.776730644860391,0.0054908661763868,0.038806285343715,Upregulated
ENSG00000234511,C5orf58,18.938524568642904,2.59019783891835,0.9328655945959374,2.776603461338149,0.0054930149554223,0.0388107028930827,Upregulated
ENSG00000211890,IGHA2,35636.27455223561,-2.1645021180723,0.7795817740333584,-2.7764914344696843,0.0054949082898559,0.0388133136580477,Downregulated
ENSG00000177994,CIMIP6,10.449437716784704,-2.499466970876824,0.9003136593497818,-2.776217982388462,0.0054995323000477,0.0388244421326267,Downregulated
ENSG00000197780,TAF13,1734.740919108686,1.232497780006686,0.4439437533762539,2.776247600362363,0.0054990312975563,0.0388244421326267,Upregulated
ENSG00000211445,GPX3,10149.360699668106,-1.903822946588784,0.6859222843908538,-2.775566547279492,0.0055105620660904,0.0388699879217365,Downregulated
ENSG00000307615,,50.81971831407387,-2.3861623061235706,0.8596752627152503,-2.7756554243365934,0.0055090560700335,0.0388699879217365,Downregulated
ENSG00000277245,,8.20368506394679,-3.333437609331344,1.2012136233323771,-2.77505811171522,0.0055191845047052,0.0389200300441163,Downregulated
ENSG00000186204,CYP4F12,142.06569044227632,-2.5926240382549954,0.9346715191836008,-2.773834427435589,0.005539986616334,0.039031821169065,Downregulated
ENSG00000151135,TMEM263,2104.0379291247245,1.17197461093279,0.4225632156429338,2.773489427255564,0.0055458642449019,0.0390433134831118,Upregulated
ENSG00000174788,PCP2,163.23176813469894,-1.6924036726837313,0.610252078683776,-2.7732862071260738,0.005549329057129,0.0390461216613629,Downregulated
ENSG00000137265,IRF4,1174.0954850035837,2.0021216812192324,0.7219279524623721,2.7732984633582056,0.005549120038519,0.0390461216613629,Upregulated
ENSG00000118526,TCF21,6.321650941764521,-5.989867647372198,2.159969248111164,-2.773126354743328,0.0055520558411424,0.0390545192846557,Downregulated
ENSG00000304564,,103.89697398559696,-2.767378117291776,0.9981184560945568,-2.7725948762835104,0.0055611305690707,0.0390967586874967,Downregulated
ENSG00000285077,ARHGAP11B,17.020063528441238,2.0756887614494186,0.7487192994655042,2.772319029215905,0.0055658457934361,0.0391171762490376,Upregulated
ENSG00000125879,OTOR,11.38335452703594,4.399687194784595,1.5870624327218952,2.772220615945713,0.0055675289051992,0.0391171762490376,Upregulated
ENSG00000298430,,8.344139525827696,-2.750496034724527,0.9926852967049496,-2.770763346505012,0.0055925056467796,0.0392696872033351,Downregulated
ENSG00000153237,CCDC148,68.7965365736551,-1.8261139253190883,0.6590781756574016,-2.7707091400767743,0.0055934366602685,0.0392696872033351,Downregulated
ENSG00000115850,LCT,8.589410712372716,3.222792662752728,1.1634939169459704,2.769926525453752,0.0056068939206431,0.0393424779759506,Upregulated
ENSG00000117971,CHRNB4,12.093603794216934,2.247797575291097,0.8115581935677663,2.7697306158777666,0.0056102672045006,0.0393553059669063,Upregulated
ENSG00000235703,EOLA2-DT,135.1561876300155,-1.2305099615855015,0.4443106263093493,-2.7694812789122096,0.0056145630799719,0.0393745969741095,Downregulated
ENSG00000267123,SCAT1,13.63318367953554,2.385171133151728,0.8614733521810617,2.768711448953119,0.0056278453641915,0.039446023464866,Upregulated
ENSG00000232869,TRBV29-1,69.08203660687566,1.9484408266292936,0.7039239110836046,2.767970793363032,0.0056406510367919,0.0395081050233779,Upregulated
ENSG00000170801,HTRA3,2045.945279022401,1.1314215752136023,0.4087873841369496,2.767750716187855,0.0056444611555661,0.0395189857321127,Upregulated
ENSG00000186827,TNFRSF4,412.88056915338433,1.3380579516228683,0.4834843932916189,2.767530803865688,0.0056482707392118,0.0395347908761925,Upregulated
ENSG00000181374,CCL13,170.9874726149565,1.9987708487357223,0.7223515597485167,2.767033339599329,0.005656896967917,0.0395734201235414,Upregulated
ENSG00000305008,,7.4346545199462994,4.895255404346154,1.7692955494643186,2.7667821839196214,0.0056612566204876,0.0395790835927348,Upregulated
ENSG00000172548,NIPAL4,50.59343304131168,2.9437170187438437,1.0639742949187236,2.766718174303931,0.0056623682074486,0.0395790835927348,Upregulated
ENSG00000127616,SMARCA4,5706.544035228758,1.1340609572564195,0.4100487944310486,2.765673189772337,0.0056805432076834,0.0396843434017841,Upregulated
ENSG00000053702,NRIP2,207.61609808205225,-1.2744234908699943,0.4608542966084871,-2.765350133976649,0.0056861726273082,0.0397127784453435,Downregulated
ENSG00000144395,CCDC150,91.65839189175637,1.8831714101064727,0.68112281164766,2.764804493261671,0.0056956921354588,0.0397535016563657,Upregulated
ENSG00000059804,SLC2A3,1497.70121802142,1.196589579561875,0.4328121364819235,2.764685827177239,0.0056977643425906,0.0397535016563657,Upregulated
ENSG00000130477,UNC13A,34.67993441102096,1.7458586380021976,0.6314916691517002,2.76465822636656,0.0056982464193549,0.0397535016563657,Upregulated
ENSG00000169241,SLC50A1,1098.6467281360185,1.1660356032180963,0.4218560673477003,2.764060288498901,0.0057086990589834,0.0397937257064496,Upregulated
ENSG00000228793,LOC100507336,261.12447104445863,4.24037330189781,1.5341977460816605,2.7639027059762795,0.0057114566599035,0.0398020554266494,Upregulated
ENSG00000254461,,18.4272574836032,-1.7917938271598772,0.6484739691008794,-2.763092911260927,0.0057256465470384,0.0398573225470389,Downregulated
ENSG00000107186,MPDZ,2275.335343129504,-1.0446842275873391,0.3780786246211952,-2.7631401501050994,0.0057248179168435,0.0398573225470389,Downregulated
ENSG00000255569,TRAV1-1,8.002326213462972,3.699193283013182,1.3387597469305692,2.763149468375097,0.0057246544751525,0.0398573225470389,Upregulated
ENSG00000138606,SHF,343.3952251089962,-1.13835266423579,0.4120793669695771,-2.762459748002457,0.0057367634922014,0.0399128934471085,Downregulated
ENSG00000171160,MORN4,331.8933477854066,-1.1997561675779849,0.4343595437455883,-2.762126871283165,0.0057426158739964,0.0399208976327956,Downregulated
ENSG00000296226,,4.307143682481619,3.5518996842198858,1.2866602250548724,2.76055761657543,0.0057702778817432,0.0400694514519852,Upregulated
ENSG00000265996,MIR3671,10.507745223925792,-2.372954962446087,0.8597082808460862,-2.7601862344640105,0.005776841969774,0.0400902867138136,Downregulated
ENSG00000233170,,21.358206291816764,-1.7605165383462211,0.6378404066273738,-2.760120745023158,0.0057780001777083,0.0400902867138136,Downregulated
ENSG00000155099,PIP4P2,492.0037208130009,-1.1037974924968248,0.3998894201913177,-2.7602568029150127,0.0057755941717619,0.0400902867138136,Downregulated
ENSG00000260230,FRRS1L,222.10969802713495,-1.8742305455661987,0.6790811515141901,-2.759950767867888,0.005781007271258,0.0401002277250036,Downregulated
ENSG00000173762,CD7,533.7832220078352,1.8695519624060437,0.6775004228216672,2.759484569204689,0.0057892621118062,0.0401465546555453,Upregulated
ENSG00000078098,FAP,1342.2653098888109,1.6470805509763362,0.5969196061865923,2.759300471798328,0.0057925247956301,0.0401552093694697,Upregulated
ENSG00000135406,PRPH,16.357559221315903,-2.4405697705491334,0.8846997120872255,-2.758641985754947,0.0058042084519862,0.0402173540480254,Downregulated
ENSG00000229619,MBNL1-AS1,119.84404783081284,-1.08460832393537,0.3932089972182014,-2.758350728514724,0.0058093830644921,0.0402422616360291,Downregulated
ENSG00000079215,SLC1A3,1593.999749577789,1.4013449893877186,0.5080755005373533,2.758143204908761,0.0058130725631782,0.0402459285829608,Upregulated
ENSG00000223552,CCR5AS,63.3673398026411,1.7078035582684712,0.6192731506271356,2.7577548881926903,0.0058199820025552,0.0402718722051302,Upregulated
ENSG00000148848,ADAM12,2902.024864108296,1.2806267123461308,0.4643593813316831,2.757835340105691,0.0058185498890121,0.0402718722051302,Upregulated
ENSG00000109943,CRTAM,180.8004147097124,1.8580276039982968,0.6737720842273205,2.7576500236412675,0.0058218491592014,0.0402738511499237,Upregulated
ENSG00000178789,CD300LB,63.000803213881184,1.5582413616040642,0.5651281168579184,2.757324074172422,0.005827656272692,0.0403030770898012,Upregulated
ENSG00000102245,CD40LG,176.50039869037585,1.9563077405289715,0.7095487055759088,2.7571155089926127,0.0058313748076981,0.0403090657999828,Upregulated
ENSG00000134321,RSAD2,1023.5429450189212,2.0010062053178976,0.7259690702198663,2.756324322070463,0.005845500435528,0.0403547986565906,Upregulated
ENSG00000198901,PRC1,9.542689532028438,2.495582114469171,0.9053828190278724,2.756383335337341,0.0058444457657463,0.0403547986565906,Upregulated
ENSG00000253368,TRNP1,436.9691321768402,-1.428302930871585,0.5181636732655346,-2.756470599087418,0.0058428865250349,0.0403547986565906,Downregulated
ENSG00000177173,NAP1L4P1,12.811371695120046,2.388853641037279,0.8667181819028014,2.7562057551311163,0.0058476199517379,0.0403547986565906,Upregulated
ENSG00000069482,GAL,306.6649030366119,2.5367377586506232,0.9203766894430268,2.7561951402590936,0.0058478097381915,0.0403547986565906,Upregulated
ENSG00000196569,LAMA2,2462.0496848500743,-1.562064429382994,0.5667700952739508,-2.756081244244129,0.0058498464683659,0.0403579196629871,Downregulated
ENSG00000235532,LINC00402,45.546967984918055,2.990388014219815,1.0853979556924256,2.7551074686814827,0.0058672860011421,0.0404453698877107,Upregulated
ENSG00000213430,HSPD1P1,116.9622273689641,1.1130300893240428,0.4041140454381514,2.7542474751583192,0.0058827267450074,0.040530870077423,Upregulated
ENSG00000285571,,6.087093401513764,-3.207218573144875,1.1648463645616371,-2.753340415284583,0.0058990522202741,0.0406093943520546,Downregulated
ENSG00000143543,JTB,371.26680119748,1.0492537087499074,0.3810807522577686,2.7533631718040086,0.0058986421442572,0.0406093943520546,Upregulated
ENSG00000138709,LARP1B,1063.885704588282,1.034966204821332,0.3759265942680949,2.75310717731036,0.0059032566863299,0.0406163833218556,Upregulated
ENSG00000206384,COL6A6,673.3477506287475,-1.7059057186126585,0.6196124007815874,-2.7531820158228046,0.0059019073151533,0.0406163833218556,Downregulated
ENSG00000100583,SAMD15,63.78931553293273,-1.3458057290383183,0.4888861228218173,-2.752800020729612,0.0059087977671001,0.0406325561354774,Downregulated
ENSG00000072818,ACAP1,1468.9979847994018,1.656381558414829,0.6016978199938996,2.7528462018220745,0.0059079643644939,0.0406325561354774,Upregulated
ENSG00000225731,PDE9A-AS1,29.3967888820416,-2.484918622425425,0.9027877037420534,-2.7524949798556646,0.0059143053195499,0.0406594523061423,Downregulated
ENSG00000116221,MRPL37,2892.6066783835718,1.112045563039897,0.4040466728858799,2.7522700659732604,0.00591836913163,0.0406764112659871,Upregulated
ENSG00000261889,,51.02651736916338,-1.937364690300632,0.7039774938853971,-2.752026459834556,0.0059227735198584,0.0406957011935026,Downregulated
ENSG00000185031,SLC2A3P2,4.942668744886614,-5.63937207866383,2.0504464343665543,-2.7503142652960864,0.0059538133570552,0.0408869183115543,Downregulated
ENSG00000143839,REN,15.33071718309895,4.104591767210637,1.4926501872260949,2.749868524009977,0.0059619180726943,0.0409205107059005,Upregulated
ENSG00000213585,VDAC1,6365.751098476325,1.1111718473262524,0.404104689801502,2.7497128228629686,0.005964751459439,0.0409289289933651,Upregulated
ENSG00000167895,TMC8,1401.7499927491915,1.6883294974336234,0.6141048236108992,2.749252949205557,0.0059731271407822,0.0409643299415359,Upregulated
ENSG00000294508,,4.951351506165973,-3.551464244654369,1.2917898310830824,-2.749258555222327,0.0059730249745949,0.0409643299415359,Downregulated
ENSG00000279036,,9.23778472137963,-3.4608325084174445,1.2590086641719198,-2.7488551960789858,0.0059803799659498,0.0410030304475664,Downregulated
ENSG00000186086,NBPF6,12.521566957419497,-4.01400948173278,1.4604620467733882,-2.748451759223025,0.0059877445362621,0.041032981154793,Downregulated
ENSG00000308044,LOC124903151,13.555057988835422,-2.6079025470345103,0.9490337487927072,-2.7479555393600044,0.0059968140274693,0.0410825309558022,Downregulated
ENSG00000215784,RUMY4,36.458627327945045,2.5911979493588637,0.9431416450584998,2.747411232379777,0.006006776647809,0.0411286580635331,Upregulated
ENSG00000124571,XPO5,1748.993844198211,1.2528647532811392,0.4561758329333984,2.746451396218653,0.0060243811676863,0.0411717232954488,Upregulated
ENSG00000309050,,11.361700377133054,3.219829325989901,1.1723015717290306,2.7465879118808707,0.00602187447834,0.0411717232954488,Upregulated
ENSG00000224429,LINC00539,74.66909516907283,1.304611563472622,0.4750002812768238,2.7465490335411222,0.0060225882634965,0.0411717232954488,Upregulated
ENSG00000000938,FGR,679.1091196087958,1.129990511811289,0.4113915234743331,2.746752053295016,0.0060188617713835,0.0411717232954488,Upregulated
ENSG00000262185,TRIDDENT,22.73589557450135,-1.59917067380985,0.5822541322393319,-2.7465166587302487,0.0060231827055661,0.0411717232954488,Downregulated
ENSG00000172296,SPTLC3,399.4469434251723,-1.1195105404190828,0.4076882451976811,-2.7459966128683724,0.0060327386457493,0.0412067272850315,Downregulated
ENSG00000211598,IGKV4-1,11180.397684065592,2.409513643906987,0.8777333090917585,2.745154614674758,0.0060482394821517,0.0412914095736217,Upregulated
ENSG00000131746,TNS4,1414.8586040399273,-1.4557759958135037,0.5303089262521169,-2.7451470713532844,0.0060483785135716,0.0412914095736217,Downregulated
ENSG00000185507,IRF7,1996.2466292236547,1.3673930531966452,0.4983421799507989,2.743883837670829,0.0060717019023807,0.0414297594303951,Upregulated
ENSG00000090339,ICAM1,1535.6917194555049,1.3131154727566683,0.4785627242322731,2.743873281946925,0.0060718971361024,0.0414297594303951,Upregulated
ENSG00000233725,NRAD1,27.182764120600066,-2.136478936577121,0.778704299244011,-2.7436331591481866,0.0060763398625346,0.0414489696407662,Downregulated
ENSG00000156709,AIFM1,1375.1012214707623,1.017143211449905,0.3707825416666443,2.7432338288580413,0.0060837347131265,0.0414771967018324,Upregulated
ENSG00000255435,TTC36-AS1,16.236053392568962,-1.7869321896487194,0.6515977647825983,-2.7423853890059284,0.0060994731473803,0.0415622473346509,Downregulated
ENSG00000189238,LINC00943,12.246766303900635,2.620255197752201,0.955586133238066,2.742039787531549,0.0061058945080864,0.041594875371883,Upregulated
ENSG00000173269,MMRN2,3607.8050018869626,-1.2309856025346313,0.4489618476733155,-2.74184902105613,0.0061094416037204,0.0416079109861931,Downregulated
ENSG00000287315,LOC101927401,93.91074940824954,-1.4409606355997184,0.5257702137304678,-2.740666165501753,0.0061314769802553,0.0417245124670273,Downregulated
ENSG00000212807,OR2A42,14.774391011826634,-2.2504455193661377,0.8211155229571798,-2.740717300363953,0.006130522912359,0.0417245124670273,Downregulated
ENSG00000146416,AIG1,1478.7098878143831,-1.031696346836482,0.3764884181495656,-2.740313638085476,0.0061380580323545,0.0417358452061137,Downregulated
ENSG00000241839,PLEKHO2,2235.2635496580247,1.0459735161518766,0.3817420562349884,2.7400007388968644,0.0061439046249113,0.0417507123575526,Upregulated
ENSG00000004799,PDK4,3680.06431841151,-1.432309434339093,0.5227533599953509,-2.7399334828796342,0.0061451619735567,0.0417507123575526,Downregulated
ENSG00000232653,GOLGA8N,147.30803136063676,-1.4481211571108763,0.5286072781300061,-2.739502872971651,0.0061532177019884,0.0417869342091336,Downregulated
ENSG00000232046,LINC01799,13.65133449024336,-3.142444314836164,1.14709806120005,-2.739473128869784,0.0061537744972109,0.0417869342091336,Downregulated
ENSG00000233907,LINC01761,10.508930144704822,-3.3214535704101205,1.2125178750756327,-2.739302767147197,0.0061569644606219,0.0417925545619072,Downregulated
ENSG00000108691,CCL2,1833.9436208197544,1.0450281763169975,0.38150105687178,2.7392536861784498,0.0061578837607804,0.0417925545619072,Upregulated
ENSG00000091704,CPA1,21.375218428789104,-3.0731908550609037,1.121952307743266,-2.7391457139942306,0.0061599065448048,0.0417951464045619,Downregulated
ENSG00000162889,MAPKAPK2,6804.317064005145,1.130940711293616,0.4129182696799815,2.738897245137915,0.0061645637095645,0.041804473441512,Upregulated
ENSG00000211935,IGHV1-3,967.3594830892888,3.903167068010717,1.4252641907996475,2.7385568887553657,0.0061709483103118,0.0418366314644537,Upregulated
ENSG00000291049,FAM86B3P,74.41570040992238,-1.4409302408547806,0.5262062211259426,-2.738337524348476,0.006175066428935,0.0418512767389092,Downregulated
ENSG00000182732,RGS6,123.66497305705856,-2.002207699710754,0.7312688220718822,-2.7379913368082054,0.006181570427213,0.041875207540304,Downregulated
ENSG00000134256,CD101,135.55401667772185,1.6429264880283878,0.6002226041573357,2.7371952949604834,0.0061965494687653,0.0419655175535554,Upregulated
ENSG00000189134,NKAPL,51.45071593224893,-1.7448126305738032,0.6375082412937192,-2.736925607476054,0.0062016315584576,0.0419866757064612,Downregulated
ENSG00000294538,,9.099135954873908,-2.4791930184401627,0.9063163664145788,-2.735460938709451,0.0062292979067435,0.0421312923480257,Downregulated
ENSG00000121797,CCRL2,201.46136677917303,1.2566558937535124,0.4595484899266102,2.734544713560477,0.00624666106769,0.0422375110313602,Upregulated
ENSG00000306205,,7.251836876054759,2.6690726835177605,0.9762147296281676,2.73410408848716,0.0062550267514752,0.0422828520134887,Upregulated
ENSG00000173950,XXYLT1,762.8401041502925,1.375345716793754,0.5031443503814736,2.7335012621149284,0.0062664883183442,0.0423490909940426,Upregulated
ENSG00000042832,TG,32.504810969366375,1.5419341236007282,0.5643235857092803,2.732358105611908,0.0062882751394066,0.0424625281219055,Upregulated
ENSG00000271936,,41.6518534929442,2.612363564836018,0.9562866138243258,2.731778869505248,0.0062993405026969,0.0425147063975078,Upregulated
ENSG00000273604,EPOP,341.4707351652865,1.0095507410885995,0.3695949411363798,2.7315058425436547,0.006304562313493,0.0425274117285436,Upregulated
ENSG00000122224,LY9,374.1978219186819,2.063935167243705,0.7555912474485911,2.731549861400599,0.0063037201620721,0.0425274117285436,Upregulated
ENSG00000265666,RARA-AS1,75.88561145270205,-1.0820583628180551,0.3962723599665486,-2.730592572516028,0.0063220574963956,0.0426228497857842,Downregulated
ENSG00000246228,CASC8,53.81134241906986,-1.7318046401858456,0.6342546036618827,-2.7304565551235007,0.0063246668674561,0.0426291584495831,Downregulated
ENSG00000196230,TUBB,16614.07223673455,1.1205534657935288,0.4104515500597355,2.730050515415151,0.0063324621400083,0.0426704082455429,Upregulated
ENSG00000205517,RGL3,255.09004264622877,-1.4607074867632888,0.5351071197858099,-2.729747807033428,0.0063382792516803,0.0426983101876621,Downregulated
ENSG00000150637,CD226,329.4830494926658,1.738788818445586,0.6370520629589825,2.7294296958544506,0.0063443975391959,0.0427282257326441,Upregulated
ENSG00000115687,PASK,943.4881214330214,1.393578807382031,0.5108153930843647,2.728145678945645,0.0063691473197321,0.0428043671189701,Upregulated
ENSG00000125869,LAMP5,315.2328706830612,1.9408793180591437,0.7114147110440836,2.728196771768576,0.0063681608340165,0.0428043671189701,Upregulated
ENSG00000255794,RMST,7.374764656390151,-3.041574770171965,1.1148553697219077,-2.728223635798304,0.0063676422061138,0.0428043671189701,Downregulated
ENSG00000282556,LOC101927825,38.050660109236574,-1.516828420050839,0.55615781396441,-2.727334547794208,0.0063848268415416,0.0428984237617801,Downregulated
ENSG00000290021,,114.45315967517944,-1.556474591799241,0.5707441859197612,-2.72709671022047,0.0063894309272023,0.0429095964203755,Downregulated
ENSG00000186439,TRDN,63.35147289596414,-3.4663380480296087,1.2712708590924868,-2.7266715218376825,0.0063976692149856,0.0429280907731556,Downregulated
ENSG00000294563,LOC124902948,5.751271853368828,3.45343825524094,1.2666777133056997,2.7263748457595924,0.0064034231572582,0.0429440735225182,Upregulated
ENSG00000166482,MFAP4,7886.173263792007,-2.0075045943227323,0.7363686281449292,-2.726222326146712,0.0064063830406134,0.0429512519224488,Downregulated
ENSG00000226194,LINC02519,14.28956006652474,-2.228164191499441,0.8173312246979182,-2.726145929788698,0.0064078660949827,0.0429512519224488,Downregulated
ENSG00000196096,SPAG16-DT,6.86621382673135,-3.142696858821789,1.1529612678311074,-2.725761000396546,0.0064153432880307,0.0429900575873271,Downregulated
ENSG00000120436,GPR31,12.197793240135644,2.3319230364207693,0.8556994621237352,2.725165948606814,0.0064269175242231,0.0430562904417377,Upregulated
ENSG00000101251,SEL1L2,9.035418910659658,-5.117259910438926,1.878006906907102,-2.7248355113169227,0.006433352905473,0.0430880704326329,Downregulated
ENSG00000289516,LOC124903064,39.80675285550812,-1.6770140695594256,0.6154868542215324,-2.724695187325345,0.0064360875173679,0.043095053931356,Downregulated
ENSG00000163491,NEK10,448.7954590190289,-2.2208804742971804,0.8152353264715791,-2.724220114343395,0.006445353430394,0.0431457548556021,Downregulated
ENSG00000297011,,24.447455563627287,2.476684486610176,0.9091878483769792,2.724062459734131,0.0064484310067844,0.0431550147592768,Upregulated
ENSG00000305992,,38.88144677936364,-1.531824320605138,0.5623835924525766,-2.723806919623655,0.0064534222147288,0.04317707308415,Downregulated
ENSG00000130518,IQCN,296.1661389628492,-1.4223877000310512,0.5226295713304816,-2.7215981989117357,0.0064967079915574,0.043432453872168,Downregulated
ENSG00000172830,SSH3,1900.695095199416,-1.03008562400202,0.3785444074746213,-2.7211751214976805,0.0065050290643856,0.0434766715557508,Downregulated
ENSG00000186766,FOXI2,29.79425776265237,-1.8518966837089956,0.6807379156792277,-2.7204253517467247,0.0065197990628739,0.0435639564350637,Downregulated
ENSG00000101230,ISM1,1258.5393533282663,-1.9077582704671303,0.7013642368195406,-2.720067791192484,0.0065268534005931,0.043598788259236,Downregulated
ENSG00000242540,,6.867799920225268,4.9840596538058906,1.8323831911948227,2.7199876520128887,0.0065284354136361,0.043598788259236,Upregulated
ENSG00000302989,LINC02996,152.12027584117257,-5.004944442613914,1.8404161234627712,-2.7194634837240144,0.006538791433014,0.0436565023827786,Downregulated
ENSG00000242866,STRC,8.938647289481148,-2.9217470857802104,1.0744801119058631,-2.719219326077381,0.0065436203100092,0.0436772937411543,Downregulated
ENSG00000187775,DNAH17,121.76109885060252,2.776105264364153,1.0212841449815986,2.7182496448274667,0.006562830055074,0.0437940383371208,Upregulated
ENSG00000185610,DBX2,30.58720363007722,-1.985694114537444,0.730679250359526,-2.717600251492561,0.006575723117159,0.0438570944009314,Downregulated
ENSG00000165181,SHOC1,55.19844350786864,3.181323324833526,1.1708228369702205,2.717168835778732,0.0065843010373004,0.0438913194768593,Upregulated
ENSG00000218713,,10.568005114816144,-4.262012801119541,1.5688259163358438,-2.7166894406448328,0.0065938447435806,0.0439434378502726,Downregulated
ENSG00000188316,ENO4,17.653538090556154,-2.003299678055538,0.737434619372664,-2.716579375890633,0.0065960376466394,0.0439465537267989,Downregulated
ENSG00000111913,RIPOR2,901.468772505776,1.585199023288889,0.5836326658850679,2.7160903012256257,0.0066057897832479,0.0439913550322028,Upregulated
ENSG00000298390,,6.060922741094682,-2.5453534812295837,0.9371682971204448,-2.716004680323127,0.0066074983948372,0.0439913550322028,Downregulated
ENSG00000214944,ARHGEF28,999.5762372304806,-1.159972017904842,0.4272917417785626,-2.7147073170114755,0.0066334366589306,0.0441149517335829,Downregulated
ENSG00000142178,SIK1,195.5870530575615,2.915307711651504,1.074096964019403,2.7141941643164724,0.0066437213939342,0.0441718161380574,Upregulated
ENSG00000267254,ZNF790-AS1,221.2199345642729,-1.0284961853090666,0.3790356949468386,-2.713454693108304,0.0066585672774818,0.0442589684563516,Downregulated
ENSG00000299363,,13.13584647814939,-2.4251925759036297,0.8939766545753091,-2.712814214433527,0.0066714498483212,0.0443330287207385,Downregulated
ENSG00000187987,ZSCAN23,459.4865634949224,-1.022299088971403,0.3768826015560331,-2.712513352302925,0.0066775091126359,0.0443617200333722,Downregulated
ENSG00000301123,,5.164198004177576,-3.6276781224319032,1.3379295029322058,-2.711412009737049,0.0066997320152393,0.0444977507588424,Downregulated
ENSG00000263740,RN7SL4P,27.79896696239354,1.432098729431663,0.528281205171768,2.7108644324494247,0.006710805761622,0.0445364600193528,Upregulated
ENSG00000254153,LINC02950,19.934777276709365,-2.3903267070522074,0.8817265705706971,-2.710961410071911,0.0067088433689645,0.0445364600193528,Downregulated
ENSG00000223865,HLA-DPB1,8695.99802272032,1.4711125573492074,0.5426562780680045,2.7109472732661373,0.0067091294024654,0.0445364600193528,Upregulated
ENSG00000167207,NOD2,310.73474130741334,1.4500774811347474,0.5349533001336816,2.710661810614837,0.0067149075852642,0.0445520737442735,Upregulated
ENSG00000308356,,7.77993033215521,3.843085859332089,1.4180696795033871,2.710082526183023,0.0067266469029515,0.0446067230578178,Upregulated
ENSG00000151468,CCDC3,2209.250363540856,-1.2625826976553818,0.4659921852075545,-2.709450367913409,0.0067394787668364,0.0446801831520278,Downregulated
ENSG00000263400,TMEM220-AS1,66.8389880018605,-1.4654520804329825,0.5409977915543843,-2.708794940220502,0.0067528061922364,0.0447452462337291,Downregulated
ENSG00000171016,PYGO1,271.5982662466647,-1.2434767510215683,0.4591442445589565,-2.7082485858360785,0.006763933825264,0.0448073233974771,Downregulated
ENSG00000133142,TCEAL4,3752.7196175531176,-1.3153670621657123,0.4857452011390754,-2.70793629886856,0.0067703015923214,0.044837844996885,Downregulated
ENSG00000290538,,4.92249590772739,-4.010576015017935,1.4814043864238402,-2.7072796947088835,0.0067837078229232,0.0449032801345315,Downregulated
ENSG00000289120,,4.387895021117298,4.896284403602494,1.8088563167361311,2.706839873515916,0.0067927012197818,0.0449511282850253,Upregulated
ENSG00000129744,ART1,12.516574600915444,3.38974413589838,1.2525286332692638,2.706320674722385,0.0068033315065576,0.0449707292686819,Upregulated
ENSG00000188620,HMX3,22.43218640214745,4.12806255982774,1.5253712841141371,2.706267387369313,0.006804423378915,0.0449707292686819,Upregulated
ENSG00000160401,CFAP157,96.4917711054706,1.5018140875729673,0.5550662372961441,2.7056484193465824,0.0068171177449113,0.045030810705559,Upregulated
ENSG00000153086,ACMSD,22.32188344553948,-1.9132704625470869,0.7076529159525844,-2.70368484240837,0.0068575295491849,0.0452686546916551,Downregulated
ENSG00000137691,CFAP300,71.72563760950436,-1.3188716005059888,0.4879076952903712,-2.7031170306118684,0.0068692555707775,0.0453281887676878,Downregulated
ENSG00000291225,,11.890367333161732,-2.3165109551857226,0.8572230636137657,-2.7023432447326923,0.0068852642159489,0.0453914339828837,Downregulated
ENSG00000152455,SUV39H2,441.8926929702605,1.3123507946715889,0.4856404932266284,2.7023092451624886,0.0068859683918912,0.0453914339828837,Upregulated
ENSG00000260025,CRIM1-DT,254.7136728222944,-1.6044191130916872,0.5937830941924298,-2.7020289543166687,0.0068917760507846,0.045417963205572,Downregulated
ENSG00000301622,,15.174393736405412,-1.7954369681785158,0.664639066990815,-2.701371401936155,0.0069054178869782,0.0454960938952982,Downregulated
ENSG00000099812,MISP,517.4057362195865,2.5093678507188635,0.9289691959922776,2.7012390309007874,0.0069081670391674,0.0455024366833806,Upregulated
ENSG00000134853,PDGFRA,3790.977191094383,-1.001267336473347,0.3707935896499984,-2.7003361558069794,0.0069269446691951,0.0456143246300591,Downregulated
ENSG00000183508,TENT5C,2814.0749119980314,1.807847163650549,0.6696032028877704,2.699878309801865,0.0069364842740251,0.0456535377115491,Upregulated
ENSG00000232434,AJM1,187.4757875673393,1.2803219731088888,0.4742129340129102,2.699888343986064,0.0069362750769773,0.0456535377115491,Upregulated
ENSG00000230074,,213.4593726989713,-1.078865835320145,0.3996149783228225,-2.699763256743095,0.0069388833554453,0.0456575298234432,Downregulated
ENSG00000135636,DYSF,1538.5753000956438,1.2284442323212148,0.4552516076786421,2.6983852700381066,0.0069676750513363,0.0458114742469249,Upregulated
ENSG00000183160,TMEM119,2415.899480763936,1.1738955229743908,0.4350898455181199,2.698053137913333,0.0069746306583286,0.0458453722576229,Upregulated
ENSG00000141194,OR4D1,4.493896073692029,3.231454643148155,1.1980132140926172,2.697344741389751,0.0069894869430992,0.045895648859933,Upregulated
ENSG00000144583,MARCHF4,5.34919052185936,5.976299150457036,2.2154890566646324,2.6975078628707903,0.006986063490642,0.045895648859933,Upregulated
ENSG00000100092,SH3BP1,318.4145603006203,1.1527690364673333,0.4273997685035203,2.697168134890645,0.0069931951060695,0.0459081630274992,Upregulated
ENSG00000137496,IL18BP,858.9808671221609,1.299856025101607,0.481949788892322,2.6970776936931555,0.0069950947615242,0.045908801512699,Upregulated
ENSG00000172322,CLEC12A,200.28734280949328,2.120195560358326,0.7861461696421622,2.6969482803985367,0.0069978138052385,0.0459148159281894,Upregulated
ENSG00000263503,MAPK8IP1P2,7.940269046243272,-2.340160645203045,0.8677625637073408,-2.696775296695423,0.0070014497692932,0.0459150172692246,Downregulated
ENSG00000103852,TTC23,822.1788140845972,-1.0324713949592723,0.3828430858050309,-2.696852661680496,0.0069998234162379,0.0459150172692246,Downregulated
ENSG00000290546,,12.401590333769894,-3.763350458524045,1.395806928058084,-2.6961826760380143,0.0070139189963136,0.0459731165092912,Downregulated
ENSG00000099622,CIRBP,13878.841092562754,-1.1494730749563278,0.4263535399763828,-2.696056129896332,0.0070165842139849,0.0459787539270415,Downregulated
ENSG00000184160,ADRA2C,306.8891276533493,-1.3857576751049532,0.514046986306441,-2.6957801757811604,0.0070223993020269,0.0460050238225125,Downregulated
ENSG00000282828,,4.325516166219731,-5.438474228862515,2.0177895031822417,-2.695263415874418,0.0070333004511826,0.0460598000904437,Downregulated
ENSG00000249574,LOC442497,19.03532163320245,-2.4873887747314245,0.9229978961124956,-2.6949018900344925,0.0070409359399028,0.0460908967682511,Downregulated
ENSG00000119514,GALNT12,184.39519246515928,1.317713489105663,0.4890844353960311,2.694245397604317,0.0070548202073653,0.0461699191936802,Upregulated
ENSG00000117308,GALE,1330.9073112414933,1.636993206306302,0.6076554401501029,2.693949725689829,0.0070610814475428,0.0461990253147609,Upregulated
ENSG00000159189,C1QC,7469.447886232257,1.5261481089731437,0.5666450181318369,2.693305438393648,0.0070747423609459,0.0462765184066906,Upregulated
ENSG00000137310,TCF19,693.841022976549,1.1748035615740824,0.4364033665723168,2.692013058472601,0.0071022164368569,0.0464443016336797,Upregulated
ENSG00000162851,TFB2M,837.8369645751619,1.058187312528848,0.393104100512505,2.691875539200045,0.0071051455235617,0.0464515301926694,Upregulated
ENSG00000073861,TBX21,201.6581699327849,1.7372331590822228,0.6454190981844703,2.691635813022837,0.0071102541557561,0.0464730006675043,Upregulated
ENSG00000211679,IGLC3,31548.657826260805,2.0731688904084784,0.7703089355255691,2.69134732157039,0.0071164063616444,0.0465012792297193,Upregulated
ENSG00000153956,CACNA2D1,685.5182631476482,-1.0497286465086728,0.3900936966594557,-2.690965415483413,0.00712455802597,0.0465426051499057,Downregulated
ENSG00000246465,LOC124903670,29.91781339676246,3.328045400957115,1.2368273779084695,2.690792151274165,0.007128259059053,0.0465548426905489,Upregulated
ENSG00000143867,OSR1,721.2315025262262,-1.231172769341049,0.4575882458059903,-2.6905690446057595,0.0071330273007072,0.0465740421369685,Downregulated
ENSG00000254366,,24.041119483267423,-2.4193289284782797,0.8992309569341959,-2.6904422160093864,0.0071357391611733,0.0465798083480898,Downregulated
ENSG00000151917,BEND6,98.47638963191032,1.20604232567872,0.448518177794596,2.688948598714411,0.0071677455235155,0.046740820847277,Upregulated
ENSG00000267108,,9.741691893559365,-2.1920613663205373,0.8151870849851938,-2.689028576011299,0.007166028449578,0.046740820847277,Downregulated
ENSG00000180061,TMEM150B,88.05314924622797,1.473826480726143,0.5480855678853811,2.6890444979466386,0.0071656866573891,0.046740820847277,Upregulated
ENSG00000250903,GMDS-DT,360.5363672509396,-1.0623177278721214,0.3950991049155964,-2.6887373690686047,0.007172282297908,0.0467584341975981,Downregulated
ENSG00000240038,AMY2B,607.8492780098134,-1.2992412000302913,0.4832636982171467,-2.6884725768218125,0.0071779731264966,0.0467835602622812,Downregulated
ENSG00000134326,CMPK2,793.7873317053754,1.8560616483425696,0.6906191333447368,2.687532908845834,0.0071982008901591,0.046903395976783,Upregulated
ENSG00000259363,,189.6550681026629,-1.508676855244474,0.5614588313475621,-2.6870658559657628,0.0072082739266881,0.0469570192293286,Downregulated
ENSG00000277135,,9.58137017182902,-3.220372871955365,1.1987044787871357,-2.6865444560729257,0.0072195340214736,0.0470063269583216,Downregulated
ENSG00000204815,ODAD4,70.04187102932605,-1.2475431244873694,0.4643828340957893,-2.6864540049515178,0.0072214889999846,0.0470070396929742,Downregulated
ENSG00000143184,XCL1,65.43231405317744,2.00751995531924,0.7473209054467327,2.6862890368618646,0.0072250557853754,0.0470182411623142,Upregulated
ENSG00000238099,LINC01625,10.707730528828131,-2.3881460482254977,0.8892305799683067,-2.6856319407173497,0.0072392785984773,0.0470987650528266,Downregulated
ENSG00000136327,NKX2-8,22.606818784671784,-2.60458443770666,0.9699654996616728,-2.6852341022594595,0.0072479019987498,0.0471428273263935,Downregulated
ENSG00000267069,,6.481091816721185,-4.409946265742904,1.6425895844824376,-2.684752361395516,0.0072583563755442,0.0471507020727355,Downregulated
ENSG00000122986,HVCN1,361.7297915558125,1.3122231690452824,0.4887818652309901,2.684680554637901,0.0072599158299302,0.0471507020727355,Upregulated
ENSG00000228668,TRGV5P,14.79810098660587,2.289054925484942,0.8526403063283908,2.684666568651896,0.0072602196038345,0.0471507020727355,Upregulated
ENSG00000233532,LINC00460,11.721719667896968,2.1642438001286743,0.8062547031595972,2.684317736873114,0.0072677998783629,0.0471878997455477,Upregulated
ENSG00000138074,SLC5A6,3648.758971287549,1.4694128389953371,0.5475331802259267,2.683696426194699,0.0072813188361977,0.0472515852424948,Upregulated
ENSG00000137976,DNASE2B,11.759830752445405,3.7874986897413474,1.4112832571550868,2.6837267930013686,0.0072806575676377,0.0472515852424948,Upregulated
ENSG00000077984,CST7,611.4099230541817,1.8637638344247431,0.6945356295599054,2.683467564660034,0.007286304266237,0.0472718940309027,Upregulated
ENSG00000114812,VIPR1,623.1094089669524,-1.6265117487874947,0.6062396460710321,-2.682951798564687,0.0072975507438374,0.0473207522902965,Downregulated
ENSG00000251442,LOC101928893,98.57459154433164,1.3085745754996916,0.4878015326273193,2.682596277325441,0.0073053120869663,0.0473590237126798,Upregulated
ENSG00000169435,RASSF6,713.8962023799472,-1.4809728416806,0.5522435169973592,-2.681738754911779,0.0073240630452946,0.0474564258017553,Downregulated
ENSG00000260947,,27.706449156177648,-2.690268990957688,1.0033318579958082,-2.6813351629555524,0.0073329030978033,0.0474895435555932,Downregulated
ENSG00000189367,KIAA0408,5.780129975876251,-3.411549820827206,1.2723257603983138,-2.6813493265743418,0.0073325927038122,0.0474895435555932,Downregulated
ENSG00000285714,LOC124903185,8.25558374500408,5.031541963867733,1.8766889275208871,2.681074039539636,0.0073386276982815,0.0475024615255219,Upregulated
ENSG00000310430,,33.7542356648539,2.464726265376372,0.9193829252733876,2.6808484230261964,0.007343577110439,0.0475224218953234,Upregulated
ENSG00000260855,,40.23669810313034,-1.690554270473125,0.6307324498018877,-2.68030330610725,0.0073555478528816,0.0475406923074068,Downregulated
ENSG00000226508,ROSSALIND,11.12889812238095,-2.3087375863887987,0.8613168331607739,-2.6804742430452984,0.0073517922028973,0.0475406923074068,Downregulated
ENSG00000281392,LINC00506,38.86730498345158,-1.2745768219144469,0.475534312872891,-2.680304632938523,0.0073555186944873,0.0475406923074068,Downregulated
ENSG00000162654,GBP4,3214.0628077070564,1.7749042802134578,0.6622048508638148,2.680294893488291,0.0073557327306933,0.0475406923074068,Upregulated
ENSG00000276728,,10.656745713635496,-1.8082867752270564,0.6746124630437571,-2.6804823128649584,0.0073516149436806,0.0475406923074068,Downregulated
ENSG00000246523,FZD4-DT,31.31826659406165,-1.565451782330456,0.584163112590775,-2.6798196404213988,0.0073661837829005,0.0475961611198023,Downregulated
ENSG00000277972,CISD3,48.8619323423095,1.2653672702620424,0.4722389033858165,2.679506625120727,0.007373074419623,0.0476286022171489,Upregulated
ENSG00000103546,SLC6A2,26.681663063321643,-2.632205632492272,0.9831134512033908,-2.677417981892417,0.007419201470972,0.0478901370165052,Downregulated
ENSG00000134851,TMEM165,4974.739534483817,1.060427415723792,0.3961335928826281,2.676943926939289,0.0074297068038735,0.0479457973147865,Upregulated
ENSG00000232721,,11.61080689887864,-2.5116302819801044,0.9386007138263774,-2.675930504826684,0.007452209585712,0.0480666574721883,Downregulated
ENSG00000211790,TRAV8-4,21.91063342671427,2.652047472571573,0.991048676001414,2.6760012265712256,0.0074506372455199,0.0480666574721883,Upregulated
ENSG00000253978,TENM2-AS1,9.61593273992391,-2.7589546691443942,1.0311424952592418,-2.6756289085445557,0.0074589182472627,0.0480855749622951,Downregulated
ENSG00000299260,LOC105370974,4.393187807005516,-5.472989295589668,2.045586744571516,-2.6755107355450147,0.0074615483459343,0.0480903587852462,Downregulated
ENSG00000141337,ARSG,395.8934472209171,-1.0931996692517152,0.4086415022405072,-2.6752047045096976,0.0074683633436212,0.0481210920908659,Downregulated
ENSG00000230303,,24.50647483432097,-2.276745774996149,0.851079519449638,-2.6751269687096197,0.0074700953290912,0.0481210920908659,Downregulated
ENSG00000295427,,12.24277866407458,2.1303084324855006,0.7963964109965687,2.6749347474076943,0.0074743796451804,0.0481340927836586,Upregulated
ENSG00000188536,HBA2,11.578991659782158,-2.85317864755832,1.066661925424899,-2.6748668716395514,0.0074758930176339,0.0481340927836586,Downregulated
ENSG00000166510,CCDC68,130.06345745844015,-1.7634332149001677,0.6593659446777014,-2.674437812771989,0.0074854657650316,0.0481740046660198,Downregulated
ENSG00000172733,PURG,30.35528812497966,-1.5789971583004208,0.5904375932766556,-2.674282898447771,0.0074889247639414,0.0481814606371188,Downregulated
ENSG00000066248,NGEF,407.0903354174709,1.791816642096029,0.6700629831703725,2.6741018189336923,0.0074929698082697,0.0481953116127368,Upregulated
ENSG00000309594,,4.10394601307271,-3.872233136293627,1.4484734327245568,-2.6733200960476124,0.0075104548188203,0.0482799456784395,Downregulated
ENSG00000141431,ASXL3,37.65976401499,-2.740664167073463,1.0252144583390144,-2.6732593798118183,0.0075118144055457,0.0482799456784395,Downregulated
ENSG00000224126,UBE2SP2,12.358206099374414,2.8092505699886803,1.05110524607252,2.6726634468674884,0.0075251705365529,0.0483292029088606,Upregulated
ENSG00000213300,HNRNPA3P6,57.36996636343583,1.1042586015707745,0.4131948788573769,2.67248859575516,0.0075290933620548,0.0483422074678342,Upregulated
ENSG00000283247,CCDC201,4.402204032733991,-5.477932386243596,2.049934990544708,-2.6722468817355045,0.0075345192919129,0.0483549630937515,Downregulated
ENSG00000240065,PSMB9,3471.4598739805547,1.6967247483090375,0.6352406750030514,2.670995128422605,0.0075626744380316,0.0485089097484522,Upregulated
ENSG00000285567,,8.786940305545235,-3.1028916564175555,1.1620320060371545,-2.6702290817266388,0.0075799512873922,0.0485463764750232,Downregulated
ENSG00000260941,LINC00622,31.215022627594116,-1.7200354332069052,0.6441174221837057,-2.670375577446098,0.0075766445976984,0.0485463764750232,Downregulated
ENSG00000139985,ADAM21,11.305808533449804,2.695282263867441,1.0093234968564722,2.6703849382897262,0.0075764333494481,0.0485463764750232,Upregulated
ENSG00000214575,CPEB1,66.72450933423964,-2.0515052131404974,0.7682045591261298,-2.670519445333916,0.0075733984819415,0.0485463764750232,Downregulated
ENSG00000150893,FREM2,32.0162377907828,-1.9810749278518132,0.7418457999817201,-2.6704672694792224,0.0075745755905458,0.0485463764750232,Downregulated
ENSG00000214128,TMEM213,77.9738649066671,-2.848705061878512,1.0672192620923064,-2.669278154044525,0.0076014470258394,0.048664315668406,Downregulated
ENSG00000152213,ARL11,228.7769859537609,1.258215847153909,0.4713900067153408,2.669161053967167,0.0076040978508992,0.048664315668406,Upregulated
ENSG00000186462,NAP1L2,292.5303425547943,-1.909456836083172,0.7155287930099032,-2.668595386708281,0.0076169146824882,0.0487218568251275,Downregulated
ENSG00000205704,SMIM45,14.17971907679329,2.785422164414232,1.044087080701564,2.667806369697244,0.0076348244945713,0.0488119012804284,Upregulated
ENSG00000211637,IGLV4-69,1508.5581985367533,2.737208818767139,1.026071108418993,2.6676599665541,0.0076381518326066,0.0488209197812608,Upregulated
ENSG00000086967,MYBPC2,28.28493454775545,2.6346356337726937,0.9876814816240876,2.6674952226910724,0.0076418975586382,0.0488326073045845,Upregulated
ENSG00000268621,IGFL2-AS1,6.359745347604843,5.4617674243841945,2.047964039739345,2.6669254529876123,0.0076548649193659,0.0488909389070138,Upregulated
ENSG00000106633,GCK,25.07189552300429,-1.6206929058104822,0.6077546241841184,-2.666689550879493,0.0076602395747545,0.0489130013057343,Downregulated
ENSG00000131409,LRRC4B,177.7631037767557,-1.8920088771895345,0.709577387819427,-2.666388345609193,0.0076671069754764,0.0489445818978346,Downregulated
ENSG00000276368,H2AC14,5.200149117890758,3.4636001107745726,1.2992781036305143,2.6657881027136456,0.0076808088127136,0.049007485287733,Upregulated
ENSG00000290615,RAB6C-AS1,93.28363989946511,-2.632801184918556,0.9877323876590248,-2.6655005118931308,0.0076873814659338,0.0490371383217634,Downregulated
ENSG00000211778,TRAV4,27.820084771267457,2.403980214558449,0.9019862927566102,2.66520703680708,0.0076940937953592,0.0490676672662979,Upregulated
ENSG00000272690,LINC02018,63.03523977920122,-1.1655751774240055,0.4373736556801119,-2.664941434599089,0.0077001731470176,0.04909414523847,Downregulated
ENSG00000275993,LOC102724428,723.3870472362809,1.4460856174713397,0.5427456405893055,2.664389189568064,0.0077128272303573,0.049137924558387,Upregulated
ENSG00000278175,GLIDR,75.45641311358759,-1.288118805379879,0.4834781305382408,-2.664275225739493,0.007715440903847,0.0491413944065528,Downregulated
ENSG00000271420,,7.119185016114003,-2.696767983288761,1.0122253594079562,-2.664197214804105,0.0077172304827533,0.0491413944065528,Downregulated
ENSG00000290848,,18.456004315648453,-1.7757849232891625,0.6666374199930084,-2.6637942456152355,0.0077264805624554,0.0491879996016751,Downregulated
ENSG00000253445,,20.319172466424053,-2.212262569754641,0.8306466475908665,-2.6633016291233957,0.0077378019752022,0.0492477646452715,Downregulated
ENSG00000126453,BCL2L12,986.3034448303674,1.3105471428434836,0.4921765199183529,2.6627583596651263,0.0077503047397478,0.0493150167439712,Upregulated
ENSG00000213085,CFAP45,41.64714268020504,1.6955420200680895,0.6368838963191455,2.662246651026085,0.0077620977183067,0.0493777200257222,Upregulated
ENSG00000293636,LOC101929555,10.803881431058066,-1.8217520552291024,0.6844471195622079,-2.661640327150982,0.0077760920373088,0.0494382441179298,Downregulated
ENSG00000112706,IMPG1,32.73335435072017,-1.3794929251925068,0.5182980734326085,-2.6615821973952887,0.0077774348938221,0.0494382441179298,Downregulated
ENSG00000304815,,8.602882160548791,4.269315826681697,1.6044027736467477,2.661000028675905,0.0077908950488343,0.0494990989745223,Upregulated
ENSG00000237594,TIAM1-AS1,15.912662612562965,3.2938267327311515,1.2379503878209557,2.660709803184404,0.0077976130616887,0.0495294270060536,Upregulated
ENSG00000163170,BOLA3,342.89279547412787,1.1473692837931473,0.4312430157046709,2.6606095449877447,0.007799935000484,0.0495318235844747,Upregulated
ENSG00000152128,TMEM163,139.2704665346624,1.0131164871162692,0.3808106505523592,2.6604205676673214,0.0078043133222128,0.0495454715378048,Upregulated
ENSG00000084710,EFR3B,672.4769914742316,2.582832501553939,0.9709813892395298,2.6600226638502384,0.0078135393581047,0.0495811312880631,Upregulated
ENSG00000159399,HK2,4321.700595693045,1.766502368439985,0.664188092271084,2.659641732509409,0.0078223810139678,0.049612516635153,Upregulated
ENSG00000091656,ZFHX4,530.8220660294862,-1.1065233782457635,0.4162021196923141,-2.658620237359155,0.0078461348202074,0.0497507841686591,Downregulated
ENSG00000101307,SIRPB1,97.49889636741594,2.60205366811628,0.9789229077113408,2.6580782282434425,0.0078587648995675,0.0498184670873283,Upregulated
ENSG00000206557,TRIM71,36.96403173222097,3.206990889473884,1.2070131984327928,2.656964226768934,0.0078847809368809,0.0499460968026099,Upregulated
ENSG00000129204,USP6,32.619839236295455,-2.5818902937039123,0.9717970772589702,-2.656820394013055,0.0078881455786018,0.0499479116169596,Downregulated
ENSG00000185686,PRAME,576.7350135698565,5.062106617903611,1.9055778820697,2.65646797516642,0.0078963950563111,0.0499699573861617,Upregulated
ENSG00000102383,ZDHHC15,187.92757117728843,-1.2603457504941895,0.4744419304783809,-2.6564805290784057,0.0078961010596151,0.0499699573861617,Downregulated
