Geneid,baseMean,log2FoldChange,lfcSE,stat,pvalue,padj
ENSG00000060718.24,3001.137932470599,6.765616850433049,0.4879443989795641,13.86554874814006,1.0243966889913451e-43,2.6092408065298552e-39
ENSG00000174827.16,328.80978101374933,-4.732324037531439,0.4145929809031259,-11.414385326116259,3.544005243883494e-30,4.513467878347823e-26
ENSG00000136883.18,818.6006887314718,-3.5045987215091197,0.31493327169661367,-11.128067551037363,9.159976904728773e-29,7.77712572467822e-25
ENSG00000126010.7,374.8852080589942,-3.9422827197534627,0.36112559254975923,-10.916652824073271,9.596758758118828e-28,6.1109760582011164e-24
ENSG00000099953.12,3921.704601838498,4.779076165699541,0.4650551871145334,10.276363533007006,9.006177843836211e-25,4.552613241036505e-21
ENSG00000165474.10,324.356024978497,3.4528862444332638,0.33655447823302564,10.259516564930488,1.0724227335487037e-24,4.552613241036505e-21
ENSG00000294063.1,155.63653068230968,-5.754178578560952,0.566709165954171,-10.153671273116984,3.19127474999185e-24,1.161213702243463e-20
ENSG00000130208.12,2401.546186229676,3.052766225617704,0.3051263975075922,10.004923371278439,1.4500390706764348e-23,4.6167431461499336e-20
ENSG00000123500.11,1535.3065847090643,5.585323829570544,0.5697865270860337,9.80248490278395,1.09849427883998e-22,3.108860864037015e-19
ENSG00000122641.13,1497.659347841308,3.7278229871473503,0.3938414352503469,9.465288955129225,2.9275051957262213e-21,7.456648484034257e-18
ENSG00000196611.7,983.1311608575159,7.460695326461112,0.8009946185794419,9.31428895201893,1.2277209859157635e-20,2.84284374838731e-17
ENSG00000151790.11,513.7627732414863,5.194572531948253,0.5637437164748488,9.21442205055603,3.1295967398913727e-20,6.642829880147764e-17
ENSG00000137745.15,324.0232667757684,7.403143699042538,0.8110815660121815,9.127495937851647,7.010194131358736e-20,1.3735127286141413e-16
ENSG00000115593.17,299.79766889402777,-4.6950390695176,0.515193810104764,-9.113151162594267,8.0023199721095e-20,1.455907800068579e-16
ENSG00000135063.22,1137.1150691188836,-3.434240372276391,0.39499020010131286,-8.694495132779311,3.483753344531737e-18,5.915645429237858e-15
ENSG00000137872.19,741.2151616415827,-2.632863884622898,0.3067446695082132,-8.583242502124072,9.223563017164668e-18,1.4683335850637577e-14
ENSG00000163879.13,548.6443256007627,-2.9764633547458748,0.34993359180806355,-8.505794883443047,1.8035558385013107e-17,2.7022571036745225e-14
ENSG00000130045.19,124.11039873919762,-4.14560956422059,0.502136885185632,-8.255935157378499,1.5071743942932486e-16,2.132735499835741e-13
ENSG00000164694.19,1152.551285083832,4.164340388652556,0.5058922198508246,8.2316750984637,1.8461341717615597e-16,2.4748886046809837e-13
ENSG00000230838.3,174.22037963350516,6.136277370344481,0.7547694669363606,8.130002125353421,4.2928290751889604e-16,5.467132468706901e-13
ENSG00000180264.13,247.35464546269122,-5.716429224539533,0.705124408788066,-8.106979638337378,5.189355297996137e-16,6.29419375215522e-13
ENSG00000105664.13,1120.0530239477293,4.938514527399795,0.6283638203324121,7.8593234804436385,3.862136638426868e-15,4.471476468971397e-12
ENSG00000066279.21,626.1344631272281,4.2507441166411235,0.5505894955070495,7.720350917204702,1.1600986882618046e-14,1.2847336386398446e-11
ENSG00000171848.18,1726.6145664800233,4.641516742550489,0.6022050018476844,7.707536018979243,1.2827011056862406e-14,1.3613199942889266e-11
ENSG00000286214.1,293.80717554286394,-4.545748779506577,0.5909902538760443,-7.691749144242254,1.451369741807732e-14,1.4787135477433898e-11
ENSG00000134533.8,2480.5274039286874,-2.4799809322674427,0.3226837597022543,-7.685484185989906,1.524194341184623e-14,1.4931828486274436e-11
ENSG00000289623.3,79.27670761196768,4.834988372398333,0.6299689585264299,7.674962880247193,1.6546655980109736e-14,1.5609624980347224e-11
ENSG00000154529.17,133.24335225095632,-2.8734857392384168,0.377303257072668,-7.615851931765826,2.619578493464491e-14,2.3829744216797874e-11
ENSG00000007216.18,270.7470043118351,-4.490564531278602,0.5903442259322486,-7.606688325251724,2.8120835602256987e-14,2.4698820814658197e-11
ENSG00000164309.17,1641.6418431025145,-2.8145608268071682,0.370984317682214,-7.586738017368506,3.2805944299650575e-14,2.785334024187999e-11
ENSG00000134028.16,843.3246678493364,5.157735517287116,0.6867549522139436,7.510299708301681,5.899214836112019e-14,4.8470613255035234e-11
ENSG00000083782.8,255.9073457813068,7.126699155457442,0.9531959935755545,7.476635658868355,7.62494275377076e-14,6.069216152540469e-11
ENSG00000170271.13,1519.7895519103822,-2.5489457135591658,0.341821333446868,-7.4569532798202856,8.854608326122135e-14,6.834416020444148e-11
ENSG00000179934.8,117.20255513823908,5.422499607428968,0.7292065533854781,7.436164118731512,1.0365105010442381e-13,7.764987932969938e-11
ENSG00000278828.2,176.93189685694946,3.237164554189503,0.43559381596346725,7.431612744614815,1.0728150219019841e-13,7.807334692247267e-11
ENSG00000169515.9,1398.3775538303971,-2.3475729445100524,0.3188437502668197,-7.362769201358097,1.8013366669602593e-13,1.2744957290040214e-10
ENSG00000115414.23,46015.85858318229,2.88706848688494,0.39288455612518214,7.34838883808162,2.0061020067022802e-13,1.3810114652084805e-10
ENSG00000225362.11,83.57797681993739,-8.268127158358425,1.1267686973213296,-7.33790988160593,2.169551628609349e-13,1.4542276192712824e-10
ENSG00000016602.11,84.4079237435712,-4.673500242642286,0.6396403433619448,-7.306450087370043,2.7429232300757743e-13,1.7914101946989756e-10
ENSG00000100276.12,341.52452014612504,-3.2433983276207896,0.4475658408087784,-7.246751275208522,4.2688684225850264e-13,2.7183086897915803e-10
ENSG00000204262.16,9663.415463276062,2.0109568872412815,0.27880811242475917,7.212691444851593,5.485662478915508e-13,3.407934365864802e-10
ENSG00000029993.17,2433.9906028780347,3.2299194960430406,0.44916504874476737,7.190941292225084,6.434614781718175e-13,3.902287454884372e-10
ENSG00000137225.13,227.6063276903345,-3.139617018902991,0.4369089523861292,-7.185975480145979,6.672902008570843e-13,3.952685745588557e-10
ENSG00000130032.18,180.47336011575592,-3.476161159071493,0.4848087196120222,-7.170170457852656,7.490444314637657e-13,4.3361160713212677e-10
ENSG00000212766.10,176.06530059888945,-3.70470507078689,0.5203903544945955,-7.119088658714494,1.0864301185351715e-12,6.149435899824301e-10
ENSG00000112984.14,351.3101797874669,4.1763871255715275,0.587334632511608,7.110745551836646,1.154177556618887e-12,6.390881857530364e-10
ENSG00000197903.11,4116.821247558738,2.526261049447104,0.3560464848287847,7.0953124299539985,1.2905958756976901e-12,6.994205861679972e-10
ENSG00000170962.15,1991.6702608000237,-2.2152738241839924,0.31309044255337753,-7.07550765880156,1.489026366106607e-12,7.901456368979455e-10
ENSG00000140379.10,341.35168368609493,3.7405186532326136,0.5289344754201339,7.071799678516911,1.5293709466224428e-12,7.949919873759233e-10
ENSG00000196747.5,47.66770098028027,5.683783110533121,0.8069368978752895,7.043652515455475,1.872648129416676e-12,9.539644100874432e-10
ENSG00000203727.5,975.8868832252145,-3.315355828525592,0.47174920746021876,-7.027793107220358,2.098257073862127e-12,1.0479354103596517e-09
ENSG00000104951.18,738.7449810555871,3.6559813427056813,0.5224660495251939,6.997548158446199,2.6048054203782223e-12,1.2518301672161075e-09
ENSG00000174611.14,86.60468580007377,-3.6755857397646188,0.525229053389183,-6.99806249491894,2.5952633261181126e-12,1.2518301672161075e-09
ENSG00000141526.20,1837.5402948605906,2.638813167422447,0.3779944493683722,6.981089727195458,2.9289916108666113e-12,1.3815619503774714e-09
ENSG00000224137.3,118.98023170555823,4.667156197428712,0.6694853288284554,6.9712598565764745,3.141151476953839e-12,1.4546958048998406e-09
ENSG00000153246.15,2175.918143564574,-2.25569167903064,0.32490824699629944,-6.942549781004269,3.850851829946976e-12,1.720790297554025e-09
ENSG00000117586.14,284.3206261077032,3.489691872081591,0.5025979436750126,6.943307102621331,3.8302550251069186e-12,1.720790297554025e-09
ENSG00000213366.15,1015.2140038988618,-2.2106483202468317,0.3185765917181653,-6.939142352940114,3.944874723023234e-12,1.7324121391400825e-09
ENSG00000120251.23,168.45115114650014,-4.612284683663274,0.6653134664225935,-6.932498613719094,4.134716020638434e-12,1.7850059620623993e-09
ENSG00000086717.21,66.84525044373524,3.7285785136871192,0.5381772989286979,6.928160145567775,4.263489555327596e-12,1.80992237439582e-09
ENSG00000290541.2,72.34438639862192,-3.571299686492415,0.5165849823664078,-6.913285922739684,4.7355410498367676e-12,1.9773600996785625e-09
ENSG00000110195.16,481.0858771912615,-3.3119975320513615,0.47975849705192936,-6.903468208282445,5.0748017790390805e-12,2.076929538916441e-09
ENSG00000204767.5,246.79087816374428,-4.353738614375836,0.6308178903726925,-6.901736112467596,5.137079853627097e-12,2.076929538916441e-09
ENSG00000101955.17,2666.6639399435735,-2.252771885876119,0.327010824867029,-6.888982610261157,5.619280712005742e-12,2.23638592211716e-09
ENSG00000147570.12,111.04482826965355,3.9083538229266037,0.5684433537568788,6.875537900295678,6.175638478678226e-12,2.4199951952371247e-09
ENSG00000150281.8,342.192305098977,-2.257962435685377,0.32853847603936137,-6.872748857016237,6.29763832512194e-12,2.4304112996845597e-09
ENSG00000303631.1,170.714917651948,-5.444174833522874,0.7928129908555599,-6.866909216065975,6.5607791166523285e-12,2.4941732071679324e-09
ENSG00000177098.10,1030.258048880013,-2.4961343138146317,0.3637225134287245,-6.862743497190137,6.755045731903041e-12,2.5302613211367993e-09
ENSG00000166006.16,240.16598678624487,-7.012886204547148,1.0222607201511607,-6.860173795497257,6.877682254944074e-12,2.538861517618558e-09
ENSG00000162849.17,1128.124202110593,2.9672783453328853,0.43268765953062993,6.857783622837138,6.993707971796572e-12,2.544810510709007e-09
ENSG00000130635.19,7813.21263251632,2.08352648045635,0.3052641595365234,6.825322971487144,8.772772247317436e-12,3.1472011536820055e-09
ENSG00000106004.6,576.6247063237713,-2.5498965332553536,0.37438462742589373,-6.810900732723285,9.698954199061877e-12,3.4311397556153484e-09
ENSG00000148773.16,1735.2517335239847,3.727808167220076,0.5488105440940846,6.792522861187965,1.1018934738943686e-11,3.814411536357595e-09
ENSG00000117215.16,407.16169069937405,4.405736498743413,0.6486940833561547,6.791701376324279,1.1081875611105256e-11,3.814411536357595e-09
ENSG00000276043.7,1159.7221752043793,4.114176288487079,0.6075740064177004,6.771481737252972,1.2747005423158753e-11,4.329053001777021e-09
ENSG00000151778.13,146.25329221490057,-1.897282063919615,0.2813455932632127,-6.743599719881215,1.5450984358930093e-11,5.178316086925111e-09
ENSG00000277639.4,360.64737389601635,-2.726940610184022,0.405159580609262,-6.730534684835449,1.6904074614958502e-11,5.5917361625663384e-09
ENSG00000301988.1,192.7005614686611,-5.242738941683024,0.7825932157483917,-6.69918782348427,2.095810765103831e-11,6.843896922815344e-09
ENSG00000136158.14,1661.8040184380943,-1.906349441237428,0.2847589802590518,-6.694606925137806,2.162521168427917e-11,6.972351478611072e-09
ENSG00000113739.12,12715.830107802753,-3.8288766544393926,0.5728185754740784,-6.68427459998224,2.3207128942719517e-11,7.3888597662501095e-09
ENSG00000165197.7,529.4692195157703,-4.855523706230438,0.7267438523921945,-6.68120368716942,2.3698756060528724e-11,7.452234760712681e-09
ENSG00000186283.16,2884.2913442183903,1.4985998470832325,0.22491754808224076,6.662885398943046,2.6850303406840445e-11,8.340293635068694e-09
ENSG00000187837.5,3121.3104770571827,3.0131937058790474,0.4524588160135598,6.65959773405928,2.7457806486024404e-11,8.426238421753345e-09
ENSG00000170312.19,925.1079924820732,3.2674308489738335,0.49103585085042323,6.654159453561245,2.8492364689043206e-11,8.6396312023169e-09
ENSG00000112320.14,468.23012517399036,-1.7755054523571012,0.2671555988629268,-6.64596010682181,3.0124684996393665e-11,8.922161064455153e-09
ENSG00000117650.15,385.18693976640446,4.096038799248757,0.6162686903980853,6.6465145204811185,3.001148559155903e-11,8.922161064455153e-09
ENSG00000106278.14,378.20009826709963,-3.391409408805503,0.5128541577098767,-6.612814496717085,3.770808708611235e-11,1.1039800990463997e-08
ENSG00000147255.21,216.99213049524496,-4.81503556394052,0.7286551704699642,-6.608112807097688,3.8925004441687996e-11,1.1266577137889033e-08
ENSG00000092853.16,341.915313233079,3.428920564758532,0.5204463852792899,6.588422288529206,4.44524814284736e-11,1.2721900611962371e-08
ENSG00000256663.1,90.69695942737158,4.321788188027314,0.6564324109392988,6.583751984219067,4.587220948686134e-11,1.298234497599828e-08
ENSG00000100526.23,223.4012092465126,2.826258582930008,0.4300572082389102,6.57182004808982,4.970391221680215e-11,1.3912179649166678e-08
ENSG00000037042.11,740.940889996941,-1.6025422092649058,0.24432140662837554,-6.55915595518181,5.411318663493975e-11,1.4981706269332072e-08
ENSG00000189057.13,440.768452686669,3.0749826548251256,0.4690089222364116,6.556341487412323,5.514387549634383e-11,1.5102899492122298e-08
ENSG00000126787.15,377.42670651489885,4.476696059694178,0.6832400607443515,6.5521568726767425,5.6711918868045124e-11,1.5367120058382738e-08
ENSG00000171320.16,172.5294924034066,3.49662180878197,0.5361406836849397,6.521836367181457,6.945176161469754e-11,1.8621113895662748e-08
ENSG00000203805.12,94.58009520207285,5.252801751190371,0.8083685668507293,6.498028209649988,8.137954752671874e-11,2.159185890680264e-08
ENSG00000165194.17,248.44217460009162,-3.265227584404771,0.5040848230395683,-6.477535992287684,9.323253832644843e-11,2.448171117229864e-08
ENSG00000174371.19,338.7098542856889,4.328366912118376,0.6698424405983436,6.461768693324386,1.0348620177701906e-10,2.6896908627167884e-08
ENSG00000211659.2,3327.3481111071087,3.9703280419794322,0.6151785411978216,6.453944304118214,1.0897587488264253e-10,2.758267726590466e-08
ENSG00000165304.10,633.6033605672256,4.545063639115118,0.7042905678918523,6.453392742032344,1.0937342090441565e-10,2.758267726590466e-08
ENSG00000119950.22,2921.1715578447524,-1.6087123798475471,0.2492460742435975,-6.4543138130845445,1.0871033666685345e-10,2.758267726590466e-08
ENSG00000236313.1,41.69053633325168,-6.246396941862395,0.9704659417095566,-6.436492692220447,1.2226571917897593e-10,3.02352440117252e-08
ENSG00000151651.18,1352.6835251934856,2.624962140402212,0.4077501015728515,6.437673786656845,1.2131838369047664e-10,3.02352440117252e-08
ENSG00000154839.12,187.09620874770746,4.278421909942787,0.6653815500190149,6.430027868702581,1.2758055227607949e-10,3.1246194682923275e-08
ENSG00000091831.27,5284.929530995361,-4.585450144406889,0.7142100561024475,-6.420310250783062,1.3599688991055998e-10,3.2990255075351176e-08
ENSG00000283445.2,43.84551063342278,-3.139089819455896,0.48955045053137597,-6.412188602928693,1.4344521805229911e-10,3.4468803292548215e-08
ENSG00000132561.16,3298.494594567668,-2.210399701310076,0.3466650070663927,-6.376183509305697,1.8155536634830085e-10,4.321866108651935e-08
ENSG00000165480.18,192.86967613287973,3.469496130316649,0.5450880271743269,6.3650198818383785,1.9526444093931222e-10,4.605167199227057e-08
ENSG00000164611.15,477.93307916161245,3.329642230231916,0.5251300054745088,6.340605555805639,2.2886380464212803e-10,5.348064190862058e-08
ENSG00000135094.13,322.5628638463001,3.278822176721637,0.5178786838506948,6.331255328645513,2.4317454639101544e-10,5.6308171555686855e-08
ENSG00000184937.18,36.72093938378396,5.095554664334918,0.8052983131197039,6.327536741750864,2.4910566976205315e-10,5.7161896527110415e-08
ENSG00000253768.2,282.6293199838477,-5.637932995023798,0.8916729983767891,-6.3228706098392005,2.5674828265274864e-10,5.8389602745072866e-08
ENSG00000175063.19,1046.0355152681825,4.495473177320823,0.712189079883445,6.312190546443847,2.751131944125213e-10,6.201246172461354e-08
ENSG00000125931.13,49.33341346817968,-5.320499184671476,0.8431625947489075,-6.310169850758041,2.7872939962509625e-10,6.227646085834058e-08
ENSG00000164932.15,3284.4277474408045,2.784130309262406,0.44161191645409686,6.304472786009617,2.891765255582978e-10,6.404882854343829e-08
ENSG00000123485.13,478.83662469478605,4.283134330891799,0.680007484176693,6.298657633272269,3.0023430311497843e-10,6.592472357449669e-08
ENSG00000049249.11,298.4681227813584,4.198414821697912,0.6668942313713203,6.295473291266595,3.0646332782504577e-10,6.671732840198069e-08
ENSG00000093009.13,391.14640123693493,4.0659895868168885,0.6480493002999622,6.2741979428646335,3.51441177573814e-10,7.397982011555881e-08
ENSG00000100626.19,1300.6959859098397,-2.136608546567807,0.34038554204019067,-6.277024969278893,3.451126783761369e-10,7.397982011555881e-08
ENSG00000134760.7,545.6049485988456,-4.597193220212805,0.7325505565257042,-6.275598563484944,3.48291755347647e-10,7.397982011555881e-08
ENSG00000161888.13,213.30469951482982,3.981953157922224,0.6345757525982325,6.274984730535881,3.496686077160903e-10,7.397982011555881e-08
ENSG00000146410.14,94.23208061293191,4.044448087436648,0.6463008181129708,6.257841509848894,3.9034220408304363e-10,8.149513344425578e-08
ENSG00000179796.15,39.757227052109485,-5.148686049343194,0.8250799241232561,-6.240227035961729,4.3693624299149563e-10,9.048132557102753e-08
ENSG00000168078.12,284.6727887931452,3.672727224536279,0.588877120651739,6.236831243284664,4.4652323334560694e-10,9.172091352053189e-08
ENSG00000138778.16,487.9556723197352,3.0574781627327416,0.4907716885827824,6.229939977919106,4.666139132956483e-10,9.508098388442766e-08
ENSG00000111206.15,769.5705305344351,4.267057217250455,0.6864957931947703,6.2157077429312375,5.109382507524419e-10,1.0328657289615435e-07
ENSG00000109674.6,74.54738493155561,4.143433841146899,0.6671027348675574,6.211088074716874,5.261896922827788e-10,1.0553210749712329e-07
ENSG00000101057.18,1208.4552563675725,4.040825573138384,0.6511441452636811,6.205731254025252,5.444314753882634e-10,1.0833761023136295e-07
ENSG00000117984.17,12570.204224021181,1.7213134640224912,0.2783075048021115,6.18493369500193,6.212857803688234e-10,1.2172900085980233e-07
ENSG00000138755.7,10560.459695542348,4.6904128236336105,0.7596403778020117,6.174517522627126,6.636582110974441e-10,1.2903846026612978e-07
ENSG00000087586.20,561.5250952556926,3.2079377827850095,0.5200792606745568,6.168170941145063,6.908443767517241e-10,1.3330679636547854e-07
ENSG00000146070.19,591.7055675955512,2.648632316276409,0.4300493861395468,6.158902678719216,7.325072244619678e-10,1.4028339484414124e-07
ENSG00000286208.2,137.40070331063998,-8.93609261504631,1.4522909987739092,-6.153100599391285,7.59825734758027e-10,1.4442926335837093e-07
ENSG00000163884.6,351.2420400577309,-2.3154864494839797,0.3765398935778028,-6.149378828051166,7.778698653853604e-10,1.467638766017075e-07
ENSG00000172478.20,839.1222128381429,5.838869915861203,0.9497246121407548,6.147961041780233,7.848530375176992e-10,1.4699258616627437e-07
ENSG00000127743.7,217.7611886452679,-4.080761246203673,0.6648938435545724,-6.137462823219444,8.384983343463077e-10,1.5476370343575944e-07
ENSG00000164128.9,1155.4859818684279,-4.178204922033263,0.6806880277154558,-6.138208330262943,8.345737052335614e-10,1.5476370343575944e-07
ENSG00000088325.18,1186.614882463774,3.8742709150206105,0.6318513929833173,6.131617272738849,8.699017482518341e-10,1.5940480165267963e-07
ENSG00000143476.20,398.88215442383586,3.2918745859645395,0.5375122466354372,6.124278296113361,9.109555685499108e-10,1.6573535204667697e-07
ENSG00000171310.11,1955.6250729104245,2.497349251555431,0.4082961647246694,6.116514107448191,9.564442343411736e-10,1.7277724179364564e-07
ENSG00000262406.4,565.8089734837789,4.697394139703268,0.7684511881831928,6.112807439089345,9.789346801120664e-10,1.7372084813805232e-07
ENSG00000156234.9,1836.136663295375,5.254639774168169,0.8595869069766856,6.112982563507903,9.778605906530042e-10,1.7372084813805232e-07
ENSG00000174326.17,142.18010508619037,-3.06474479972593,0.5014071519937964,-6.112287763625374,9.821287790773637e-10,1.7372084813805232e-07
ENSG00000158458.23,310.1584506392429,-2.516277495330618,0.41213865356900875,-6.105414946014742,1.025339458761269e-09,1.801132507179882e-07
ENSG00000165621.11,46.914588338987436,-2.3885930989293356,0.3914543689730978,-6.101842994358019,1.048523463356318e-09,1.8292425435033407e-07
ENSG00000221955.13,591.6692160936993,1.9203324391178036,0.31480512720202963,6.100067226304764,1.0602386458510118e-09,1.8370978604402124e-07
ENSG00000167553.19,2755.011328625378,2.073494830871106,0.34002041753596174,6.0981480050438615,1.0730437351919889e-09,1.846722768856429e-07
ENSG00000168004.12,367.68376628623395,-3.235654171337059,0.5315252780560793,-6.087488789189208,1.146954045240117e-09,1.9606756031081223e-07
ENSG00000103257.12,2571.590314262894,2.878953013296811,0.47580677602498306,6.050676783858258,1.4423858159330948e-09,2.449267274508791e-07
ENSG00000080986.15,287.14876170437384,2.991832723564645,0.4952440867538858,6.041127604722825,1.5304088108821682e-09,2.581526014700643e-07
ENSG00000011426.13,1342.1878034428134,4.35184843470722,0.7206198434944738,6.039034969678285,1.5503864586965687e-09,2.598019308517125e-07
ENSG00000186074.21,194.90506610857966,2.8577017795885626,0.47359652288038323,6.034042991296064,1.5990749240604848e-09,2.662093947107491e-07
ENSG00000277494.4,831.842008931915,-3.2835105644355527,0.5452746384162689,-6.021755521167084,1.7253537161802996e-09,2.8536678249888583e-07
ENSG00000090889.14,431.8305651836951,4.166985487261224,0.6926705146733523,6.015826282466029,1.7897142069460338e-09,2.9410200364595117e-07
ENSG00000174680.10,93.74492671554962,-5.94231008906885,0.9887799777368386,-6.009739500055271,1.8582166427583762e-09,3.0340151351088846e-07
ENSG00000186301.8,188.2707927164913,-2.3622415285748284,0.3933897681703577,-6.004837237027116,1.9152393629433677e-09,3.1072013893968484e-07
ENSG00000138316.13,140.50366220900727,3.4015620231416865,0.566800795033026,6.001336012493572,1.95700528069228e-09,3.154865918007156e-07
ENSG00000251141.7,101.47303553813798,-2.18009589412713,0.3634510879124854,-5.998319902269959,1.993694684416097e-09,3.1937985727523526e-07
ENSG00000168476.14,1115.775548385994,1.4000545633991448,0.2335380609548133,5.99497382857023,2.0351821607888434e-09,3.2398828010907893e-07
ENSG00000134690.13,428.4858531705457,3.221355810221366,0.537464229378549,5.993618987343784,2.052218807523529e-09,3.246712127107566e-07
ENSG00000198814.16,587.6834477079475,1.6448763009349483,0.2745161108466066,5.991911716445918,2.0738850753376794e-09,3.2607362193781504e-07
ENSG00000128606.14,385.31723997484187,-2.44859283876113,0.40942650971647915,-5.980542980611438,2.2239503339714488e-09,3.4553055546502204e-07
ENSG00000104321.13,23.81174956603115,4.2678202366998805,0.7136246434916451,5.980483263327561,2.2247658551397123e-09,3.4553055546502204e-07
ENSG00000139144.13,579.7050734659156,-3.2622676776342767,0.5465343227785431,-5.969007876850498,2.3870058969338325e-09,3.6848137697455544e-07
ENSG00000039139.11,187.28610796674488,-3.502284595329512,0.5870590687472826,-5.965812950991438,2.434190119193834e-09,3.735015453372659e-07
ENSG00000104368.21,3870.866754370082,-2.2860621390805647,0.3840313775851627,-5.9528004025494194,2.635926962855779e-09,4.020341058137698e-07
ENSG00000205420.12,340.0886730535916,4.743995749055249,0.7971489570186219,5.951203607915436,2.661777011240029e-09,4.03560251507707e-07
ENSG00000138131.6,682.6229330270191,-1.915638609497981,0.32218350195916706,-5.945799824786699,2.7511018208773756e-09,4.1463499692051853e-07
ENSG00000099769.8,52.123762145193844,-3.220324816337248,0.5424045380358942,-5.937127347788046,2.9005936369007353e-09,4.3459423838528606e-07
ENSG00000186847.7,17095.942849107087,-3.1453928390947654,0.530017285877941,-5.934509916756046,2.9472451869318486e-09,4.390016500370825e-07
ENSG00000152527.16,1032.613509643216,-2.4768082480635893,0.4175345169650699,-5.9319844166818765,2.992950369503363e-09,4.4321766780011725e-07
ENSG00000162063.15,575.214476238738,2.5755001753124107,0.43448619640064445,5.927691596760221,3.0722279336182492e-09,4.497282626275312e-07
ENSG00000249661.1,115.44555741700506,-3.704100061292969,0.6248764226239605,-5.9277321518050465,3.0714695035195933e-09,4.497282626275312e-07
ENSG00000154736.8,1475.079882604987,-1.9582933367271516,0.3314454000950268,-5.908343685462826,3.4556449310661855e-09,5.029641830810675e-07
ENSG00000070031.5,32.945800723152196,3.4633895468864884,0.5866863917234545,5.9033064269863305,3.5628761562513993e-09,5.120113906582577e-07
ENSG00000164733.25,27324.20650171269,1.6636254990943715,0.2818903580809836,5.901675780682192,3.598277651568681e-09,5.120113906582577e-07
ENSG00000094804.14,456.0272290544615,3.565654490174623,0.6045498340822076,5.898032369139249,3.6786182124950405e-09,5.120113906582577e-07
ENSG00000145050.20,2339.3062635968936,1.3680662081221462,0.23187837485725005,5.899930120539964,3.6365555948390327e-09,5.120113906582577e-07
ENSG00000128965.14,102.0445296011118,2.947799622568534,0.49937455645535017,5.9029832106235895,3.569866165849884e-09,5.120113906582577e-07
ENSG00000223485.6,129.9334856911494,2.5743951190238348,0.43644900167833883,5.898501564041046,3.668174906884902e-09,5.120113906582577e-07
ENSG00000188517.18,183.1971453911451,-3.7016584850636622,0.6276042559358631,-5.89807741112888,3.677614416686867e-09,5.120113906582577e-07
ENSG00000299732.1,47.822052008015575,-6.547889466424696,1.1098405147517114,-5.899847211731642,3.638383402752744e-09,5.120113906582577e-07
ENSG00000159176.16,14907.473619091317,-1.7459802150838486,0.29609038868585286,-5.8967811242812935,3.706610036337397e-09,5.131036099758143e-07
ENSG00000284753.4,162.8234042000701,2.6954315844649868,0.4572205534934381,5.895254629019364,3.741040398317717e-09,5.150704864083815e-07
ENSG00000291119.2,44.478858682462594,-4.343068242275555,0.7368367420164308,-5.894206945205114,3.7648510335154516e-09,5.155619391111401e-07
ENSG00000100985.9,2691.950721880941,4.2568303083271255,0.722993923495126,5.887781584316209,3.914139215674953e-09,5.331392511361323e-07
ENSG00000170959.16,31.968999659597195,-3.4679252030021868,0.5907105594488801,-5.870768936715275,4.3377849127714716e-09,5.85503366523853e-07
ENSG00000129173.15,147.84623958401454,4.635605357649728,0.789642638458502,5.870510445964655,4.3445540525699115e-09,5.85503366523853e-07
ENSG00000180660.10,180.34323977670584,-3.789360244825757,0.646062376557102,-5.865316387899638,4.482770846534848e-09,5.97804482890519e-07
ENSG00000050555.21,693.1219377987526,-3.3202525336645015,0.5660737377181894,-5.865406416924141,4.480339077138674e-09,5.97804482890519e-07
ENSG00000174498.16,61.608527807927125,-4.876176119357193,0.833281506178431,-5.851775280265316,4.863534739397649e-09,6.452036111833204e-07
ENSG00000111341.12,84547.51266938867,-2.9032172866198973,0.49620000494349054,-5.850901365771911,4.889161130298561e-09,6.452426069939619e-07
ENSG00000007402.14,254.56989403353728,-2.0220079307640626,0.34589198246149555,-5.845778547321927,5.042044514036557e-09,6.619892567887893e-07
ENSG00000275385.3,988.8765639651547,5.275522893510641,0.9039318260185306,5.83619554225375,5.340621436389875e-09,6.975947108014693e-07
ENSG00000137573.16,6344.158199100172,2.590711927094462,0.4441406245432563,5.833089305349378,5.44104266815718e-09,7.070857030644467e-07
ENSG00000197409.9,26.104209751938637,4.2821002846103084,0.7344316945179742,5.8304949480982815,5.5263212077625424e-09,7.145224745325873e-07
ENSG00000129757.17,2327.590756528961,-2.4739665968344564,0.4248116338886084,-5.823679013186267,5.756609086892201e-09,7.294855226479166e-07
ENSG00000197308.10,206.74252278952548,-3.925464958029004,0.6740145868910364,-5.824005940488063,5.745353252780671e-09,7.294855226479166e-07
ENSG00000185585.22,2407.053053746551,-1.4729797655245855,0.25288788676992546,-5.824635510773538,5.723737955063969e-09,7.294855226479166e-07
ENSG00000109805.12,340.80664657060595,3.0623198603876443,0.5257088377286626,5.825125317691955,5.706975947283691e-09,7.294855226479166e-07
ENSG00000142945.15,614.7482371702275,3.931960425658147,0.6766403813507629,5.811004684362552,6.209902575030347e-09,7.791745245743741e-07
ENSG00000165821.13,560.5775237131888,-1.9561868139744953,0.3366086923057635,-5.811456622152716,6.193158186826905e-09,7.791745245743741e-07
ENSG00000172061.9,1784.8016254849963,4.298466313382267,0.7402029151210576,5.807145886042975,6.354676412717347e-09,7.934311907270762e-07
ENSG00000134668.15,88.97149102808682,2.408576562820104,0.4149412333952829,5.804620917308637,6.451179096226277e-09,7.976601104853374e-07
ENSG00000100162.18,209.7627622632527,2.847475182967755,0.49052733605113974,5.80492660386799,6.43942054913764e-09,7.976601104853374e-07
ENSG00000117724.16,1988.507549935114,3.770000425962986,0.6497760706330489,5.801999483129683,6.5528763974086395e-09,8.063203609584321e-07
ENSG00000085840.15,218.26107110297767,4.024230151463126,0.6941296865843415,5.79751915130654,6.7303097081347224e-09,8.241717239225939e-07
ENSG00000156738.20,1754.0140630512299,4.613577862352043,0.7961593843604357,5.794791787900843,6.840599440094529e-09,8.336694178882667e-07
ENSG00000130304.19,1860.679635634232,-1.3201289471726312,0.22795430124078955,-5.791199990467259,6.988530159935349e-09,8.476421509700632e-07
ENSG00000007968.9,237.41872193404728,3.35420664701522,0.5797141933104171,5.785966060035997,7.209677102940048e-09,8.703207843079904e-07
ENSG00000135547.10,302.67592226716647,-1.7367048131105662,0.3004624236954129,-5.7801065163180345,7.46533450597858e-09,8.969317698197189e-07
ENSG00000164056.13,2996.383971871508,-1.2223720244847545,0.21151395545679133,-5.779155431351498,7.507654376699464e-09,8.977815240793994e-07
ENSG00000165349.14,62.70978093966694,-5.43466059404717,0.9421974249914817,-5.768069886304671,8.01845558416621e-09,9.54383561608867e-07
ENSG00000231023.10,34.17664975457562,-6.101732168933998,1.0590737119023876,-5.761385728264002,8.342613695647298e-09,9.883475043806154e-07
ENSG00000163017.16,3370.7194044555417,-3.2003736494414228,0.5557369552385051,-5.75879221144817,8.471790989416149e-09,9.927498296601735e-07
ENSG00000091651.11,402.14865014404165,3.3033920853936816,0.5737522291534901,5.757523749001346,8.535676365104551e-09,9.927498296601735e-07
ENSG00000109846.11,5415.670056494849,-2.916447837539837,0.5064750378157579,-5.758324931703273,8.49527099400942e-09,9.927498296601735e-07
ENSG00000211896.7,328296.23157279735,5.021118307505095,0.8720896896061725,5.75757100140994,8.533288148378714e-09,9.927498296601735e-07
ENSG00000117399.16,894.776105565005,4.057646424860702,0.7050678758380701,5.754972767746129,8.665576281815942e-09,1.0032767885187902e-06
ENSG00000137812.22,329.9903906429734,3.2685101151521896,0.5683414731573739,5.7509618240496385,8.87371529618409e-09,1.0217690487734557e-06
ENSG00000155980.15,94.3206272801959,-2.2683266761544227,0.3944671162426604,-5.750356830147127,8.905528986993332e-09,1.0217690487734557e-06
ENSG00000119147.11,835.71948226533,-3.8107906778984595,0.6629261044862159,-5.748439610553451,9.007080425547424e-09,1.0219651680134608e-06
ENSG00000145386.13,672.5299707007933,3.169938099879194,0.5514737670445069,5.748121287559563,9.024049997437192e-09,1.0219651680134608e-06
ENSG00000007372.26,39.20876242354465,4.393034355890982,0.7642645424385396,5.748054648556797,9.027606407405626e-09,1.0219651680134608e-06
ENSG00000118777.14,452.4951760182057,-2.408481918581442,0.41943162124492145,-5.7422516486305675,9.342584174343037e-09,1.0529423075428829e-06
ENSG00000178965.15,74.13270442599999,-3.9524724346457045,0.6890951048459576,-5.735743015514894,9.708577512817657e-09,1.0806265124351212e-06
ENSG00000231131.11,84.07076884638306,3.642402077265897,0.6350015279344954,5.7360524613440536,9.690865538081489e-09,1.0806265124351212e-06
ENSG00000034239.13,107.64200044753345,-3.9972648383470863,0.6969191257354599,-5.73562224186166,9.71549885546868e-09,1.0806265124351212e-06
ENSG00000241158.7,51.79126478149716,-3.430771379331661,0.598276392656844,-5.734425461944416,9.78434413383372e-09,1.0835523018820812e-06
ENSG00000198838.16,155.37507386778623,-2.0596231517948103,0.3592859288991053,-5.732546103616526,9.893413052946407e-09,1.0861858787568876e-06
ENSG00000113368.14,1494.9923240625355,2.5487422542287983,0.4445941197333724,5.732739460785727,9.882137220463834e-09,1.0861858787568876e-06
ENSG00000287407.2,95.47965892625349,5.577260695433589,0.9736292657282793,5.728320718935838,1.0142966955345068e-08,1.1040662876905736e-06
ENSG00000161055.6,28.020463147241678,-4.441655905232422,0.7753640707579458,-5.728477850270449,1.0133578112640542e-08,1.1040662876905736e-06
ENSG00000169136.15,1314.5826333740354,1.5330966648556812,0.26804324207429464,5.719587082261699,1.0678323605003083e-08,1.1573939597575894e-06
ENSG00000265206.7,225.5051967595449,2.740381006128398,0.4805760601345604,5.702283641347212,1.1821290704136818e-08,1.2758478623943598e-06
ENSG00000227888.5,520.2203809326467,-1.666980087511547,0.2924613472744166,-5.699830432455127,1.1992665617815506e-08,1.288882641145058e-06
ENSG00000138435.16,37.76786491233603,4.711386865158254,0.8272213550797137,5.695436700499891,1.2305653549472943e-08,1.3169634519269972e-06
ENSG00000180914.12,2339.0976415663526,-3.8661822616887522,0.679035174845197,-5.693640631459401,1.243586944525754e-08,1.325330672134539e-06
ENSG00000211956.2,1569.266802707106,4.582422494806551,0.8051485369298131,5.691400138762238,1.2600184012108838e-08,1.3372470290517676e-06
ENSG00000154678.20,622.6034083580425,-2.537229838074678,0.4462200932837449,-5.686050171795582,1.3001121420271592e-08,1.3740728784055507e-06
ENSG00000182983.17,430.68642623243187,-2.553682786788117,0.44969301252706145,-5.678724631360472,1.357027373504262e-08,1.4282993483688866e-06
ENSG00000290801.1,291.81889105446254,-5.284430896679393,0.9314121380513283,-5.673568853993375,1.3985285157512418e-08,1.4643580530284045e-06
ENSG00000058404.23,140.1029353971945,-3.0447055848974083,0.5366965554006831,-5.673048493155156,1.402784990534061e-08,1.4643580530284045e-06
ENSG00000144891.21,344.96350507500347,-3.114659870470498,0.54923308544308,-5.670925428605278,1.4202821366868918e-08,1.476571685859258e-06
ENSG00000173258.15,470.2548417200023,-2.3583103902179348,0.4160445607093491,-5.668408177713115,1.4413027632957465e-08,1.4923342554433317e-06
ENSG00000186871.8,131.91087867718986,3.2656976608563997,0.5770553679998158,5.659244921637124,1.520404442995131e-08,1.5678632213574485e-06
ENSG00000303652.1,28.244510268349487,-5.673050600430718,1.0031084473121294,-5.6554708672146985,1.5541959158017733e-08,1.5962469423946357e-06
ENSG00000180549.10,59.334601212499955,3.542923852120293,0.6265765840027862,5.654414707755084,1.5637822737767977e-08,1.5996425018220408e-06
ENSG00000173947.15,215.2186952322384,-1.8392293041059626,0.3253950513593998,-5.652296482144494,1.5831820047782162e-08,1.613009153748238e-06
ENSG00000139734.20,241.26784366580534,3.6966511265041477,0.6542018734196005,5.65062754586938,1.598631371236406e-08,1.6222605440941237e-06
ENSG00000089685.17,882.4907179611132,4.2098821789464305,0.7451440490811837,5.64975615672905,1.6067559165379756e-08,1.6240349186563005e-06
ENSG00000187824.11,359.1288732339249,-1.7451760352374417,0.3090282829988808,-5.647301982530065,1.62985394235987e-08,1.6408699512192983e-06
ENSG00000163600.15,275.604549704145,3.866761106898275,0.6850833059612587,5.644220306131558,1.6593148992939808e-08,1.663953141729015e-06
ENSG00000138685.19,1371.5865512298744,-2.6799700301630565,0.4752562402300598,-5.639000192539816,1.71040345190016e-08,1.708458287190156e-06
ENSG00000108924.15,936.6403096050029,-3.060502336618677,0.5434742204088039,-5.63136616547617,1.7878768665669587e-08,1.7788676432940236e-06
ENSG00000196932.13,398.9273619769889,-2.6112155699561663,0.4641092727637858,-5.626294761158925,1.841216190563786e-08,1.8248100229513694e-06
ENSG00000181467.5,2598.2440621791084,1.4845962350272677,0.2640026296828199,5.6234145728430915,1.8721936755088133e-08,1.834101734957115e-06
ENSG00000196092.14,272.5898615327844,4.9711850085167635,0.8839142795405799,5.624057811466253,1.8652318200665268e-08,1.834101734957115e-06
ENSG00000276644.6,533.0540943109953,-3.232228582242819,0.5746802163096595,-5.6243950818400394,1.8615915509913026e-08,1.834101734957115e-06
ENSG00000143127.15,328.6881745724145,-2.4044240119399416,0.4276872127288143,-5.621921676354925,1.8884488615574e-08,1.8429379675374917e-06
ENSG00000151623.17,649.6162521965143,-2.018908157658031,0.35930770340070933,-5.618883587938253,1.9219529270297125e-08,1.8684756871898402e-06
ENSG00000104415.15,603.5709182620666,3.0814072062176447,0.5496556725494832,5.606068235273671,2.0697439166175345e-08,2.0045036996260543e-06
ENSG00000197472.16,42.07506212717852,4.789629084710886,0.8550630148820989,5.601492523181239,2.1251395615590207e-08,2.0503571883511295e-06
ENSG00000127564.19,640.8669925501418,4.2443095425327355,0.7582538780332757,5.597478187043938,2.1749220676856308e-08,2.090469433434743e-06
ENSG00000186642.17,1025.3443204900332,-2.564109393408956,0.4582737337945337,-5.595148061788263,2.2043356920551816e-08,2.1107757297871254e-06
ENSG00000075218.21,452.2174500009648,3.7599503649991317,0.6725720413790937,5.590405389569033,2.2654009291605073e-08,2.161124609237726e-06
ENSG00000269289.7,69.63126765646764,-4.59072128597593,0.8222247073008118,-5.583292797228495,2.3600691589568874e-08,2.235865396226793e-06
ENSG00000171189.19,98.74419644143639,-4.644726205136863,0.831910851666289,-5.583201848892386,2.3613041953005667e-08,2.235865396226793e-06
ENSG00000135451.15,278.79129390712507,3.887416097229031,0.6966395322789763,5.5802404501963805,2.40186315068054e-08,2.2658465300364457e-06
ENSG00000157456.10,633.0325606413244,3.555353822694543,0.638188946108971,5.571005020333688,2.5327402923002043e-08,2.37174367592568e-06
ENSG00000215915.10,319.5466901114982,-2.188040680596483,0.39271761813545664,-5.571536848753706,2.5250194345002326e-08,2.37174367592568e-06
ENSG00000185527.13,53.196149522006614,3.327511157177448,0.5984372248752265,5.560334516074313,2.6925805520207534e-08,2.5121875179677883e-06
ENSG00000161649.16,1172.766772389198,-4.716800061210474,0.8491847293474084,-5.554504100462683,2.7840097904280696e-08,2.588011436934064e-06
ENSG00000225950.11,94.84205421235433,-3.050402804857286,0.5494483728915925,-5.551755097214817,2.8281562620643517e-08,2.6194897509469493e-06
ENSG00000286373.2,37.145246326649115,-3.0758127699332656,0.5546223284712835,-5.5457788336996625,2.9264855419355214e-08,2.7007432332840456e-06
ENSG00000161800.15,1167.2936701973024,2.4735053796148443,0.4467649691593346,5.536480141379866,3.086108126980338e-08,2.827563313032957e-06
ENSG00000298169.1,86.46032209902837,-2.970068015847563,0.5364252805730501,-5.536778603489217,3.0808559386926314e-08,2.827563313032957e-06
ENSG00000132185.20,232.61332285346873,4.4375534176506015,0.8016667005120023,5.5354094348891625,3.105021460698982e-08,2.834695398762142e-06
ENSG00000234918.1,367.2751235094753,-5.029531055399531,0.9103948297396625,-5.524560213987355,3.3031194203044354e-08,3.0047769555205097e-06
ENSG00000259030.8,41.33543569977843,-3.0425178496178784,0.5508385423467806,-5.523429491073013,3.324457400093769e-08,3.0134254248323273e-06
ENSG00000106462.14,1087.791430672685,2.77680508264282,0.5030208316862556,5.520258620968546,3.385010876828084e-08,3.057433051194615e-06
ENSG00000241684.9,238.87140481635026,-2.845742983844933,0.5156384080178835,-5.5188731863167115,3.4118028352597976e-08,3.07074311013789e-06
ENSG00000178662.17,264.1464839824538,-2.616975812932152,0.47481334458735475,-5.511588591105169,3.5560935952166557e-08,3.189340139569135e-06
ENSG00000105894.15,12612.213834626677,-4.194053802261181,0.7615216930494013,-5.507464646826685,3.640384879021323e-08,3.253482219422881e-06
ENSG00000108821.16,68613.21913074012,2.3761642824851963,0.431929572725655,5.501277135276042,3.770500008414874e-08,3.3579862137879458e-06
ENSG00000154451.17,3411.174103239178,3.9253994668652146,0.7137500892371653,5.4996833290214555,3.8047393773997306e-08,3.3766730551131894e-06
ENSG00000138180.18,451.02987568290274,3.5744348357386864,0.6509829403373092,5.4908272003050955,4.0005561374390426e-08,3.5381307422468703e-06
ENSG00000128203.9,98.04554781451303,2.2582815332627515,0.4114864893283477,5.488106151307303,4.062659097500704e-08,3.5806224869356547e-06
ENSG00000160883.13,358.82528539264797,2.3563617665230097,0.42955539203707943,5.485583024225214,4.1210794531301216e-08,3.619586715540598e-06
ENSG00000116661.13,969.5454749195488,-2.2743405258031544,0.4149591952449766,-5.48087752209098,4.232213997985424e-08,3.704423461947998e-06
ENSG00000035499.15,194.07796735270816,3.776616345754664,0.6894716655513711,5.477551195282987,4.3125225736956105e-08,3.7617898107740033e-06
ENSG00000133216.18,427.87536627686706,1.9576477353044528,0.3579906813358141,5.46843210554991,4.540339168601963e-08,3.946995869060088e-06
ENSG00000249669.13,1977.0902516527235,-2.5977470244309893,0.4752246170709441,-5.466356184244519,4.593808073557363e-08,3.979894062638762e-06
ENSG00000300966.1,42.91528334345155,-7.265349689190919,1.3298776545782764,-5.463171491136053,4.6770237390388e-08,4.038253276510416e-06
ENSG00000303405.1,102.25629003265848,2.899264233199551,0.5310063413551882,5.459942767915541,4.7628809471116e-08,4.084691602824227e-06
ENSG00000252621.1,36.651105404251815,-5.552435476320081,1.0169079736648527,-5.460115979137778,4.758236438602132e-08,4.084691602824227e-06
ENSG00000138160.9,748.4577080545287,3.035502740210433,0.5565394657308533,5.454245255049757,4.918128433959005e-08,4.203679508099658e-06
ENSG00000134824.16,4881.023997171031,3.480750163727192,0.6384409253600768,5.451953384354347,4.9819517109504856e-08,4.243989699987285e-06
ENSG00000253250.5,61.02339138136224,-2.321755881629371,0.4259864914415248,-5.450304007933732,5.028379022859686e-08,4.2692614030419694e-06
ENSG00000237649.10,951.973540020016,3.315545121233238,0.6094141854265605,5.440544707557991,5.311790717871487e-08,4.494904364614772e-06
ENSG00000103522.19,336.0310810967887,3.7628404139678278,0.6924209450792466,5.434324944542479,5.5004265792927695e-08,4.62380743898238e-06
ENSG00000150764.16,1959.602536372086,-1.5539496348454627,0.28592027421491983,-5.434905373927396,5.4825519616657806e-08,4.62380743898238e-06
ENSG00000126351.15,2752.4057206983503,-1.4177154207418095,0.26094843004390156,-5.432933321358918,5.543512649144654e-08,4.644697719946167e-06
ENSG00000101447.16,652.9999482696701,4.4977385224197866,0.8280057720155121,5.432013488832931,5.572170948597812e-08,4.653402171532291e-06
ENSG00000171962.21,282.7487532102789,-1.5488627572421665,0.28516974671873885,-5.431371227361646,5.592266313018666e-08,4.654922067284263e-06
ENSG00000170373.10,661.6734953519601,7.948904434797094,1.4661963159092377,5.421446192809256,5.911879254465269e-08,4.890960976696366e-06
ENSG00000296622.1,20.123313765257468,4.584490459042866,0.8456324435280496,5.421374846873171,5.9142396483156555e-08,4.890960976696366e-06
ENSG00000166450.14,168.67057653840584,-2.386536275530173,0.44045083456840967,-5.418394263842637,6.013668718468812e-08,4.957092424858223e-06
ENSG00000224713.5,48.39282187054265,-3.5637985270444896,0.6581060958050438,-5.415234032568851,6.120859327216804e-08,5.029174449146427e-06
ENSG00000241935.11,36.68936772589409,-3.863943868021896,0.7141022734902975,-5.410911029783181,6.270492167956508e-08,5.135553247910618e-06
ENSG00000051341.17,216.17252082945737,3.569596878189471,0.6598879675545939,5.409398342900003,6.323683352788046e-08,5.157281349535673e-06
ENSG00000279453.1,222.92497553993798,-2.1355368835479305,0.3948112670410671,-5.409006940335869,6.337517421399497e-08,5.157281349535673e-06
ENSG00000184661.16,234.15020973210756,3.52730570811609,0.6522050874189941,5.408276899640394,6.363398996002009e-08,5.1614502987502175e-06
ENSG00000025423.13,83.7467392688375,2.7081575687391033,0.500794599003879,5.407721197724273,6.383168482220245e-08,5.1614502987502175e-06
ENSG00000156970.15,386.5198777337539,3.688834887013955,0.6825504737998055,5.40448659639478,6.499428324658733e-08,5.238827179031095e-06
ENSG00000105989.12,491.1471253337907,2.6922522787506242,0.49832718529881853,5.4025795866148325,6.568929605633332e-08,5.27707764702207e-06
ENSG00000123473.19,596.5548498727401,2.959427256323959,0.5478340027226722,5.402051062212175,6.588318840065244e-08,5.27707764702207e-06
ENSG00000197299.15,327.27467572092036,3.063258045717902,0.5674007492474742,5.398755729139599,6.710466539525321e-08,5.358065618440422e-06
ENSG00000196549.15,3044.8028106919155,-2.524125467078611,0.4678249625248665,-5.395448446050899,6.83526171190299e-08,5.440654720746283e-06
ENSG00000111602.14,1148.0107228536858,1.632089531861572,0.3025364049910729,5.39468806046575,6.864269945716558e-08,5.44672335786126e-06
ENSG00000165323.18,141.31142781799454,-3.661868124908928,0.6790037716084982,-5.393001155552193,6.929050685421388e-08,5.46408204360273e-06
ENSG00000169679.17,732.4471894666275,4.020501891572809,0.7454605638209412,5.393312653543037,6.917044086417741e-08,5.46408204360273e-06
ENSG00000090006.20,6601.925316613166,-2.132461902032957,0.39627739099874293,-5.381235342895759,7.397640406929376e-08,5.8155956421264865e-06
ENSG00000122952.19,794.1141315150968,2.245049383771314,0.4173433968503041,5.37938158531974,7.47421371135565e-08,5.845221186894664e-06
ENSG00000183807.10,234.70602179566342,-2.0656002933300686,0.3839967586071166,-5.379212837167389,7.481222201435596e-08,5.845221186894664e-06
ENSG00000155886.14,34.95148879824751,4.653217700848795,0.8660709127129045,5.3727906486005015,7.752732189735339e-08,6.038833076597823e-06
ENSG00000148123.17,49.43620119489377,-3.2831841912827087,0.6114839768088047,-5.369207233224487,7.908350431579302e-08,6.141268104962085e-06
ENSG00000226891.10,42.560013888009145,-3.285683230583148,0.6123145624207904,-5.366005370823084,8.049954541455108e-08,6.2322307636900635e-06
ENSG00000153291.17,442.78186425412525,-2.5003770052842076,0.46603705541680684,-5.365189261716453,8.086438244117596e-08,6.241505106543009e-06
ENSG00000128165.10,496.0635648924874,2.440166117274732,0.4551646718124407,5.361062200979098,8.273402182823378e-08,6.366520453132757e-06
ENSG00000105173.16,309.2941691634963,3.2825524721917625,0.6125342554826727,5.358969629551794,8.36979221565648e-08,6.4020113370866724e-06
ENSG00000138623.11,640.4178187736513,2.266243285599394,0.42287959405264036,5.359074586411211,8.364931797128051e-08,6.4020113370866724e-06
ENSG00000100292.19,1940.55061184688,1.9931451150148836,0.37198968077983197,5.358065607724636,8.41176968485124e-08,6.414855857570238e-06
ENSG00000138964.20,950.0362208040482,2.1850810826085434,0.4079271398992748,5.356547453910722,8.48272287879709e-08,6.4496547595773344e-06
ENSG00000024526.19,290.951265754265,3.489430309275116,0.6518616260017848,5.353023049811437,8.649682591064258e-08,6.537568702581534e-06
ENSG00000179222.20,7479.680475744203,1.581715688953487,0.2954660493779995,5.353290817280824,8.63688689883487e-08,6.537568702581534e-06
ENSG00000101412.15,825.1391585960171,3.3639047862616436,0.6291350374462487,5.3468724296714205,8.948704078040065e-08,6.743563360111198e-06
ENSG00000118193.14,255.9302941228246,3.6579202162612785,0.6843740971864255,5.344913302972147,9.046034085690336e-08,6.796800418779308e-06
ENSG00000106823.15,2339.1134988402564,-1.4288804788483327,0.2675290332284891,-5.341029575761842,9.242017516070461e-08,6.883141174030138e-06
ENSG00000186818.15,1070.0323804411885,2.467432042224642,0.46195028911275726,5.341336720372455,9.226369655686525e-08,6.883141174030138e-06
ENSG00000019169.13,202.60023957182298,2.6210872220361754,0.4906941185199479,5.341590867121067,9.213441231572504e-08,6.883141174030138e-06
ENSG00000104738.21,3381.2878855214444,1.567764791398995,0.2935933508303994,5.339919269168492,9.298798044853312e-08,6.905238629750983e-06
ENSG00000204540.11,67.29577121935013,-2.1163264977740326,0.39655160527232935,-5.336824941915588,9.458828238844373e-08,7.003657385802472e-06
ENSG00000109971.16,38346.32848598436,1.233463764371959,0.2311869468154409,5.335352109462506,9.535932525924723e-08,7.040282242545757e-06
ENSG00000231806.5,77.40982889656036,3.4128138807854436,0.6403390105435581,5.329698526236037,9.837593064452208e-08,7.242003842331277e-06
ENSG00000175567.14,4012.436277399599,1.639525242123555,0.30766179034930347,5.328985572963487,9.876284072920991e-08,7.249534052489065e-06
ENSG00000276386.1,47.90616746934548,-2.9659626233095406,0.5567148160617198,-5.327615751797634,9.951036206438532e-08,7.2834150348906845e-06
ENSG00000051180.19,223.63487100523213,2.961757312053606,0.5562419199202964,5.324584872132605,1.01183850463823e-07,7.384681533421306e-06
ENSG00000151303.13,61.68306242078085,-2.7423123999349577,0.5151245876383378,-5.323590575451815,1.0173875767915947e-07,7.4034454743984914e-06
ENSG00000172201.14,4006.2213860416086,-1.8535318278773343,0.3482063449684884,-5.323084586655287,1.0202227480326137e-07,7.4034454743984914e-06
ENSG00000105011.11,392.3102137577379,2.7196018721297284,0.5113689462646698,5.318277325980098,1.0475431866943894e-07,7.580105826219543e-06
ENSG00000287354.1,37.83036228678158,-4.187952232016057,0.7875910010870956,-5.317420115561902,1.0524886752758718e-07,7.594317010751198e-06
ENSG00000146670.11,739.7990544314035,3.5499877138388274,0.6677587701664262,5.31627269074139,1.059143872599086e-07,7.620749598579468e-06
ENSG00000112149.13,1037.334618543641,2.103705034409446,0.39607269739199,5.311411385489735,1.0877946187613818e-07,7.804849784358072e-06
ENSG00000123975.7,469.34227972493954,2.6486426340695117,0.49897682179337466,5.308147630084329,1.1074493022315619e-07,7.923550892455087e-06
ENSG00000117009.14,333.54357897178147,4.214993067153213,0.7942386668405296,5.306960291823108,1.1146844835181294e-07,7.94572152803528e-06
ENSG00000112183.16,73.23641078984048,-2.6510489295342503,0.4995742309575071,-5.306616645244346,1.1167870547040284e-07,7.94572152803528e-06
ENSG00000048342.20,508.42310234863476,-1.2964935520386687,0.24434434526340978,-5.306010051679378,1.120507813952433e-07,7.9499873340341e-06
ENSG00000169607.14,256.65834586030553,3.9576181415218046,0.7462517752915463,5.30332827680797,1.1371016914311256e-07,8.045310328456168e-06
ENSG00000177494.8,128.63494441478895,5.0199683971862745,0.9473600050623407,5.2989026034046445,1.1650075432643104e-07,8.219918873818628e-06
ENSG00000102144.17,14614.780885481085,1.5629212467062792,0.29516668431464005,5.295046256102012,1.1898628790827927e-07,8.372098727380611e-06
ENSG00000092096.20,1408.7737583597975,-1.917673363201906,0.36231886605823793,-5.292778110245204,1.2047206004023978e-07,8.432513569197242e-06
ENSG00000130066.18,12088.090660898073,1.432436086144606,0.2706424531815561,5.292725030036879,1.2050704484267582e-07,8.432513569197242e-06
ENSG00000183856.13,656.4355805326155,3.743646448917879,0.7078600327454891,5.288681767210194,1.2320102135982144e-07,8.597406068646608e-06
ENSG00000121152.12,413.56234835215247,3.2368018268517806,0.6125484213096097,5.28415667112748,1.262851430875314e-07,8.788548851318338e-06
ENSG00000049768.20,192.44879282463586,2.9401169536716147,0.556989251385877,5.27858831450722,1.3018291940020734e-07,9.03512027259586e-06
ENSG00000196787.5,120.7836200443494,3.059330100842453,0.5796607639221889,5.277793998237776,1.3074832914255004e-07,9.049702966276881e-06
ENSG00000271133.8,87.64436537683932,-1.9413615214292215,0.3681782853802109,-5.272884356621991,1.3429619189724808e-07,9.270076704105166e-06
ENSG00000228971.5,667.3561484815939,-4.594799642530321,0.8715443556136956,-5.2720204232117425,1.349300585662942e-07,9.288658166870486e-06
ENSG00000198796.9,72.95125282868636,4.025478023085076,0.7639751972352211,5.269121350605401,1.3707832399901783e-07,9.411110486735802e-06
ENSG00000253755.1,164.28336578439195,3.6410736076669763,0.6916087573115275,5.264643585227038,1.4046158555562416e-07,9.617465176578771e-06
ENSG00000088543.17,472.0976586178208,-1.2385764997715416,0.23532495430473527,-5.263260343259817,1.4152295095234116e-07,9.664158401359467e-06
ENSG00000178999.15,379.09168575136516,4.197796192401707,0.7977071159486708,5.262327624355576,1.4224300320957628e-07,9.687357044789085e-06
ENSG00000168542.20,54693.43730942217,1.9362560931714572,0.36826868438561544,5.257726695935939,1.458470523607793e-07,9.906320721817093e-06
ENSG00000148513.21,1521.0607993857557,-5.14610951302178,0.9789454639149977,-5.2567887616961455,1.4659252662185175e-07,9.93047405740741e-06
ENSG00000158714.13,396.8710840185593,3.6552379609251227,0.6956053626284076,5.254758167926533,1.4821909852008834e-07,1.0014028271631751e-05
ENSG00000126562.19,187.36037117613165,-3.896810559944443,0.742099757889192,-5.251060276624295,1.5122617833664376e-07,1.0190163990509664e-05
ENSG00000100453.16,335.6681162470126,3.7720086221768265,0.7184788795694038,5.249992351114695,1.521055260967984e-07,1.022237428815713e-05
ENSG00000203685.12,466.65684771208765,-2.4190729194683325,0.4608525791062357,-5.249125271599462,1.5282312936563774e-07,1.0243573494926736e-05
ENSG00000187123.17,418.30910684350965,-3.407291914963998,0.649365986927467,-5.247105613101024,1.545073354821632e-07,1.0302241733157536e-05
ENSG00000172752.16,20.171693510401322,6.410703091280067,1.221656229233675,5.247550774002435,1.5413457777422234e-07,1.0302241733157536e-05
ENSG00000159958.8,321.8604966543625,3.4601271998813896,0.6599680918141226,5.242870439948361,1.5809755566145953e-07,1.0514106632514453e-05
ENSG00000143228.15,447.32401716865996,3.725048291758008,0.7105718027268358,5.242324952190685,1.5856579735176918e-07,1.0517784959236753e-05
ENSG00000135476.14,464.33522070721114,3.164855326648649,0.605665024803125,5.225421969309527,1.737583870837952e-07,1.1495584097172331e-05
ENSG00000131747.17,2948.0916258955885,3.994134981087413,0.765875674783187,5.21512186977099,1.8369642240977265e-07,1.212158439170808e-05
ENSG00000164109.16,924.8233804824005,2.766331726067955,0.5306905047824297,5.212702509539122,1.8610922402671387e-07,1.2217494961815537e-05
ENSG00000156802.15,1599.932679721511,1.8250862438425042,0.35010958466339553,5.212899971296672,1.8591115495939317e-07,1.2217494961815537e-05
ENSG00000182575.9,304.4511437956487,-2.161020919051135,0.41470641788473706,-5.210965699720052,1.8786018562145042e-07,1.23007372441233e-05
ENSG00000163808.19,316.5675077303009,3.446910417524604,0.6617235638407261,5.208988474761736,1.8987290587000257e-07,1.2400648167730348e-05
ENSG00000134765.11,29.007537961678526,-3.6411295839547635,0.6995927400600084,-5.204641751488789,1.943712089870961e-07,1.2661966915883184e-05
ENSG00000129596.7,714.8089247722278,-2.3155192977980703,0.444936928393455,-5.204151757326087,1.9488470391705287e-07,1.2663031360896057e-05
ENSG00000180071.22,54.97795101087087,-3.0220722452069406,0.580929872442703,-5.202129187297055,1.9701818990592714e-07,1.276908477123122e-05
ENSG00000171241.11,330.68466086103535,2.623709632894065,0.5044270535527589,5.201365815760409,1.978292775827835e-07,1.278911048048497e-05
ENSG00000115163.17,357.95402850722036,4.201565613881388,0.8087059920765749,5.1954179331510995,2.042604304467082e-07,1.3171436516223051e-05
ENSG00000137309.23,2967.318582174648,1.9692521299955894,0.37909744390818906,5.1945803424422685,2.0518215046627073e-07,1.3197460996278742e-05
ENSG00000166851.17,287.8459796519287,3.2377813567526563,0.6237093414031908,5.191170216351825,2.0897646670519826e-07,1.3407656381481374e-05
ENSG00000182010.13,278.9445287721874,2.094045157874572,0.40346386397228934,5.190167806498763,2.101046457322783e-07,1.3436469599619925e-05
ENSG00000072274.16,6050.672361857691,2.3664061583561034,0.45596944710408566,5.189834918513555,2.104806003002768e-07,1.3436469599619925e-05
ENSG00000105255.13,46.50086083010291,3.356439050950004,0.6468859720595632,5.188610042452666,2.1186954675607267e-07,1.3491323063559818e-05
ENSG00000120694.22,5095.5846089020215,1.2314335747752743,0.2374230537835634,5.186663869203949,2.1409464197508642e-07,1.3599014029295327e-05
ENSG00000065328.19,422.2342009845865,4.0599437552882245,0.78296065097168,5.185373939609481,2.155818679175802e-07,1.36594173077828e-05
ENSG00000211893.4,35472.8557907523,3.3428402544448925,0.6447787748416828,5.184476265158828,2.166227287686621e-07,1.3691308993713628e-05
ENSG00000160856.23,311.52823483965284,3.692265512133109,0.7137958406084245,5.172719287612968,2.3071148895443903e-07,1.4545674096927021e-05
ENSG00000229108.5,85.58693565593856,-3.414572148249682,0.6607427934918008,-5.167778115603547,2.3689330517704288e-07,1.4898541669541874e-05
ENSG00000113396.15,292.0931953419624,-3.399886867981144,0.6581200632639872,-5.1660586840632,2.390817545232549e-07,1.4999141304093167e-05
ENSG00000179915.26,189.11949459676288,-4.013566447437613,0.7769902754314323,-5.165529832672664,2.3975878196869244e-07,1.5004658318242175e-05
ENSG00000011422.14,1555.6307367640711,3.072168939231688,0.5948398176984743,5.1646995507435545,2.40825434310409e-07,1.5034472150295166e-05
ENSG00000157782.12,92.36916321836367,-3.3698870246038917,0.6530091364899571,-5.1605511106898865,2.462239272000247e-07,1.5333911123989803e-05
ENSG00000136295.18,7309.902201892605,2.1083802512236614,0.40892742981537045,5.155878763563474,2.524441975548886e-07,1.5682941843708703e-05
ENSG00000139946.12,621.6717491536056,-1.9192427544751334,0.3723091034188916,-5.154971331216038,2.536697357731829e-07,1.572073440359791e-05
ENSG00000158406.6,550.2805977213656,3.284430316950581,0.6380136751002102,5.147899559417294,2.6341946878077823e-07,1.628533322649321e-05
ENSG00000130203.12,42110.361629508974,1.648482495415977,0.32026416302352323,5.1472586874944755,2.6432070180635083e-07,1.630148328258974e-05
ENSG00000101049.20,126.79937932815615,-3.746696555161833,0.7285695636536477,-5.14253784686367,2.7105181575763736e-07,1.6676233814402855e-05
ENSG00000104524.16,800.7503366615855,1.0881784905385294,0.21186260677823243,5.136246112923468,2.802805588176327e-07,1.7194218659020857e-05
ENSG00000135338.16,452.98519069479454,-1.4136233540629182,0.2752444188502467,-5.135883808172814,2.808211284265508e-07,1.7194218659020857e-05
ENSG00000232679.4,25.72471072743288,4.095720861853364,0.7977386508875398,5.134163748110473,2.8340127689132306e-07,1.73105849489182e-05
ENSG00000225783.10,721.7013270522103,3.024850909444973,0.5893672637426975,5.132370078100476,2.8611622219934034e-07,1.7434608362773677e-05
ENSG00000147257.18,2268.7261508927463,-3.0156097690626336,0.5877807988528592,-5.130500647431901,2.889725659041928e-07,1.756663538459593e-05
ENSG00000013810.23,1151.9927711781163,1.9585345596193575,0.3819560818355324,5.127643341107182,2.933915834185079e-07,1.779280243155432e-05
ENSG00000169245.7,3413.1594647078714,3.8077969250303645,0.7430207865286472,5.124751546750374,2.9793034906082985e-07,1.8025139954699283e-05
ENSG00000163749.19,142.23606758648518,-2.862692560404922,0.5591390812903168,-5.119821983823292,3.0582420110715217e-07,1.8458882053081215e-05
ENSG00000177807.12,85.10497718798152,4.424593717743308,0.8648696139651231,5.115908393934782,3.122345796199633e-07,1.880124580969287e-05
ENSG00000078549.18,505.69396344621873,-2.6975821086685805,0.5275138673528985,-5.113765297214339,3.15799700250354e-07,1.8971071144048977e-05
ENSG00000137135.20,88.9652952948987,3.007794218510903,0.5887232076970644,5.109012485301249,3.2384695557837903e-07,1.9408719542439745e-05
ENSG00000270876.4,18.222761555952804,-4.06334669886345,0.7965668125631995,-5.101074554924499,3.377304809776674e-07,2.0169780154284412e-05
ENSG00000166924.11,94.43394694627477,-2.598868330606777,0.509496998541329,-5.100851110109069,3.3812948552783335e-07,2.0169780154284412e-05
ENSG00000106366.11,1410.5053053570482,2.691949903606821,0.527918538052692,5.099176690283484,3.4113400596933657e-07,2.0301458565525634e-05
ENSG00000107485.20,5548.915228869825,-2.7156945583622187,0.532906438292959,-5.096006284069883,3.4689361679354715e-07,2.0596100963516174e-05
ENSG00000186910.7,51.9687329402515,-4.9729804518964915,0.9762724297298533,-5.093845017494324,3.5087362864407543e-07,2.0783958593472663e-05
ENSG00000259460.2,29.35095356591263,-3.601368983437937,0.7074368331960506,-5.090728690458074,3.566900877087022e-07,2.1079473837652792e-05
ENSG00000134057.17,1018.2379134845293,2.2898278992924244,0.4500461592414297,5.087984537301725,3.618888686837897e-07,2.133720225519631e-05
ENSG00000103253.21,528.9056154782579,1.7643624398282038,0.3469469133216015,5.085395984465015,3.6685984475889934e-07,2.1580339736383198e-05
ENSG00000179218.17,21993.62225705814,1.2209004177796112,0.24016257068418725,5.083641527909401,3.702664492874347e-07,2.173054546036924e-05
ENSG00000111665.14,323.36067614792705,3.1718424021618503,0.6245345939080321,5.078729718259499,3.7996680856450124e-07,2.2248585243554967e-05
ENSG00000101349.18,50.09203339048504,-3.220224037530973,0.6344127908785647,-5.075912850167247,3.8564003134724366e-07,2.2528984491847808e-05
ENSG00000090530.12,474.3385819483913,-2.1574150119844893,0.42542103044543755,-5.071246735793869,3.952179698167395e-07,2.3035690867739525e-05
ENSG00000214140.12,94.247656641671,-1.6870225936070855,0.33300919637633736,-5.06599400846745,4.062746942031032e-07,2.3626079306043927e-05
ENSG00000189159.18,1296.2318536031357,1.8097439042334011,0.3573201893383119,5.064768121792104,4.08897756578072e-07,2.3670533540454712e-05
ENSG00000153822.17,184.07007281833967,-4.457642588487335,0.8801247027951139,-5.064785222288028,4.088610540623406e-07,2.3670533540454712e-05
ENSG00000135074.18,1160.7259197610622,2.7383807994856486,0.5407283271864349,5.064245133474386,4.1002177444067365e-07,2.3681779176368248e-05
ENSG00000164007.12,179.76080686746477,-3.687440508144873,0.7283114080600653,-5.062999792858884,4.127103019570829e-07,2.3783131450563026e-05
ENSG00000131203.14,1222.606279686441,4.454573878548351,0.8800574847270993,5.061685123818575,4.1556695407117774e-07,2.3893692747510085e-05
ENSG00000112175.10,79.93838210953734,-2.987586062711529,0.5904275261024672,-5.06003858328421,4.191716487604843e-07,2.4046669066617783e-05
ENSG00000121966.8,4589.887335588822,2.95465617284097,0.5841324284641379,5.058195759837647,4.2324183307684087e-07,2.4225601641124076e-05
ENSG00000133466.16,822.9985000267377,1.7896872102354993,0.35385077795103775,5.057745585861444,4.2424189767097206e-07,2.4228397703088184e-05
ENSG00000286647.1,29.043362519851897,-5.609244891272275,1.1093956783095824,-5.056126502871582,4.2785758056778146e-07,2.4325804541611523e-05
ENSG00000198805.14,1316.9747002081774,1.8059699890646224,0.35717839705314297,5.056212816801236,4.276640792363662e-07,2.4325804541611523e-05
ENSG00000203499.13,2590.0703054422165,2.0219081551562796,0.40044103923139857,5.049203146203757,4.4365675993684257e-07,2.5167887154457276e-05
ENSG00000124507.13,290.66197413830656,3.611660874845438,0.7161083906103037,5.0434556028137,4.571988867157862e-07,2.5878472985639535e-05
ENSG00000071539.16,529.5198710431301,3.460237134905314,0.6870590311825377,5.03630252694546,4.7461025227395126e-07,2.6804429569112665e-05
ENSG00000234261.7,44.75107040562232,3.1578628151570713,0.6271738954605937,5.035067368098845,4.776808090053793e-07,2.691815904021243e-05
ENSG00000090382.8,9641.163532785271,3.453623519199514,0.6867710529408322,5.028784344376052,4.935991449029274e-07,2.7687866532751808e-05
ENSG00000165028.14,329.1189283493473,-1.8903359324482631,0.3759022356866052,-5.028796726881566,4.935672758085885e-07,2.7687866532751808e-05
ENSG00000157404.19,5917.012930723698,-2.3952776244333425,0.4763502824699203,-5.028395516034139,4.946008901261071e-07,2.7687866532751808e-05
ENSG00000142583.20,417.00857313700163,2.244266518559364,0.4463862747511729,5.027633342468641,4.965701824852437e-07,2.773714718877553e-05
ENSG00000251381.8,45.18125199630022,-3.204954622091649,0.6377274467670934,-5.025586774316993,5.018955590139374e-07,2.7973264296814006e-05
ENSG00000169248.14,961.0010540698707,4.0084847937326025,0.7977231536522194,5.024907169085589,5.036761101035861e-07,2.8011210044647253e-05
ENSG00000149380.14,125.15031812497463,2.62581475661691,0.5226422439262475,5.024115036876835,5.057591679994865e-07,2.805127876185252e-05
ENSG00000168497.7,1204.3379641124259,-3.2828491968524,0.6534598300209807,-5.023796484547485,5.065992002847222e-07,2.805127876185252e-05
ENSG00000073282.15,1588.8147348331186,-3.7928033729294923,0.7551639037219867,-5.022490288844382,5.100577697532291e-07,2.818152159085575e-05
ENSG00000182481.12,2329.3935181282686,2.4368872492929787,0.48643509762972365,5.009686309987333,5.451882556710465e-07,3.005733779263469e-05
ENSG00000236751.5,21.56637483898666,-3.9112764366315838,0.7811626198165219,-5.006993854301755,5.528669149746313e-07,3.0414844905656232e-05
ENSG00000009790.17,1012.3134212130709,2.545189430744643,0.5086148676727953,5.00415853431565,5.610656964708384e-07,3.079936283363949e-05
ENSG00000182379.11,651.3582659836619,4.560999964500674,0.9116470742390844,5.003032525835241,5.643541434875948e-07,3.091325675004844e-05
ENSG00000165891.18,88.29326477567788,2.4626799208151477,0.49236012452966926,5.0017858841993785,5.680165669560704e-07,3.1047102954802726e-05
ENSG00000290885.2,110.31223244709074,-2.2840671355096895,0.45674786886168905,-5.000717663340304,5.711730397847558e-07,3.115278050611887e-05
ENSG00000004776.15,954.5799722680237,-3.029716632573931,0.6059620605843571,-4.99984541879113,5.7376295923042e-07,3.122717165503852e-05
ENSG00000139618.19,407.2789603400847,2.5036447129349364,0.5007867817785712,4.999422516790694,5.750227361709452e-07,3.122900663754829e-05
ENSG00000166803.16,139.80651160798615,2.598653561208535,0.5199658523079483,4.997738889340544,5.800645614644623e-07,3.143579669161983e-05
ENSG00000140022.16,597.0577012356525,-1.460920698345477,0.2928700276207721,-4.988290233089935,6.09160062312882e-07,3.294249670312403e-05
ENSG00000165804.18,2370.0870638446186,-1.5493281611310326,0.3106748341870153,-4.986976705678039,6.133145674000304e-07,3.309689692001308e-05
ENSG00000153395.13,3383.405511090697,1.340456608820139,0.2691768086607935,4.9798369164459935,6.363787612167609e-07,3.426892902104042e-05
ENSG00000133800.11,1632.8802630924708,-3.508291270508571,0.704616313934876,-4.9790094284317465,6.391052964640171e-07,3.434314558277422e-05
ENSG00000296756.1,56.68817600511328,-4.127752105681466,0.8304369891710683,-4.970578333464814,6.67534847018668e-07,3.57201262361607e-05
ENSG00000291116.2,66.2628599231185,-5.312282203614066,1.0687127362593754,-4.970729760560074,6.670136528326712e-07,3.57201262361607e-05
ENSG00000205744.12,999.9114043535378,1.4514696909273475,0.29224007516597705,4.96670311251114,6.810072233495656e-07,3.636464357638739e-05
ENSG00000102575.16,3696.6956452918735,1.779790243030562,0.35851441866167905,4.964347737182936,6.89323406479007e-07,3.673170813059997e-05
ENSG00000108829.12,687.5920292372621,1.6297140964176515,0.3283585863557064,4.963214498226047,6.933593448968239e-07,3.6787974605508214e-05
ENSG00000155660.13,8692.631213546136,1.5326124122119862,0.3088178612837069,4.962836041416644,6.947122525715305e-07,3.6787974605508214e-05
ENSG00000291115.2,137.3555500908067,-2.2616759034863447,0.4557045425122638,-4.963031290006241,6.940139604531988e-07,3.6787974605508214e-05
ENSG00000198483.15,414.9356606066284,-2.120774754125818,0.4275040714498227,-4.96082937159755,7.019283032527972e-07,3.7092978863385886e-05
ENSG00000196440.13,589.861137133345,-1.591584667035437,0.3211650922326961,-4.955658960228076,7.208555994738058e-07,3.801431257597786e-05
ENSG00000157193.20,426.60816537192574,2.4733745670997407,0.49961260887131703,4.950584759434678,7.399082343618096e-07,3.893843520130093e-05
ENSG00000166986.17,3311.0716490353243,1.2354592373358617,0.24962950230904732,4.949171575907457,7.453002496210377e-07,3.914132506824217e-05
ENSG00000106105.17,2590.4632791026725,1.3429239255008598,0.27144815641293785,4.947257491990294,7.526638455397301e-07,3.932405813997643e-05
ENSG00000131094.6,87.05390867409852,-2.9288254183461713,0.5920330324016235,-4.9470641975249,7.534113451497192e-07,3.932405813997643e-05
ENSG00000105227.18,701.6104330865836,-1.5813838494405006,0.3196326234395643,-4.94750452073146,7.517095870915361e-07,3.932405813997643e-05
ENSG00000121933.20,84.84718740385634,2.397024666035912,0.4848897890300566,4.943442242474875,7.675509719988787e-07,3.998014480119313e-05
ENSG00000168702.19,145.95376267956087,-3.4358294677675945,0.6951093033746353,-4.942862152883349,7.698391823133756e-07,4.0017497576946917e-05
ENSG00000163534.18,258.8343158601215,4.350021145979241,0.8808496738479796,4.938437596254346,7.875097035758133e-07,4.085266733152656e-05
ENSG00000106006.7,221.1021218592839,-2.1836447165859676,0.44232578635635794,-4.936733927663722,7.944173527590415e-07,4.112724469944217e-05
ENSG00000112164.7,90.26266653454543,-3.118652326553661,0.6322117786065617,-4.932923479260993,8.100789712955388e-07,4.1852984742127114e-05
ENSG00000133067.20,618.0728788132396,-2.3849742310563387,0.48374248243769113,-4.93025590607196,8.212196907180337e-07,4.2342685713115455e-05
ENSG00000152779.16,70.92603062445541,-2.5456629879548838,0.5164238512227759,-4.929406304389939,8.247988033245748e-07,4.244131377672777e-05
ENSG00000230937.14,2178.01668322102,-3.508166437572852,0.7119076705120053,-4.927839076449017,8.314405115468046e-07,4.269681707582391e-05
ENSG00000280362.1,25.109551536151173,-4.559714997383889,0.9254489965525662,-4.9270300301469865,8.348892726699372e-07,4.278765525991141e-05
ENSG00000123838.13,114.63902000059574,-3.904931168402634,0.7929212224521066,-4.92474038760956,8.447242726493496e-07,4.320476294909957e-05
ENSG00000211653.2,9058.37555613378,3.940642593549181,0.800241769550148,4.92431505514189,8.465635055856858e-07,4.321065683769197e-05
ENSG00000228162.3,18.80226897186894,-3.986352032227494,0.8095874907543432,-4.923929875093748,8.482324376289108e-07,4.321065683769197e-05
ENSG00000091513.18,1062.4425654875436,-3.3629319857155497,0.6831393800934592,-4.922761128564236,8.533158710064493e-07,4.3382851398014514e-05
ENSG00000198826.13,195.66458640616744,2.523049841080818,0.5131166145104652,4.917108060295248,8.783207346619341e-07,4.456515424815563e-05
ENSG00000184564.12,328.87606573196877,-3.360506605836857,0.6839086527622407,-4.913677568289416,8.938370332865784e-07,4.526227251459729e-05
ENSG00000173894.12,977.6921649095428,2.674579144830518,0.544701628956563,4.9101728407788565,9.099615228715662e-07,4.584359670970347e-05
ENSG00000004468.15,549.0013400223331,3.089352309869076,0.6291946810750757,4.910010212722147,9.107164985713147e-07,4.584359670970347e-05
ENSG00000258818.6,30.858602407809926,-3.0825746126711127,0.6277986219972356,-4.910132811162313,9.101472982708619e-07,4.584359670970347e-05
ENSG00000029153.17,596.3388736386321,2.254631403031177,0.4593718113671598,4.908075217591288,9.197458219064687e-07,4.620679650844115e-05
ENSG00000181856.17,175.35507573086366,-3.7367329203030297,0.7615326022266963,-4.906858760054324,9.254662719549181e-07,4.64026602617396e-05
ENSG00000226409.4,16.162960297400808,-3.8671785604747653,0.7884005968814272,-4.90509339512382,9.338289523108767e-07,4.672997493970597e-05
ENSG00000102100.18,1883.962060824905,1.843873932218238,0.3761412514922819,4.902078474251242,9.482793799601825e-07,4.7360047229344724e-05
ENSG00000215251.6,904.2544247414548,1.272726847185091,0.2597713832151518,4.899411287851416,9.612423906114962e-07,4.791351258564661e-05
ENSG00000178199.15,349.88158902907077,2.707239767710689,0.5526734614406571,4.8984435776121975,9.659876805347693e-07,4.805600041191623e-05
ENSG00000135838.16,991.8270548974596,1.9076311706442548,0.3896042199456531,4.896330873701407,9.764260799955493e-07,4.845666822289503e-05
ENSG00000233006.9,190.81504658698492,-1.6397761777341604,0.33494466622868085,-4.895662905151671,9.797488961874658e-07,4.845666822289503e-05
ENSG00000246084.8,24.03842616875073,4.113268838800447,0.8401450099961448,4.895903433169616,9.785511349924014e-07,4.845666822289503e-05
ENSG00000211897.9,31945.061064322683,3.887273064551359,0.7942935791744399,4.894000362676544,9.88066560880537e-07,4.8773339868581705e-05
ENSG00000154258.18,880.1303811077385,-2.8252917228545638,0.5774040031221848,-4.893093410467232,9.92632635566924e-07,4.8903957177031174e-05
ENSG00000226833.8,141.4960742977526,-2.3217626184017437,0.47456104481412004,-4.892442487164429,9.959222391026758e-07,4.8971303768695476e-05
ENSG00000115423.20,101.60969176966502,-1.963976877017096,0.40184265043539386,-4.887427640866742,1.0216202481649184e-06,5.004741790268867e-05
ENSG00000171346.17,20949.882204411115,-3.2188881786997805,0.6586088241960821,-4.887405179590257,1.021736771598999e-06,5.004741790268867e-05
ENSG00000157542.13,19.06781358400967,7.075404336814845,1.4479770591546648,4.886406377836882,1.0269312548353845e-06,5.02053090055894e-05
ENSG00000183378.13,99.9098562902533,-4.164284653694776,0.8529190123644863,-4.882391637806768,1.0480683659854854e-06,5.087685744814639e-05
ENSG00000129244.11,191.5037827789086,-2.5007132050005296,0.5122804830914133,-4.881531285185216,1.0526521877889815e-06,5.087685744814639e-05
ENSG00000133816.22,2286.4562565206656,1.5213922943465135,0.31162747571744287,4.882086506794355,1.0496918526015556e-06,5.087685744814639e-05
ENSG00000154263.19,951.9260462026516,-3.532775586712152,0.7235395252189648,-4.882629716245327,1.046803319438184e-06,5.087685744814639e-05
ENSG00000187116.16,43.1537641784879,2.7235237841241275,0.5578998924629794,4.881742801742613,1.0515234758135872e-06,5.087685744814639e-05
ENSG00000167434.12,263.09681901622366,-4.4392930628335945,0.9091267597637801,-4.88302980322245,1.0446807384112897e-06,5.087685744814639e-05
ENSG00000187134.16,1516.2509083221755,-3.1347813190237543,0.6425238312690438,-4.878856108468805,1.067028705916929e-06,5.147403062198883e-05
ENSG00000144857.17,3204.9380305773484,-1.9573736738255738,0.40139228442100716,-4.8764606341375245,1.0800623018051287e-06,5.2004285234930875e-05
ENSG00000187741.18,308.77585985670066,1.9353243565959062,0.39696772404595987,4.875268792310781,1.086603969070796e-06,5.222054659660801e-05
ENSG00000186265.13,163.22957561692377,2.9584337598014163,0.6071972738204664,4.872277737986278,1.103189334555422e-06,5.291776937939954e-05
ENSG00000007516.17,394.1507581834512,-2.038518516195022,0.41843128319069306,-4.8718119272788725,1.1057940750463103e-06,5.294300918327927e-05
ENSG00000068489.13,571.6730402297625,2.84062925087827,0.5832639880219396,4.870229105883731,1.1146892597782935e-06,5.326876198088727e-05
ENSG00000101670.14,482.6974740303348,2.3655169491912367,0.4858213028762779,4.869109146071459,1.1210247962687196e-06,5.3471203344120896e-05
ENSG00000077152.14,384.6808808036227,2.75499405910114,0.5661267187657858,4.866391159045291,1.136544679013404e-06,5.40091968640866e-05
ENSG00000180777.17,86.00441865054631,-4.451887990448714,0.914781690250312,-4.86661248021978,1.1352732278237338e-06,5.40091968640866e-05
ENSG00000139874.8,79.49465735654462,-3.3445901721742346,0.6873372975280144,-4.866010013137569,1.1387375074921143e-06,5.401263138423025e-05
ENSG00000165810.19,2611.995103706813,-3.511901280081979,0.7218479917606669,-4.865153495150778,1.1436801348032368e-06,5.414623924455993e-05
ENSG00000188610.14,70.93356981359676,2.9561114824348937,0.6080066312427015,4.861972436703384,1.1622180922085106e-06,5.4921812665385843e-05
ENSG00000082175.17,1743.9774536539423,-3.8832761800551334,0.7992462880042421,-4.858672775011402,1.1817525797902892e-06,5.574151844414529e-05
ENSG00000169495.6,56.03773128119105,3.981781114448454,0.8196790438622614,4.857731991886267,1.1873797810176552e-06,5.5903420336969865e-05
ENSG00000125454.14,303.82691705593214,1.564090836848776,0.32234459788682,4.852232198406351,1.220795707328474e-06,5.73706410726265e-05
ENSG00000274576.2,994.8628357555183,4.3708271686259685,0.9013522798206166,4.849188565314144,1.2396753492591713e-06,5.815059083053472e-05
ENSG00000163531.19,1047.1699942781577,-1.844537722696728,0.38056469378900765,-4.846844052536769,1.2544095430811837e-06,5.8733576234964755e-05
ENSG00000007314.12,314.8512268288924,-3.281122635428245,0.6771309864533842,-4.845624703447429,1.2621390413861352e-06,5.8987052336048164e-05
ENSG00000211966.2,4041.005077994187,4.037906768293285,0.8336444661073106,4.843679688954485,1.2745634717464565e-06,5.9458619393505485e-05
ENSG00000108106.16,2342.7844355210646,2.55341956837895,0.5272112640227151,4.843256854749096,1.2772799921452756e-06,5.9476414405726346e-05
ENSG00000083454.25,122.40828232131999,3.3284269466622103,0.6875344621235719,4.841105617283204,1.2911871994169027e-06,6.00142867816568e-05
ENSG00000167641.13,1050.7726547697714,-2.27815135830804,0.47074073288866486,-4.839503359584662,1.3016399120861537e-06,6.0389927505913335e-05
ENSG00000135127.14,1011.9145332839021,2.683293017969404,0.5551339814100431,4.8335953262198545,1.3408902483125966e-06,6.209784639049118e-05
ENSG00000258441.1,304.178576650934,-1.2661079320693889,0.26213647949426366,-4.82995703044488,1.3656251776977608e-06,6.312856424889232e-05
ENSG00000130653.18,776.8849131112202,-2.2109301893153317,0.4578667112096473,-4.828763775978015,1.3738326418110482e-06,6.339291887603118e-05
ENSG00000136854.28,600.2024491092715,-1.3575016575923387,0.28127522446711545,-4.826239709395547,1.3913503087747246e-06,6.40851423414123e-05
ENSG00000182916.10,184.41956656896127,-2.349021596983676,0.48680716421518533,-4.825363654560615,1.3974804168976418e-06,6.425130631552316e-05
ENSG00000146005.6,46.53883027128008,-3.372490803468206,0.6990367316652194,-4.824482964485118,1.4036691348656705e-06,6.44195613228171e-05
ENSG00000118946.13,384.97273121840783,1.9232962576888764,0.3986836342746882,4.8241163979250485,1.406252803806547e-06,6.442205965064129e-05
ENSG00000172987.15,552.4118744631013,-3.9015288846295983,0.8095116075520696,-4.819608327084603,1.4384033370076152e-06,6.577660933019923e-05
ENSG00000139631.22,1175.1469606161136,-1.1947556553377958,0.24820037183124682,-4.81367391403474,1.481805273758034e-06,6.76398962865428e-05
ENSG00000292333.3,35.55721059739095,4.643136313597262,0.9647343219632794,4.812865270666709,1.4878159690752627e-06,6.779277378947408e-05
ENSG00000244402.3,38.31515964409361,-4.689254945234319,0.9747342234850612,-4.810803634726576,1.5032464917841338e-06,6.837355605756012e-05
ENSG00000235687.10,432.3584855616726,-4.652302655215527,0.9675905128797386,-4.808131738879254,1.5234736132117358e-06,6.917004706259559e-05
ENSG00000139910.21,772.9502806478863,-3.21369616216378,0.6684924251260947,-4.807378575093944,1.529222420118382e-06,6.918697959943056e-05
ENSG00000163599.18,187.13310467847955,3.414611170922913,0.7103037147338768,4.807255122130729,1.530166708677765e-06,6.918697959943056e-05
ENSG00000196668.5,99.36770646351081,-2.650400197326421,0.5514014154862624,-4.806661939721576,1.5347117692151177e-06,6.918697959943056e-05
ENSG00000181778.6,32.47311113091761,-3.4942563315399555,0.7269518646786021,-4.806723115133388,1.5342424336406588e-06,6.918697959943056e-05
ENSG00000155918.9,36.92565564983576,4.578277845092181,0.9533374641751825,4.802368539091516,1.5679976041847706e-06,7.056266250210299e-05
ENSG00000164330.20,1086.762510659093,-1.8785875819881963,0.3913754291125986,-4.79996300801941,1.5869494025700384e-06,7.128957360293024e-05
ENSG00000176092.18,99.80736600414167,2.968568005973304,0.6187736559104027,4.797502249195863,1.606564059902893e-06,7.204364994680737e-05
ENSG00000167701.16,222.16438423435253,-2.5770664206257528,0.5372429464360701,-4.796836212967226,1.6119129660622438e-06,7.215647655284958e-05
ENSG00000164032.14,4892.543015209441,1.5418491979072646,0.3214937842866862,4.795891159539025,1.6195320329269237e-06,7.226310612893e-05
ENSG00000038945.17,2383.1454877468514,2.1014580132624068,0.4381837792250025,4.795837073154941,1.619969125657376e-06,7.226310612893e-05
ENSG00000123610.6,281.1173615371296,1.5298305003770258,0.3190187240875683,4.795425424487306,1.6232995335321854e-06,7.228507415838862e-05
ENSG00000097046.15,406.3585962497951,1.8797753231379533,0.39246330293631004,4.78968430697585,1.670439075683569e-06,7.425436945329177e-05
ENSG00000235819.3,27.992386995948028,-2.67574346896785,0.5589195490331703,-4.787349938996412,1.6899801230800333e-06,7.49921319076159e-05
ENSG00000137571.13,146.98627959561688,3.4324841053565174,0.7177512231492673,4.782275522005874,1.733218908471511e-06,7.677707620465714e-05
ENSG00000019485.16,557.6783894595774,-1.3173430195087203,0.27551636037904614,-4.781360416115994,1.7411287909939836e-06,7.699356151980514e-05
ENSG00000304597.1,211.79935185375854,-4.784363855340587,1.0007055415988435,-4.780990667540954,1.7443346097431497e-06,7.700164097880029e-05
ENSG00000224958.7,69.6071781772339,-4.2383062002043905,0.8870765225725507,-4.77783606301874,1.7719174911893766e-06,7.808392805896991e-05
ENSG00000158258.16,2794.2451278183485,-3.457484320356935,0.7238724133077087,-4.776372544103576,1.7848559236261949e-06,7.85182473759634e-05
ENSG00000164045.14,391.7221280008493,3.485991002157935,0.7300871258318313,4.774760270133705,1.7992145355872841e-06,7.901343695852364e-05
ENSG00000130176.10,3978.5035819600307,-3.3648741890235714,0.7055450451284916,-4.7691840687659734,1.849735884884744e-06,8.109229384492137e-05
ENSG00000111640.17,33527.023727220294,1.3402944543194175,0.281100226176129,4.768030508376856,1.860356169597726e-06,8.141775257014379e-05
ENSG00000171819.6,113.76369751152951,-3.7654146459447504,0.7898612200697193,-4.76718510830597,1.8681765440579104e-06,8.161976801663643e-05
ENSG00000293490.2,67.98230583985611,-2.5460488780925585,0.534140977187685,-4.766623395002953,1.8733901290762391e-06,8.170739722209056e-05
ENSG00000211945.2,1582.9771272369862,3.264212658350638,0.6852044416716139,4.7638521583241875,1.8993168541388106e-06,8.269658049875152e-05
ENSG00000287385.1,24.43299107519213,-2.708523904441527,0.5692510700708505,-4.758047980664168,1.9547404145004736e-06,8.496449334085591e-05
ENSG00000173114.15,213.65716165676469,-2.6392676971562268,0.554868573303543,-4.756563669560008,1.9691615171553816e-06,8.544550767200123e-05
ENSG00000149050.12,107.40644292202543,-2.5861111495854643,0.5437609296013566,-4.755970885001614,1.974949339192919e-06,8.555090921527693e-05
ENSG00000101003.13,508.3864072607496,2.9378126598240115,0.6178812869404947,4.75465550085018,1.987850892756437e-06,8.59635824947355e-05
ENSG00000132326.14,1303.1206998968737,-1.1400364936049767,0.240051298018637,-4.749136967867872,2.042865555169166e-06,8.804370313995571e-05
ENSG00000156886.13,54.09450666906889,3.111468765373344,0.655127349522704,4.7494105804622855,2.040103772075686e-06,8.804370313995571e-05
ENSG00000247809.12,201.37829001243836,-1.9847774193082428,0.4182038826410637,-4.745956462130073,2.075233500756777e-06,8.928762246245924e-05
ENSG00000165863.19,80.25059691604825,-4.5649757214638,0.961970245601472,-4.745443783045024,2.0804969124085075e-06,8.936313129166458e-05
ENSG00000253490.5,28.514520379872828,5.584544526322541,1.177074849923027,4.744426003739469,2.09098394670351e-06,8.966237728364494e-05
ENSG00000165801.12,3022.008910313656,-1.1589033669347835,0.244306477228772,-4.743645686682183,2.099058574239117e-06,8.98573461251169e-05
ENSG00000272068.1,22.43774763866713,-2.552301317237765,0.5381260714796994,-4.74294306205911,2.1063548671042203e-06,9.001839734901275e-05
ENSG00000165244.8,342.62896058459984,2.3914926530878002,0.5042856164420755,4.7423376259681564,2.112661453507532e-06,9.003327509122963e-05
ENSG00000239887.6,531.0187375375306,-2.195242923527519,0.462938048943628,-4.741979901061954,2.11639625042513e-06,9.003327509122963e-05
ENSG00000125657.6,69.41449702708584,2.723678252411553,0.5743863055273289,4.74189274048067,2.117307203472441e-06,9.003327509122963e-05
ENSG00000230107.2,50.40975381106649,1.9257338222636073,0.4061852947757638,4.741022993771146,2.1264179557167153e-06,9.026998625010077e-05
ENSG00000230490.5,32.50676836256051,-2.778683812453886,0.5861959104732711,-4.740196515889181,2.135110339973528e-06,9.048817881774664e-05
ENSG00000138640.17,1641.4398535047224,-1.4513475037425787,0.30626445216602505,-4.738870258948001,2.14913045460348e-06,9.093106612824791e-05
ENSG00000073910.24,1605.3235549673695,-1.0903198385283301,0.23011168539135154,-4.7382202110858485,2.156034481338563e-06,9.1071897635447e-05
ENSG00000010319.9,3257.870716818462,-2.0495327858408965,0.43267470841292266,-4.736890661713758,2.1702217515017084e-06,9.151940104718547e-05
ENSG00000115884.13,12275.72793205052,2.3832518938824996,0.5033051010173853,4.7352031383448585,2.1883580182331975e-06,9.213168112796327e-05
ENSG00000092345.15,13.125546324278652,5.7752320686591645,1.2200467746713055,4.733615291278547,2.2055558824156136e-06,9.270249815347871e-05
ENSG00000168389.20,245.6978240516692,2.1350904928998435,0.45115505478869866,4.7324982181565645,2.21773252016311e-06,9.306073314839305e-05
ENSG00000164039.17,1193.81532843681,-1.366541849508354,0.28889636266210894,-4.73021479715427,2.2428240769898177e-06,9.395883563323626e-05
ENSG00000173085.16,513.677372332205,1.5015445210805476,0.3175330162506145,4.728782344622225,2.2587036044557474e-06,9.44687019853733e-05
ENSG00000147614.6,27.411887542617553,3.9855035900306874,0.8436145093556231,4.724318448570697,2.308883754768688e-06,9.640914445526763e-05
ENSG00000256650.1,12.677273229402065,-3.7273178398712967,0.7896755691161478,-4.720062245363795,2.3577248435710725e-06,9.828741324156921e-05
ENSG00000227507.4,1139.1922486520557,3.448688583598485,0.7308331823101478,4.718845103197498,2.37187328753445e-06,9.85546239915008e-05
ENSG00000187730.11,101.32214172986656,2.4055422795248997,0.5097613195596346,4.718958044135176,2.370557003141889e-06,9.85546239915008e-05
ENSG00000227467.4,35.972400115562024,-4.220764275140438,0.8949356527961967,-4.716276820520895,2.401995769103982e-06,9.932018544618105e-05
ENSG00000089169.17,37.30464749294802,5.717804118882267,1.2122862003138202,4.716546404142949,2.398816747841479e-06,9.932018544618105e-05
ENSG00000105974.15,8761.264826570132,-2.309376343923258,0.4896143347821791,-4.716725348637228,2.3967088047594396e-06,9.932018544618105e-05
ENSG00000075702.20,301.83787298612043,2.6470222813256745,0.5615179183732418,4.714047752909275,2.4284371249236775e-06,0.00010025076500637113
ENSG00000152256.16,1703.9427549386824,1.8590465237169422,0.3943964526202358,4.7136492008639275,2.4331941306827136e-06,0.0001002846079330411
ENSG00000100721.12,86.93098391119395,4.685240297922471,0.9941904195546779,4.712618634990572,2.445536185518494e-06,0.00010051718842302625
ENSG00000151376.21,810.2335860348788,-1.2746238924210491,0.27047611507245295,-4.712519225882897,2.446729881915758e-06,0.00010051718842302625
ENSG00000152766.8,375.2544201166968,2.9661299052705656,0.6295653299215573,4.7113933444208875,2.4602884755010265e-06,0.00010091144566745031
ENSG00000076382.19,702.2694629109099,3.2831745719373444,0.6969220170831161,4.71096405546015,2.465477221130295e-06,0.00010096168858426004
ENSG00000277954.1,48.01404699830436,-2.009754370603474,0.42689188744524437,-4.707876700658212,2.503104231034965e-06,0.00010233799015841349
ENSG00000166106.6,775.4889055764578,-2.1350130359292616,0.4535578250846111,-4.707256534557584,2.5107286786980432e-06,0.00010248520861397092
ENSG00000203778.10,378.32983274365245,-1.1061861569886051,0.23501383735854753,-4.706897982781152,2.515146951959492e-06,0.00010250129282137635
ENSG00000244437.1,10435.425138570488,4.5614448966649475,0.9692742614864359,4.706041497140054,2.5257312694040517e-06,0.00010276821272043227
ENSG00000301690.1,19.06122023914241,-4.621388274120384,0.9822797583947349,-4.704757717569959,2.541676128136838e-06,0.00010325204570936748
ENSG00000059573.11,3377.4824143414103,1.269095544228995,0.2698398175010152,4.70314409482663,2.561854800757562e-06,0.00010390605673582145
ENSG00000170369.5,15.190751995073347,5.98455448344782,1.272561631125478,4.702762001518908,2.5666554213899556e-06,0.00010393526269987847
ENSG00000137693.16,5268.95806596599,-1.0467471886382795,0.22267328733841812,-4.7008206559030885,2.5911801764852334e-06,0.0001047618258337387
ENSG00000157150.7,789.2457088485429,-4.068002661650998,0.8657389633571166,-4.6988790314765465,2.615933337466144e-06,0.00010559498896767061
ENSG00000124635.12,331.348600657911,2.7485384828743,0.5850291382583467,4.698122372257902,2.6256410724130635e-06,0.00010581915151176129
ENSG00000182183.16,84.89185434079616,2.8985119178072254,0.6170594619420045,4.697297580828033,2.6362623101181864e-06,0.00010607936382467666
ENSG00000197291.10,194.56413815035512,-2.3695092607733965,0.5047847392164461,-4.694098447689752,2.6778505794318862e-06,0.00010751472652240222
ENSG00000074211.15,338.7208965820928,2.6511736246819817,0.5648118586851476,4.693905738547656,2.6803757740852503e-06,0.00010751472652240222
ENSG00000154027.20,1935.3617736513647,-3.662267303767739,0.7802794776354541,-4.6935327773400015,2.6852694230038647e-06,0.00010754166269391735
ENSG00000149090.15,1362.022406803891,-2.851724484817951,0.6077074954495604,-4.69259389783953,2.697626514354408e-06,0.00010782263163605355
ENSG00000078081.10,672.8063861736291,3.2606607065905493,0.6948875840394921,4.692357125789771,2.7007514029210536e-06,0.00010782263163605355
ENSG00000169418.12,1386.4022813719885,-2.390773652954649,0.5095946894060399,-4.6915199523394255,2.7118281958265194e-06,0.00010809542406243705
ENSG00000025708.16,5240.835763422079,2.130179804860634,0.45418101654543314,4.690155967026301,2.7299687726640433e-06,0.00010864849157582163
ENSG00000167483.20,291.9726828379828,3.7920333597119136,0.8086173613502587,4.68952750826403,2.7383662128757263e-06,0.0001088126767677966
ENSG00000254986.10,1321.098600617167,1.5169579341049368,0.32396974370617926,4.682406192476804,2.8352694901190287e-06,0.00011248777131280652
ENSG00000116017.13,640.8895651730313,1.1229647769151228,0.24008295936911475,4.677403093772367,2.9053079649564552e-06,0.00011500343699489148
ENSG00000070915.12,34.79832559089482,4.841730227295778,1.0351696065884481,4.677233756169101,2.9077073308747244e-06,0.00011500343699489148
ENSG00000172824.19,149.7947912530599,-1.8414308566574407,0.39394970866248574,-4.674279016246403,2.949880682239096e-06,0.0001164905594687008
ENSG00000153310.24,2970.935927970362,1.3741500855771362,0.29412884914164045,4.671932350693698,2.9837924141630622e-06,0.00011746549703423086
ENSG00000160949.20,918.4315982729863,2.243841277044483,0.48028092324092103,4.671935045646016,2.983753255664465e-06,0.00011746549703423086
ENSG00000303038.1,27.917731224046843,3.728953518112972,0.7983149204222838,4.671030720734207,2.9969210915857123e-06,0.00011780027333916618
ENSG00000235947.1,47.31186769157493,-2.572711353457646,0.5510955598676316,-4.668357977835258,3.03616546134805e-06,0.00011915896836054881
ENSG00000113578.20,1246.814708287495,-2.3979848690915935,0.5142358772146088,-4.663200245926889,3.1132954217379035e-06,0.00012199807336474789
ENSG00000123119.14,44.02794660655432,-2.3406686782771717,0.5021156970970885,-4.661612237596673,3.137418910692851e-06,0.0001227545269957874
ENSG00000185002.11,28.36758715169659,-4.971751037005891,1.066664688736294,-4.661025240177451,3.1463813143331692e-06,0.0001229163780021168
ENSG00000253522.7,201.78543063452355,2.6329308762913763,0.5651460712314205,4.658850181076855,3.179805153472004e-06,0.0001240318791180481
ENSG00000119686.12,320.4451302060754,2.315707087083537,0.49739220780283405,4.655696351402195,3.22887516701629e-06,0.00012575333238390202
ENSG00000280073.1,42.570089509481335,-2.7347190297314996,0.5875346045097195,-4.654566741670548,3.2466266249448923e-06,0.00012602871686140713
ENSG00000259146.5,30.951136416407028,-2.1666069327342354,0.46549898892349995,-4.654375163616725,3.2496464815568476e-06,0.00012602871686140713
ENSG00000204936.12,200.88364224360248,4.36052241782181,0.9368798551996698,4.654302676721005,3.2507897992989863e-06,0.00012602871686140713
ENSG00000122254.8,174.26293667690516,3.1484140789769914,0.6766250408481274,4.653114929105428,3.2695788889182626e-06,0.00012644994571880548
ENSG00000153002.14,112.24717244789773,-4.335692059227897,0.9318080188679049,-4.652988567854913,3.2715839279452244e-06,0.00012644994571880548
ENSG00000164885.15,607.5345107120207,1.6433470607476302,0.35330830818975223,4.651311680632864,3.2983038776242246e-06,0.000127289542525707
ENSG00000269113.6,560.976746918313,-2.3378680844800366,0.502789069863107,-4.649798940769658,3.322587722487099e-06,0.00012803272599011935
ENSG00000170909.16,231.03668381634853,1.666153287209176,0.358388953759335,4.6490084857024625,3.335344922674588e-06,0.0001283301669568647
ENSG00000136490.11,2430.0931448726715,2.1529440792897665,0.4631936253909069,4.648043412671783,3.3509839845965383e-06,0.00012873742544744862
ENSG00000117322.21,370.82067901700606,4.03587476625893,0.8684512251000023,4.647209480065156,3.3645545253531768e-06,0.00012874746538983135
ENSG00000232079.8,48.20312092053456,-4.162544841278995,0.8957551439407906,-4.646967276086488,3.3685057637108007e-06,0.00012874746538983135
ENSG00000172243.20,783.5206117759539,2.2042756274474087,0.4743656304660299,4.646786119984847,3.371463994936104e-06,0.00012874746538983135
ENSG00000167977.11,1584.9381404040223,1.092075696050854,0.2349844255959093,4.647438626119166,3.360820401794019e-06,0.00012874746538983135
ENSG00000163431.16,1892.1658666245025,-2.505484661278725,0.5392370652470714,-4.646350970200361,3.3785800589863644e-06,0.00012882606688988278
ENSG00000008311.18,1057.0239762455458,-2.2537347187848824,0.48525006259241504,-4.64448104703884,3.4093234362342288e-06,0.00012980400185997316
ENSG00000107742.16,2350.410968295179,2.4901390354556066,0.5362082195928135,4.643977739368807,3.417644020430325e-06,0.0001299265833498221
ENSG00000181847.14,667.5163724626104,3.3172804422090154,0.7145023898114325,4.642784250287104,3.437452456531662e-06,0.00013048487558914746
ENSG00000178295.17,874.7948990153134,2.304356637304078,0.49642725724864883,4.641881773526145,3.452503986834709e-06,0.00013086120394146855
ENSG00000106714.20,393.7781556042912,-2.399141468942418,0.5174041491698714,-4.6368810006483825,3.5370590738625244e-06,0.00013386691184301983
ENSG00000164692.21,64224.89587244399,1.549043939926966,0.3342404467653085,4.634519714529488,3.5776713950882707e-06,0.00013520306840399606
ENSG00000165730.18,167.9785628648641,-2.059865930209577,0.4445508572035841,-4.633588928760634,3.593802736958009e-06,0.00013561148076008512
ENSG00000287826.2,148.84186506518438,-4.3490988946555955,0.9389857444048579,-4.631698532773907,3.626779877408888e-06,0.00013665341754065354
ENSG00000140678.19,921.2906206406451,1.8492930001059278,0.3994601006311405,4.629481135122318,3.6658311930713554e-06,0.00013792080697004505
ENSG00000144115.20,1262.1557739625032,-1.1561107737450373,0.2497470033037918,-4.629127711049034,3.6720925879760503e-06,0.0001379526110742448
ENSG00000290027.2,55.11680994526373,3.786668874499164,0.8180922375574116,4.628657626437172,3.6804366750134857e-06,0.00013806244852616862
ENSG00000296857.1,13.07491689265693,-4.571817216860943,0.9886415226034738,-4.624342708994851,3.7578811575416765e-06,0.00014076028082903537
ENSG00000086991.15,252.47850969888708,2.0238778182666906,0.43775145795911213,4.623349120760049,3.775934161812246e-06,0.00014102172879108463
ENSG00000170619.12,1603.2406645066596,1.1113759376630792,0.24036945340833465,4.623615529778223,3.771085501848417e-06,0.00014102172879108463
ENSG00000151882.12,4863.940218263853,-3.4906417326109027,0.7551522794612475,-4.622434213005687,3.79263108062632e-06,0.00014135459462238044
ENSG00000238078.1,31.00170474829133,-2.761365383637513,0.5974067987223142,-4.6222530268207525,3.7959460846338274e-06,0.00014135459462238044
ENSG00000090104.14,1887.039927551593,2.54713095431038,0.5517133329009968,4.6167652699585116,3.897677069682742e-06,0.00014493099655750236
ENSG00000129810.17,120.97304758344926,3.3630133667560487,0.7288162312540385,4.61435026079136,3.943269444313332e-06,0.00014641255979024035
ENSG00000239961.3,65.76108988316489,3.1184626956663126,0.6765915315678162,4.609077338642011,4.044598712613224e-06,0.0001499562937539613
ENSG00000269151.5,43.258515457077486,-3.440767011854669,0.7470410960263784,-4.605860414047655,4.10763868533136e-06,0.00015207218743324867
ENSG00000158402.23,78.29328860137126,3.140929918907183,0.6823123457043343,4.603360819545011,4.157270572730512e-06,0.00015324144538063513
ENSG00000164591.16,92.24208298579937,-2.297638400808853,0.4991162832175726,-4.603413028316843,4.156228065233083e-06,0.00015324144538063513
ENSG00000169297.9,17.627893383568207,-4.932448769369434,1.071428825755194,-4.603617758643753,4.1521424161610685e-06,0.00015324144538063513
ENSG00000282728.2,21.289411438270584,-3.998252649367291,0.869276461053009,-4.5995179077136825,4.2346979073415055e-06,0.0001558699283206582
ENSG00000158859.12,1871.4058682905247,3.6485248751575576,0.7934246419584402,4.598451676710929,4.256424122497423e-06,0.00015644354808677037
ENSG00000268751.3,85.24277255507837,-4.074130503622453,0.8863827526012,-4.5963557973870905,4.299442848976405e-06,0.00015779698675256196
ENSG00000271856.2,73.39745469861307,3.8926681638593554,0.8472191693887466,4.594641274072971,4.334943582701751e-06,0.0001588710043093472
ENSG00000188505.7,557.3661326480507,3.8048870474631524,0.8283500989118747,4.593332037336959,4.362241441531272e-06,0.00015964174103052158
ENSG00000147027.6,2045.032897513883,-1.3899443877303546,0.30272139564074846,-4.591497025799447,4.400779149052642e-06,0.00016082101248998546
ENSG00000177602.5,102.89828608980278,3.0260179456579883,0.6591931044691687,4.590487863332192,4.422111718582053e-06,0.00016113820827468308
ENSG00000139626.18,399.01145212253056,2.7492816809453005,0.5988835636158948,4.590678135071684,4.418082022019071e-06,0.00016113820827468308
ENSG00000188404.12,1275.838656369596,2.8298636923302825,0.6165323438126714,4.58996794041695,4.4331409441292075e-06,0.00016130933283987862
ENSG00000248994.3,223.97123197496109,-2.1470254070468076,0.4678424224634907,-4.589206330929419,4.449344704129088e-06,0.00016166798710252783
ENSG00000254349.8,52.39056085064693,-4.807550391483208,1.0479345584674318,-4.587643715571405,4.482768231945041e-06,0.00016265041258671246
ENSG00000266088.7,88.64609774709557,3.0456565541321394,0.6641089954247287,4.5860793561218065,4.516469933151472e-06,0.00016364012185960335
ENSG00000101265.18,2661.0479103712023,2.2487699537592936,0.4903949284965951,4.585630525693552,4.526184014089521e-06,0.00016375913781658267
ENSG00000101084.21,732.4605601296421,1.357442189873067,0.29609914014119154,4.5844178717499355,4.552529798566256e-06,0.000164245731585384
ENSG00000203747.15,4138.206943187309,2.0631898758077605,0.450023734549063,4.584624581801529,4.548028510390887e-06,0.000164245731585384
ENSG00000120049.22,753.2620543228079,-3.626438119283879,0.791152596274442,-4.5837404014862235,4.567312226953518e-06,0.00016453448037042088
ENSG00000138071.17,12153.631306737196,1.1890986647688253,0.25943256113192187,4.583459607308763,4.573452636420164e-06,0.00016453448037042088
ENSG00000133116.9,214.86188993859642,-2.1356434252052066,0.46601339190667246,-4.582794104837458,4.588037449063102e-06,0.00016482637780689178
ENSG00000232611.1,64.14725044062202,-1.5545224595468705,0.33928480983705905,-4.581762620889003,4.610731006854992e-06,0.00016540835137408946
ENSG00000159259.10,436.6540844034996,1.6879273277037974,0.36866542135749014,4.578480188048436,4.683665158451502e-06,0.00016755285849848062
ENSG00000227036.11,378.1067748523016,4.074945149784535,0.8910653787560907,4.573115785817059,4.805244182204987e-06,0.00017166111439683481
ENSG00000184445.13,1093.641159069185,1.5627680162738091,0.34184998534266686,4.571502364428381,4.842398249027765e-06,0.00017274611456720757
ENSG00000182310.16,242.38659066819608,-1.771043428485907,0.38747123390323945,-4.570773965966664,4.859261901078542e-06,0.00017310525857674344
ENSG00000181513.17,810.18315871642,-1.5297393413464784,0.3347575466496909,-4.569693369593497,4.884383182943373e-06,0.0001737571564982551
ENSG00000167779.11,3491.0521058729587,-2.8588408973367643,0.6258802932655138,-4.5677119540237285,4.930769845532052e-06,0.00017516267606073485
ENSG00000135218.21,12146.43049845257,-2.9759677187528086,0.6523409021730192,-4.561982406498708,5.067289420651283e-06,0.0001797617393222964
ENSG00000010030.15,471.2438356735271,3.0244408376760332,0.6633699221332231,4.559207067981357,5.134712414103569e-06,0.0001819002223916996
ENSG00000188001.12,337.8047250618323,-1.8972901233472372,0.4162571069667742,-4.557976528431212,5.164880771110988e-06,0.00018271483072356662
ENSG00000211978.2,16.79481926968984,4.830868615123694,1.0604973640914643,4.5552858297411545,5.231439334451832e-06,0.00018481274797201472
ENSG00000211669.3,1207.8599066321096,3.7010330563676934,0.8127562506601372,4.553681443066896,5.2715163212727426e-06,0.00018597062634229642
ENSG00000115556.16,42.61221951095042,-2.867540098448116,0.6298700337534165,-4.5525901293642255,5.298944739649046e-06,0.000186679697736654
ENSG00000114019.17,3159.42593118565,-1.1962764036578164,0.2627869690336884,-4.552266834450447,5.307096439068173e-06,0.00018670863729213457
ENSG00000161405.19,1953.4265535900556,2.7234616246145276,0.5983468771916125,4.551643416937857,5.322849472908644e-06,0.00018700455024062908
ENSG00000079308.22,12463.08450570408,-1.6130207336575282,0.3544584705327787,-4.550662116306693,5.347736528962607e-06,0.00018746166276520498
ENSG00000106686.20,135.8832573077097,-2.492043783309823,0.5476357004784206,-4.550550267509489,5.350580221832831e-06,0.00018746166276520498
ENSG00000158445.11,269.053334582837,-2.2609664245343684,0.49689576168766514,-4.550182551075067,5.359939413163401e-06,0.0001875316164734684
ENSG00000167618.12,74.88899853862371,4.01071438322023,0.8816404165918105,4.549149866251135,5.38630740414222e-06,0.00018819565965830793
ENSG00000162444.14,1024.350349796604,-2.529667675491829,0.5561843409394314,-4.548254039693129,5.409281485358275e-06,0.0001882237823955746
ENSG00000187474.7,2010.208717590476,2.6263799176241305,0.5774438122870823,4.5482865375625465,5.408446417968586e-06,0.0001882237823955746
ENSG00000158301.22,583.9282915509725,-1.5159348377418433,0.3332774267609215,-4.548567397663294,5.401234559112529e-06,0.0001882237823955746
ENSG00000272143.3,124.97139132761197,-2.2282723958935473,0.48995673885830976,-4.547896210358972,5.418484457699281e-06,0.00018828679075314923
ENSG00000143799.16,6069.993710954734,1.423189779418052,0.3130394116439987,4.5463597441096715,5.458171306028677e-06,0.00018940746776002236
ENSG00000154162.17,17.31861670779899,-6.710956187436366,1.476501424441927,-4.545174204605258,5.488983780191725e-06,0.00019021755900035844
ENSG00000198759.14,367.2888976671823,2.397867879714946,0.5276050245287938,4.544816232287575,5.498320256591609e-06,0.00019028222181473488
ENSG00000224397.10,151.72845471483117,3.030288150133592,0.6672852292902164,4.541218682986396,5.592997990457802e-06,0.00019329613543412575
ENSG00000165186.14,306.65688861027667,-3.789495025752328,0.8349143400194872,-4.53878301534967,5.657981991398791e-06,0.00019504496553449357
ENSG00000110455.16,801.800219756474,-1.62450515590517,0.35791920430678587,-4.538748232443951,5.658915218483403e-06,0.00019504496553449357
ENSG00000197766.11,15219.968466507169,-2.9951514054202715,0.6603514198994204,-4.535693140292588,5.741460812902944e-06,0.00019750106191544992
ENSG00000126353.6,447.85601250381194,2.9447880834340903,0.6492698496367739,4.535538012555975,5.745682811014424e-06,0.00019750106191544992
ENSG00000169583.15,942.9914244339279,3.6974547479112663,0.8158224010486669,4.532180954039161,5.837780756010771e-06,0.00020039637956381447
ENSG00000170209.6,66.23500676570914,-2.086026254345268,0.4606085644089512,-4.528848170728302,5.930609369372873e-06,0.00020330895188061434
ENSG00000286449.1,57.99133384893517,-2.2431736153565915,0.4955367765655171,-4.526755069328364,5.989629341627781e-06,0.0002050562486029586
ENSG00000129521.17,1143.741297998102,2.400364395394825,0.530359369084899,4.525920602734895,6.013315482394493e-06,0.00020559081698264447
ENSG00000266256.4,49.50290200832795,-2.8898129968812616,0.6390236400050169,-4.522231754772913,6.119100808081994e-06,0.00020892710011079953
ENSG00000105612.12,2392.4317280867126,1.0959046664143524,0.2424002112301629,4.521054915145158,6.15322217101287e-06,0.00020978986415117859
ENSG00000149451.21,2116.627843871577,-3.427218981080808,0.75810129376446,-4.520792945837705,6.16084246339294e-06,0.00020978986415117859
ENSG00000140749.11,831.0763331681997,1.8416099684475948,0.40747538392673993,4.51956128171585,6.196790916822516e-06,0.00021073225826753845
ENSG00000224940.12,99.17727825408376,-3.618719463409831,0.8011296623280052,-4.517020943768556,6.271570452348095e-06,0.00021299089465567778
ENSG00000205846.5,24.813513006581427,7.455441153503025,1.6512909547486778,4.514916727462922,6.334165027635986e-06,0.00021483024955914275
ENSG00000160190.16,1483.7358857048018,1.30739640969198,0.28960495002840125,4.514413201721051,6.349231909733114e-06,0.00021505490155959066
ENSG00000198018.9,669.125652577252,1.4820522666212244,0.32835970707433854,4.513502219338067,6.37657820461159e-06,0.00021569432065028128
ENSG00000171303.9,140.03101954172502,-2.2917114231043336,0.5082834805457207,-4.508726942382286,6.521778216337918e-06,0.0002200214741037657
ENSG00000184481.19,1632.2575620174923,-1.2255915434554412,0.27181763272820403,-4.508874318249011,6.517250088280258e-06,0.0002200214741037657
ENSG00000108179.16,1965.3104738449792,1.5044569421344707,0.33381649069177183,4.506838290153872,6.580074216726891e-06,0.0002216945375320776
ENSG00000211662.2,1390.551289771644,3.9394228145380668,0.8742859615839191,4.505874493742443,6.610014977507055e-06,0.00022240910368835165
ENSG00000290782.2,20.777071243033966,-2.4248022785956524,0.5383357864200694,-4.504256153432744,6.660582809864639e-06,0.0002238149139182879
ENSG00000164129.14,68.38632594963718,-4.159557450390217,0.923573320078102,-4.503765277713375,6.675994076403204e-06,0.0002240372135969249
ENSG00000125257.18,779.7598691146552,2.0746683033375666,0.460725116769615,4.503050143834468,6.698507091728153e-06,0.00022449693964922076
ENSG00000184730.14,509.8128166207444,1.4870088437043125,0.3305052408202283,4.499198983997779,6.820998917192076e-06,0.00022812123120849505
ENSG00000259772.9,58.25887713097585,2.916921177050359,0.6483361017386793,4.499088002700895,6.824560409126977e-06,0.00022812123120849505
ENSG00000142233.15,46.41992358541114,-2.608922382535458,0.5801150733505909,-4.497249774026753,6.883810224861019e-06,0.00022980017069126478
ENSG00000214548.20,2155.404505183651,-2.158156707885615,0.47993306068611946,-4.4967869160759255,6.898806431905322e-06,0.00022999934375269695
ENSG00000140650.15,1266.5958317945272,1.2339158938976371,0.2744775166545476,4.4955080799955685,6.94040225287208e-06,0.0002310836415462807
ENSG00000136167.17,9475.805879071304,1.9821110030850961,0.44114847804280993,4.493070024584212,7.020368743238454e-06,0.00023344100817105308
ENSG00000292995.2,36.182197343933176,3.483646879929624,0.7755986883127458,4.491558498516836,7.070387451472291e-06,0.00023479770375026167
ENSG00000169436.20,597.2835104387264,4.099250212110742,0.912985739816201,4.489938926029653,7.1243597820928585e-06,0.00023628198959594688
ENSG00000112812.18,484.3820896358606,-1.5328829757554432,0.3414845537257309,-4.488879391559842,7.159881789664311e-06,0.00023715129917365369
ENSG00000105971.17,3220.3233489972613,-1.683771563437429,0.3751503469748855,-4.488258046447041,7.180791764845514e-06,0.0002372269092637874
ENSG00000286289.2,143.1015590066374,-2.817971087545079,0.6278538102240008,-4.488259912828602,7.180728868602429e-06,0.0002372269092637874
ENSG00000254404.1,46.91289945763211,-4.212142440840636,0.9392565252358179,-4.48454956411732,7.306812105986856e-06,0.0002410774755849627
ENSG00000179094.19,1620.3753446867,-1.6538547314388266,0.36920835291129933,-4.479461849651483,7.483146281587503e-06,0.00024657596240403013
ENSG00000177990.14,306.1031306778329,-1.833033650932182,0.40929046539869585,-4.4785642615607895,7.5146749379102e-06,0.00024729494230427737
ENSG00000006283.18,137.29931230352406,-2.8510611043508387,0.6373325123355053,-4.473427997424961,7.697548582211462e-06,0.00025298614185484923
ENSG00000085999.15,177.79514163378144,2.716874671061468,0.6074488803884837,4.4725980387418565,7.727495238106706e-06,0.0002536430814559483
ENSG00000129195.18,267.25474284053854,3.9089069692388523,0.8749184577370767,4.4677386042911955,7.905081688360703e-06,0.0002591381411637522
ENSG00000143119.17,3725.841344677642,2.2958175997422905,0.5146144155612207,4.4612384152483395,8.148737097046689e-06,0.00026678211130960955
ENSG00000173805.18,137.21424613720887,-2.9333375171372404,0.6577480448812102,-4.459667406030836,8.208693596550027e-06,0.00026840004441299836
ENSG00000143643.15,976.9723729562816,1.2021112026161525,0.26992673533829786,4.4534721657324985,8.449266588170645e-06,0.0002759118836760186
ENSG00000153902.16,373.0019855955171,-2.5737445499824356,0.5780178530764962,-4.452707708392911,8.479414800026629e-06,0.0002765418365831988
ENSG00000123096.14,1617.962162642585,-1.6522676402265888,0.3711008129525018,-4.452341742614471,8.493883904399475e-06,0.00027665948456388626
ENSG00000157613.13,892.7825843579933,2.844571036410073,0.6393896526029273,4.448885002799074,8.631721309649106e-06,0.0002805740546816732
ENSG00000185290.5,77.48817754848113,-2.786036912978126,0.6262479497706938,-4.4487761021784715,8.636098263532322e-06,0.0002805740546816732
ENSG00000185149.7,259.6628732524825,-4.470969322099308,1.005271065116532,-4.4475261223011815,8.686489824638415e-06,0.00028185169722721667
ENSG00000172578.13,1039.7703681757848,2.415509870806755,0.5432436283706573,4.446457803935148,8.729780494269213e-06,0.0002828959783327368
ENSG00000018236.17,898.4768952764064,-2.1039010917815273,0.4732109795520659,-4.446010728181005,8.747958139605899e-06,0.0002831248307165208
ENSG00000134020.10,18.788566024244002,-2.896246060637704,0.6515301651675944,-4.445298491885938,8.776991676270337e-06,0.00028370400378969763
ENSG00000114698.17,1912.5016423671723,-1.8430712402227145,0.41478247855391703,-4.443464551946199,8.852174658271394e-06,0.0002857715345004191
ENSG00000181264.11,361.5298037586257,-1.2516410771435422,0.28174558524915794,-4.442451426653838,8.893971553565762e-06,0.00028675740435553615
ENSG00000092607.16,330.2416042014111,-1.3461344536560373,0.30308327934810825,-4.441467231552308,8.934755457531573e-06,0.00028770816214764434
ENSG00000146678.11,27.746403936644672,-5.851134238207501,1.3176626339385742,-4.440540459676012,8.97332313155751e-06,0.0002885852442978553
ENSG00000204021.5,19.34725130518239,-3.664241956278225,0.8254784238741287,-4.438931231032344,9.04066950108874e-06,0.0002903844802802412
ENSG00000159263.17,381.8675798477092,5.035676067811011,1.1350258551903603,4.436617936748634,9.138327771705813e-06,0.00029315157011727805
ENSG00000163362.13,605.8429466169121,2.6378950162116577,0.5946620376409711,4.435956642997101,9.166429749372212e-06,0.0002932713822849207
ENSG00000070193.7,671.4800668803705,-2.7213618468653284,0.6135110565595092,-4.435717690446158,9.176604439601184e-06,0.0002932713822849207
ENSG00000121594.14,98.91472024620663,2.9265160663015575,0.6597382837130064,4.43587425278874,9.169936737551252e-06,0.0002932713822849207
ENSG00000242265.6,2737.288342309555,-3.750461219685034,0.8456260703613382,-4.435129605314146,9.20169130572234e-06,0.0002933370203354865
ENSG00000137727.14,239.87075521103944,-2.1584994826026906,0.48665356246910957,-4.435392338753714,9.19047538776527e-06,0.0002933370203354865
ENSG00000127990.21,2511.532166381387,-1.9076040338782032,0.43024774579056635,-4.433733941761955,9.261490854169954e-06,0.00029468307003657063
ENSG00000224559.2,43.59607748146554,-8.780388655818797,1.980417645711434,-4.433604535302239,9.267054261681641e-06,0.00029468307003657063
ENSG00000163376.11,209.85508693410546,1.960195375418467,0.4423164900778626,4.431657917780561,9.351128955557706e-06,0.00029698579255238195
ENSG00000136842.16,223.51394048355363,-1.9903443267020713,0.44926772787663866,-4.430196524706948,9.4147251087576e-06,0.00029863320453943316
ENSG00000256654.5,18.559218696719107,-4.7296393788032765,1.0677283604797794,-4.429627940835094,9.439579931710842e-06,0.0002990491796524961
ENSG00000180354.18,2498.230764963909,-1.7381948620931877,0.39244673722665324,-4.429122979532666,9.461706131960636e-06,0.0002993777849530054
ENSG00000074842.10,4332.361824658085,1.189380808193906,0.2685875408946136,4.428279897988962,9.498758414040699e-06,0.0003001772649677799
ENSG00000124074.14,241.45455860982344,-1.3625414404483043,0.3077298769522946,-4.427719056539741,9.523483360912578e-06,0.0003005856811472172
ENSG00000308342.1,12.234263646180935,-3.8620583592374196,0.8725816992955332,-4.426013475134075,9.599053033363915e-06,0.00030259589085744094
ENSG00000176533.15,1133.468573744776,-1.1123850270924613,0.2516945043553687,-4.419584090409377,9.889103660274412e-06,0.00031135396703442465
ENSG00000108381.13,189.90036714349202,-2.4468369249831494,0.553766951257172,-4.418531874154453,9.93736264360015e-06,0.0003123239647382613
ENSG00000154856.14,2192.354395092939,-2.0131003600138806,0.4556197624792563,-4.418378055112423,9.944436237396644e-06,0.0003123239647382613
ENSG00000070778.15,1145.9888406604275,-1.2167038458462611,0.2754725733608997,-4.416787598859229,1.0017858196915993e-05,0.0003138559239036252
ENSG00000033100.18,3149.202597241033,1.2420256264412248,0.28119740080876743,4.416917165197708,1.0011857566859172e-05,0.0003138559239036252
ENSG00000105369.11,1614.0008227570038,3.105404314814298,0.7032191720241959,4.415983577176204,1.005517187005201e-05,0.00031463793943746287
ENSG00000197405.9,478.0293070977318,1.7163601233668,0.3887412993530478,4.415173088692161,1.0092919985709617e-05,0.0003154316134429566
ENSG00000169258.9,146.80794533828154,2.3694686443173665,0.5367425788430339,4.414534523094541,1.012275616072725e-05,0.0003159763752081909
ENSG00000106689.12,14.645238419237806,5.928569299219127,1.3439718795326958,4.411230167464898,1.027849862906615e-05,0.00032044509006235486
ENSG00000103888.19,376.1637396388893,2.150024903073749,0.4874993501734129,4.410313372333612,1.0322113353293398e-05,0.00032137686042980006
ENSG00000285906.3,71.77107864470452,2.5947170975191503,0.5883616040769378,4.410072104534967,1.033362053676755e-05,0.00032137686042980006
ENSG00000163121.12,205.17119867928298,-1.6630898188304766,0.3771368282982397,-4.409778345792593,1.0347647796682545e-05,0.00032142065491378184
ENSG00000076555.17,3030.054978652204,-2.7281263272716885,0.6188532706663336,-4.408357290144483,1.041576169333196e-05,0.00032314234603027817
ENSG00000077279.23,145.7816617746585,-4.7408597681137845,1.075988095230873,-4.40605225013809,1.05271580223333e-05,0.00032620102431490445
ENSG00000074370.21,4041.937208477033,1.819931992954358,0.4131038781580003,4.405506917701428,1.0553678385721843e-05,0.0003266254461272431
ENSG00000134138.24,631.5233306542502,-2.079773273919904,0.4725494671434326,-4.4011757890494705,1.0766585121190076e-05,0.000332810302939117
ENSG00000213186.10,47.93231846213012,2.5420541053321335,0.577713403619278,4.400199284639389,1.0815150869934461e-05,0.00033350206756428653
ENSG00000183734.6,688.715654476484,2.800435876848396,0.6364290830849763,4.400232408100811,1.0813500076543363e-05,0.00033350206756428653
ENSG00000278771.1,54.37126732100421,2.849114475535665,0.6478557790596127,4.3977603775816645,1.0937363450010243e-05,0.00033686285905104097
ENSG00000050730.18,109.11698473236449,3.3034502232445417,0.7514165281098607,4.396296993298984,1.1011324748726113e-05,0.0003380481344935797
ENSG00000114346.16,1767.2229855464047,2.2134863597777072,0.5034986112807674,4.396211449614891,1.1015662974742695e-05,0.0003380481344935797
ENSG00000291129.2,158.4395523621812,-1.554207971522943,0.3534952757193165,-4.3966866837479905,1.0991582785116888e-05,0.0003380481344935797
ENSG00000147256.13,96.514481505954,-8.384716913418512,1.9077132809508663,-4.395166190403255,1.1068803766639234e-05,0.0003392701573286016
ENSG00000130307.14,272.1420854635014,-1.9199736399467555,0.43692479401387707,-4.394288596691026,1.111360939777128e-05,0.0003402340684743176
ENSG00000145936.11,912.5294300987455,-2.1675663682796755,0.49336323657594594,-4.3934493038498035,1.1156621519177878e-05,0.00034114082438773075
ENSG00000102970.11,34.51202343595349,2.955998160209029,0.6730369189033197,4.39202973445451,1.1229733634030623e-05,0.0003423450013349759
ENSG00000117593.14,804.4821522632546,1.2874017622161962,0.2931307902970759,4.391902198030674,1.123632449122688e-05,0.0003423450013349759
ENSG00000171124.15,611.6495194605611,4.350396594871362,0.9904554680902236,4.392319225880705,1.1214786922087085e-05,0.0003423450013349759
ENSG00000211638.2,6320.901234748803,4.341696539299791,0.9890556909061977,4.389739201967303,1.1348668299481188e-05,0.0003453547553836145
ENSG00000204577.14,229.7531300570597,2.1741469994888956,0.4953278922216104,4.389308645102866,1.1371158582143031e-05,0.00034562622941022094
ENSG00000136628.20,6230.607577398032,1.1784387953108846,0.2685247993299896,4.388565965792616,1.1410052712446124e-05,0.0003457371837630893
ENSG00000206549.13,15.232875273295925,-5.8189927792712455,1.3258675752211242,-4.388818980131384,1.1396788105901014e-05,0.0003457371837630893
ENSG00000117122.16,665.9453031808049,2.2525548986399446,0.5132903329486129,4.388461566575918,1.1415530271475721e-05,0.0003457371837630893
ENSG00000283063.1,24.344190529580278,3.854883749638922,0.8787754030656532,4.386654128223164,1.1510760776893837e-05,0.00034820734886967095
ENSG00000159648.13,64.89649542514672,-2.7301676573119193,0.622527989646529,-4.385614306052498,1.1565890171447642e-05,0.0003490459580058565
ENSG00000065911.14,3843.481011090737,2.2519649214311164,0.5134650942244897,4.385818913031204,1.1555022419898903e-05,0.0003490459580058565
ENSG00000267594.5,36.65802249068518,-4.3733774651492165,0.9982007659800227,-4.381260377871462,1.1799476236117917e-05,0.00035483407226701236
ENSG00000125726.13,43.31264434729967,3.571604942611782,0.8151996292517508,4.3812641891042805,1.1799269810051136e-05,0.00035483407226701236
ENSG00000133110.17,20521.232771163563,1.8756795489008042,0.42809814347477515,4.381424160535573,1.1790608458302176e-05,0.00035483407226701236
ENSG00000226516.8,84.51033000006815,-3.158175030271268,0.721097589657005,-4.37967769629278,1.1885496872151954e-05,0.00035699939956436607
ENSG00000263155.9,415.5935959487335,-2.266856041725056,0.5177707683446966,-4.378107418022365,1.1971434682999525e-05,0.0003591571411197655
ENSG00000128510.13,219.19655184312228,2.24365025693713,0.5134547738085136,4.369713500363463,1.2440965265809147e-05,0.0003719293735744422
ENSG00000169744.15,1262.2276157441172,-1.6715012406443657,0.3827842350228326,-4.366693002768682,1.2614182732767042e-05,0.0003744706857649293
ENSG00000182253.16,13018.81019098567,-2.200624887201145,0.5039529756885361,-4.366726645863129,1.2612240779315388e-05,0.0003744706857649293
ENSG00000103044.13,555.2031360401633,-2.7231813022053637,0.623570484094468,-4.3670785767865405,1.2591943644637262e-05,0.0003744706857649293
ENSG00000234883.8,196.63542308011645,2.522048903450176,0.5775573852121059,4.366750331699009,1.261087375186353e-05,0.0003744706857649293
ENSG00000151276.25,2209.394496360992,-1.354681057349535,0.3103490571070016,-4.365023918479219,1.2710884956560582e-05,0.0003769001402002598
ENSG00000125910.6,377.5687437039773,2.7546126252768817,0.6311013293517721,4.364770754177063,1.272561425041119e-05,0.0003769001402002598
ENSG00000167244.23,105.61736380136041,-3.018451889178174,0.6916393867343665,-4.364198955513578,1.2758941890674517e-05,0.0003773668711837625
ENSG00000153993.16,374.0269094486481,-2.0358895326671087,0.46651995821463094,-4.363992358351497,1.2771004002999618e-05,0.0003773668711837625
ENSG00000117410.16,4944.686115749066,1.1797381536518423,0.2704278384180857,4.362487828741759,1.2859174212686488e-05,0.00037953189614291715
ENSG00000277224.3,25.38944962220605,3.167770203523831,0.7262786835361732,4.3616455712293485,1.290878643958204e-05,0.00038055520764189134
ENSG00000131730.18,210.6146540359541,-1.811624832074094,0.4154321907121859,-4.360819581574504,1.2957617758832253e-05,0.00038155315830660846
ENSG00000065534.22,6822.075997242883,-1.6514252587605491,0.37873284687052705,-4.360396180068064,1.2982716920161807e-05,0.0003818507883065143
ENSG00000162745.12,2083.6632671702687,1.5842537628558828,0.3634118776282442,4.35938905793418,1.304260545208379e-05,0.0003831697848558549
ENSG00000166292.14,358.693172759053,-2.1764707074666756,0.4994815349609448,-4.357459796060043,1.3158065865984387e-05,0.00038611646966876535
ENSG00000151892.18,3383.2990278048,-3.8149049962152968,0.8758781915213101,-4.355520017674148,1.327513838954292e-05,0.0003886563792184457
ENSG00000112742.12,384.9322983850568,2.9656393550783537,0.6808679968236735,4.3556744756889705,1.326578000609294e-05,0.0003886563792184457
ENSG00000130595.22,158.06012606273757,-2.300901277077009,0.5285032558764244,-4.353617979630781,1.3390897604032918e-05,0.00039159535346994543
ENSG00000152076.21,218.1486335012063,-1.827474843161325,0.4199848607238627,-4.351287425007631,1.3534049643455573e-05,0.00039532772760144145
ENSG00000094963.16,4205.941549853971,-2.2279545562402894,0.5121414597947641,-4.350271811880104,1.3596888324772634e-05,0.0003967082961286183
ENSG00000259793.1,54.08616470732102,-2.71710325636147,0.6249543059672965,-4.34768307125426,1.3758321830130846e-05,0.0004009590564476691
ENSG00000204140.10,245.5450023411569,4.243833533278186,0.9773694026572666,4.34209780021768,1.4112868133906093e-05,0.0004098846798617128
ENSG00000223923.3,22.064419841133688,-2.137133034905157,0.4921620284172773,-4.342336286645012,1.4097552839817284e-05,0.0004098846798617128
ENSG00000130675.16,237.963081066124,4.091563198569397,0.9427200655093645,4.3401677213252805,1.4237400547339201e-05,0.0004130305573363061
ENSG00000185803.14,1814.328637596287,1.335671021844055,0.3077791142617577,4.339706497134512,1.4267314387867015e-05,0.0004134274912097392
ENSG00000065600.15,657.6069361747623,2.123256724157635,0.4895347263715719,4.337295414965143,1.4424669313887786e-05,0.0004174592022797517
ENSG00000120262.12,601.435548593153,-2.3533010218155708,0.5426078329642267,-4.337019996485603,1.44427489673024e-05,0.0004174592022797517
ENSG00000160999.13,444.2886623883462,1.3088660210139857,0.30180287900509745,4.336824172548331,1.4455616835253466e-05,0.0004174592022797517
ENSG00000188389.14,275.4884324245801,3.145686402823319,0.725698531714939,4.334701346838295,1.4595814213796308e-05,0.0004210305592747517
ENSG00000129450.12,192.53547111193876,1.6449136511151208,0.37965752311804507,4.332624934192798,1.4734200092688664e-05,0.00042454164090596487
ENSG00000137962.15,3034.0480387466,-1.198446357324406,0.2766988824423912,-4.331229482193239,1.4827904231114759e-05,0.00042627714296921445
ENSG00000154096.16,3792.3586530868643,1.541632312882979,0.3559302106593873,4.3312769377653835,1.482470829290655e-05,0.00042627714296921445
ENSG00000018280.20,227.6558970786509,2.196097299645116,0.5071609372338218,4.330178328842044,1.489886377109278e-05,0.00042783422673450306
ENSG00000237125.14,191.94924704281982,-2.3528604871235226,0.5434975316614444,-4.329109793619388,1.4971328501104551e-05,0.00042943097776084913
ENSG00000162511.10,6411.571699198181,1.9902701573497001,0.4598580001047567,4.328010292082148,1.504624401562868e-05,0.00043109435469300124
ENSG00000229312.3,15.938270714328715,-6.583131805394542,1.5211472048404642,-4.327741447012008,1.5064616322598187e-05,0.00043113577792460497
ENSG00000072571.22,238.81739289129249,2.9347347925002576,0.6782057159734417,4.3272044504785345,1.5101377587896005e-05,0.00043170279297564436
ENSG00000166961.17,54.627874388821255,6.090399633454755,1.4075827462687571,4.326850161810581,1.5125678002011837e-05,0.0004319127179251609
ENSG00000156787.19,353.74361477732276,1.5306272285881901,0.35392521963852175,4.324719301301789,1.527262054955236e-05,0.00043562028893353655
ENSG00000309031.1,26.419160621063888,-5.1723524435512935,1.1965696717970207,-4.322650461116402,1.5416587683666074e-05,0.0004392347929425711
ENSG00000178222.15,132.8763830820783,-2.1869333789537584,0.5059746567947405,-4.3222192052218436,1.544676058626517e-05,0.00043960272501984373
ENSG00000280411.1,832.8043279128938,3.8251837434263805,0.8852445470982029,4.321047507115614,1.552902320962176e-05,0.00044145061403155794
ENSG00000254951.8,28.33012894601732,-3.1127103048970293,0.7205311013237549,-4.320022132533042,1.560135526570364e-05,0.00044301239684809075
ENSG00000121621.9,203.81122105261815,2.7185880952983683,0.629851524371841,4.316236430497888,1.5871198410420713e-05,0.0004501729339775345
ENSG00000260001.10,50.027567178643366,3.6019149018249728,0.8345864581683133,4.315807986784474,1.590201643032031e-05,0.00045054533981834106
ENSG00000301982.1,37.30709216895715,-2.187069334430838,0.5071545530106119,-4.312431627494577,1.614688232972018e-05,0.000456467524772811
ENSG00000160791.15,931.5277540516556,2.51041651819358,0.5821256912450654,4.312499097616249,1.61419541483181e-05,0.000456467524772811
ENSG00000135447.19,1287.9870326524863,-3.6994596163018127,0.8579150185579176,-4.3121515957609535,1.6167351859804334e-05,0.00045653948915862105
ENSG00000137807.18,584.3654632584371,2.694466250955865,0.6251823959710452,4.309888231530846,1.6333707667558177e-05,0.00046072632115213105
ENSG00000179750.17,168.25226486731492,2.823948629833771,0.655347736890356,4.309084278269563,1.639318942356067e-05,0.00046189261925609935
ENSG00000154358.24,2295.1712472135964,-1.6128941718201029,0.37432756379809284,-4.308777466064657,1.6415943793556838e-05,0.00046202265675766434
ENSG00000303594.1,18.312757317461276,-3.4541843620343826,0.802304692756515,-4.305327381504753,1.6673896525863047e-05,0.00046845239844886847
ENSG00000151364.18,77.48552385269403,-2.05516798288301,0.4773653540410257,-4.305230711624675,1.6681179592207755e-05,0.00046845239844886847
ENSG00000263513.8,20.829212699697635,3.5948708581604936,0.8351572084449009,4.304424151297574,1.674206377946781e-05,0.00046964439044804474
ENSG00000163354.15,111.60709738097077,-2.5818395696634133,0.5998926694016152,-4.303835838232135,1.6786606819059504e-05,0.00047037586610370143
ENSG00000140557.14,98.89003463064954,-3.281465408028527,0.7626666045473527,-4.3026210777592615,1.6878937788663913e-05,0.00047244332353303133
ENSG00000101463.8,138.91242729401546,3.3037424195347405,0.7687255229644948,4.297687953424868,1.7258889830402965e-05,0.0004820188408664407
ENSG00000157020.20,3941.3639293630868,1.091016366811104,0.25384868364337687,4.297900430887538,1.7242358086180694e-05,0.0004820188408664407
ENSG00000184867.16,1353.4029829397998,-1.2006332237619588,0.2794172630464079,-4.296918560692322,1.7318878653326346e-05,0.00048316446678956773
ENSG00000128944.15,525.8733849053835,1.5650380068676564,0.3643387285728822,4.295557633957618,1.742547567247316e-05,0.00048533123186231595
ENSG00000170266.17,2536.066980532611,1.2981570066516308,0.30221741149425785,4.2954408226618535,1.7434654201013666e-05,0.00048533123186231595
ENSG00000289064.2,12.144316656199898,-3.9385353066163113,0.9170222687076025,-4.294917845525226,1.7475804003055475e-05,0.00048594563729456987
ENSG00000257986.4,12.809012822126778,-6.266474858301897,1.45914035111448,-4.294634750876167,1.749811754038676e-05,0.0004860354982237636
ENSG00000166342.21,16.205016282335528,4.993595388342922,1.1628856730592936,4.294141293533941,1.753707679227521e-05,0.0004865870184924204
ENSG00000159753.16,525.8059442132165,2.3259346615138856,0.5417466272149798,4.293399431891417,1.759580353008897e-05,0.00048768521405320584
ENSG00000139572.6,51.73286702879982,2.7447093885533818,0.639526620606403,4.291782859563894,1.772442320473299e-05,0.0004907160689649499
ENSG00000013725.16,1131.4034933850155,2.706242599912325,0.6309868521099558,4.288904896929193,1.795562306702542e-05,0.0004961006330399452
ENSG00000163239.14,102.02020212835215,-2.349012869435482,0.5476987988834646,-4.288877160629465,1.795786516677121e-05,0.0004961006330399452
ENSG00000100196.13,1331.9457830004455,1.7683796083360397,0.41235646512540974,4.288473100083985,1.799055818644771e-05,0.0004964653386424806
ENSG00000186185.16,357.77502321581204,4.202109313379815,0.9799232036787586,4.288202685276308,1.8012469435125564e-05,0.000496532044352904
ENSG00000138829.16,721.5552432525717,3.9494483436106727,0.9211254447894375,4.28763353129767,1.8058670106022208e-05,0.0004972674446167477
ENSG00000185267.12,165.1578817942086,-1.4916974179726403,0.34800043622750043,-4.286481460033182,1.81525344511254e-05,0.0004993123164196708
ENSG00000167100.17,85.98841045199421,1.8304934830247677,0.42740570413051854,4.282800779995633,1.8455540196754162e-05,0.000507099314295065
ENSG00000052850.8,593.150067091269,-3.604923653295797,0.8418313753790888,-4.28223960133637,1.8502159462451283e-05,0.0005078324392975179
ENSG00000179523.8,469.24830678117615,-1.4097056131458146,0.3292698401586762,-4.281308037403222,1.8579795820986468e-05,0.0005094144018905774
ENSG00000054967.15,419.20768827912997,2.14906037126163,0.5022768530215147,4.2786370869644195,1.8804116395562545e-05,0.0005141914490169498
ENSG00000251359.5,18.119800974416236,-2.590870132999565,0.6054919265087901,-4.27895074991054,1.8777640246603204e-05,0.0005141914490169498
ENSG00000211959.2,4772.1771106847755,3.314369530404161,0.7746545210392498,4.278513118283641,1.881459033739536e-05,0.0005141914490169498
ENSG00000132182.15,3994.5860619827577,2.07002396268562,0.4838776571022889,4.277990381043837,1.885881683199622e-05,0.0005145451805295496
ENSG00000174469.23,396.07179862555284,4.755781525931046,1.1117138578498114,4.277882741454083,1.8867936029782862e-05,0.0005145451805295496
ENSG00000165795.27,9129.918534824375,-1.9906969799315097,0.4654795187994126,-4.276658584390592,1.8971942240831262e-05,0.0005168281719959498
ENSG00000153898.15,241.6470968018215,2.532408635292531,0.5922451845003146,4.275946350545946,1.9032705735138213e-05,0.000517929538226181
ENSG00000136026.16,6180.343391443357,1.667780883201958,0.3901076385442882,4.275181304896745,1.90981812876914e-05,0.000519156644160926
ENSG00000102384.16,272.25181425644274,2.643820512883093,0.6189317594710546,4.271586442974794,1.9408726410898777e-05,0.0005270358959616234
ENSG00000181135.18,852.488263186269,1.0443193607947554,0.2445997998315761,4.2695021071719665,1.9590979873094015e-05,0.0005314183688472605
ENSG00000106683.17,2201.824806429278,1.2593317615403494,0.2950185416922745,4.268652927089318,1.9665698117316264e-05,0.0005323113674241898
ENSG00000139211.9,1217.9886169706642,-1.8505224493955534,0.4334910523140969,-4.268882689773976,1.964545486268403e-05,0.0005323113674241898
ENSG00000253364.2,21.63594964975738,7.256242266876557,1.7000118049425046,4.268348164277581,1.969257991378562e-05,0.0005324731454182946
ENSG00000250056.9,68.59643726272594,2.5525566304618152,0.5980859770149766,4.267875737868867,1.9734319761743737e-05,0.0005330359052506625
ENSG00000245812.6,149.3255731104113,-2.0381318864143223,0.4775902468723404,-4.267532471112447,1.9764700922657137e-05,0.0005332909927976694
ENSG00000150337.16,693.13771369134,2.3640673721292047,0.5540714708106895,4.266719180957324,1.9836859844413367e-05,0.0005346715948116961
ENSG00000163131.14,8422.983036842334,1.9861171241363127,0.465573402365917,4.265959167863557,1.9904518481971418e-05,0.0005359281080912199
ENSG00000183010.19,1525.6301710880043,1.9291390396863985,0.45269971531478126,4.261409880377297,2.0314126964563045e-05,0.0005463792269423288
ENSG00000205959.4,73.89567193018094,-1.8736051428081668,0.43975994852704464,-4.260517923662033,2.039537246283561e-05,0.0005477997406978554
ENSG00000002726.23,97.46744817184528,4.330170750953905,1.0163865470075395,4.2603581911850945,2.0409954612000502e-05,0.0005477997406978554
ENSG00000169508.9,683.0754451716871,2.0686992772063633,0.4859591261432265,4.2569408946477045,2.0724311627173515e-05,0.0005550672360207535
ENSG00000197182.17,375.84080469366376,-1.7877574165057817,0.41996256841525925,-4.256944668311596,2.0723961958986766e-05,0.0005550672360207535
ENSG00000165807.10,30.70413269106492,-2.2716522049225585,0.5338152038567734,-4.255503006489976,2.0857956157114995e-05,0.0005574742930512865
ENSG00000188060.9,409.8006317547603,1.6334830407085974,0.3838494679604986,4.255530297821584,2.085541194233824e-05,0.0005574742930512865
ENSG00000136634.7,61.67189695056484,2.6654193714998624,0.6263892434122437,4.255212552789125,2.088505180868249e-05,0.0005576133696215427
ENSG00000128595.19,9842.290888072455,1.702126190763536,0.40013280564377063,4.253903121052517,2.1007621832230087e-05,0.0005602985714018142
ENSG00000300168.1,47.48042813906733,3.5333781741173897,0.8308087448339371,4.252938111314229,2.109839006029659e-05,0.0005621308506546176
ENSG00000183242.14,11.548521404943394,6.352641581127359,1.4938280561681163,4.252592227664272,2.113101446649963e-05,0.0005624117758372123
ENSG00000117394.26,4087.120541439149,1.8946445539058676,0.44568018896240075,4.25113029663005,2.126943782689164e-05,0.0005655050635582015
ENSG00000188263.11,109.64612025819835,4.272422077195373,1.0051814838570505,4.250398704919803,2.133903246125811e-05,0.0005667638121175238
ENSG00000164087.10,308.335094116578,2.15399826186285,0.5068155808587429,4.250063224601616,2.1371018376909707e-05,0.0005670220927898615
ENSG00000301889.1,14.6107973864463,-4.775988911006062,1.1238728915560252,-4.249581021919308,2.1417073296124258e-05,0.0005676527304116347
ENSG00000009765.17,954.7818955488503,6.855300098965893,1.6140183668493284,4.247349497235212,2.163143810513253e-05,0.000572738419933296
ENSG00000171793.19,1150.8619878249108,2.273768887490088,0.5353983380102869,4.2468732643813345,2.1677449701988683e-05,0.0005727658935263006
ENSG00000224616.5,219.0465207355677,-1.411762513902684,0.33241622705232177,-4.2469723166687485,2.1667872023771105e-05,0.0005727658935263006
ENSG00000279082.6,16.15674868368561,5.478876930425739,1.290354861162176,4.24602339661131,2.1759791882668833e-05,0.0005743457606667957
ENSG00000110448.13,733.3694066051943,2.6893691341370802,0.6334527722537815,4.245571654171611,2.180368150731664e-05,0.0005749084592886771
ENSG00000187800.16,1129.597614945737,-1.8040939850160063,0.42506386530922835,-4.244289228639917,2.1928736849503896e-05,0.000577607917573644
ENSG00000259969.1,31.94544140804426,-2.4637746398833618,0.5805454544746349,-4.2438961857223685,2.196720079773986e-05,0.0005779322179059935
ENSG00000222032.3,13.560945224516859,5.817670900584905,1.3708959077663767,4.243699953896376,2.1986428453963632e-05,0.0005779322179059935
ENSG00000258708.1,95.14680096225487,-1.6402416318179045,0.3867246711578331,-4.241367965760002,2.2216156692366746e-05,0.0005833687908363643
ENSG00000285051.3,23.00379967444928,-3.604488234790065,0.8500006923761507,-4.240570939670448,2.2295195647940034e-05,0.0005848413268266535
ENSG00000226979.10,74.19062529855589,2.890191048065223,0.6816367774266768,4.240074983888496,2.234451327005494e-05,0.0005855319933143718
ENSG00000273599.1,172.28338686066377,-1.492807566892973,0.35211438296972364,-4.239552938175012,2.2396537421665252e-05,0.0005858579083147733
ENSG00000124657.1,13.542037483398905,5.818231197855265,1.3723898528819296,4.23948864503578,2.2402952483160818e-05,0.0005858579083147733
ENSG00000100154.16,1008.7517834780356,-1.296590599597992,0.3059092836685964,-4.238480715749183,2.25037508726601e-05,0.0005878902958743851
ENSG00000163040.17,504.0440464801008,-2.2455623865982015,0.5298761768455158,-4.237900258068953,2.256199549448579e-05,0.0005888079787295569
ENSG00000176619.15,3702.3856435088815,1.4444122086920381,0.3409035238170624,4.2370116698093945,2.2651436740370218e-05,0.0005899786477315274
ENSG00000140525.22,833.5787917168608,2.304026480087692,0.5437879461001939,4.236994395721989,2.2653178810468132e-05,0.0005899786477315274
ENSG00000087494.18,360.92153295460355,-2.879966105255211,0.6798560343028277,-4.236141123919759,2.273938908702499e-05,0.0005916189779730475
ENSG00000234965.4,89.62574328312914,4.109234056202617,0.9702670688350303,4.235157708832112,2.283913568173565e-05,0.0005936077805607028
ENSG00000204065.5,61.18758658327276,-3.262849960354874,0.7707768653037357,-4.23319654134806,2.3039299056301198e-05,0.0005981997821233923
ENSG00000162062.17,224.30015509563617,2.0099368239293884,0.47524391905389635,4.2292741544820185,2.3444650364719454e-05,0.0006081045717309259
ENSG00000100385.17,1661.9317997367143,2.6490921167521253,0.6266098666123294,4.227657842469091,2.36136515471249e-05,0.0006118650239642099
ENSG00000224032.10,1242.4808089993483,-1.6385531242993723,0.3876489550430267,-4.226899371152704,2.369335613135777e-05,0.0006133063760384287
ENSG00000152969.22,22.45540351551653,5.125617037896473,1.2128562885795147,4.2260712057646534,2.378067690049699e-05,0.0006149417475457451
ENSG00000104549.14,2453.7855012430937,2.4530087280283404,0.580518221717503,4.225549924636208,2.3835797094199372e-05,0.0006157419754425479
ENSG00000139044.14,1260.454799676626,2.3994175099746826,0.5679567145907931,4.224648548619481,2.393139541168188e-05,0.0006175851798692494
ENSG00000198932.15,730.3896226577208,-2.1300057606375717,0.5044290695861735,-4.222607080089572,2.41492604081709e-05,0.0006225767326483005
ENSG00000034053.17,640.1633529488679,2.321216088985905,0.549798446702725,4.221940063502911,2.4220852319255485e-05,0.00062379103076214
ENSG00000289965.2,19.430282921902375,-6.086710518615011,1.442884805774309,-4.218431363513209,2.460078333374197e-05,0.0006329359114078199
ENSG00000111247.17,505.5469405344643,2.708672560784998,0.642315073280092,4.217046545323462,2.4752289823867372e-05,0.0006361912957656164
ENSG00000137103.22,1107.8116518480983,-1.2884441497457502,0.30575176483690186,-4.214020319500197,2.508647016310694e-05,0.0006434818545060392
ENSG00000232613.8,69.5003728416064,3.110547622998411,0.7382259357136436,4.213544217992615,2.5139434280985526e-05,0.0006441916806549118
ENSG00000079337.18,1594.2080374014433,-2.0035397097481105,0.47552618006698655,-4.213311051488007,2.516541177525362e-05,0.0006442092495753619
ENSG00000115598.12,129.67467138618383,-1.2616690004313778,0.2995474284490385,-4.2119173146099085,2.532122374754527e-05,0.0006475470783872747
ENSG00000241404.9,56.20136490126738,-1.8796256485865608,0.4464630195965714,-4.210036590006961,2.553293331161321e-05,0.0006523062631696089
ENSG00000132704.18,176.71521066565103,3.2174865822171923,0.7644129078378307,4.209095044349746,2.563955268138688e-05,0.0006540731774985719
ENSG00000067798.17,421.76657649144016,-2.4998186415005432,0.5939260954169696,-4.208972565425888,2.565345311613495e-05,0.0006540731774985719
ENSG00000211937.3,1960.4187674275042,3.4529071532346385,0.8204845948294794,4.20837536133418,2.572133402481301e-05,0.0006544619498395109
ENSG00000235304.3,12.681482215777033,4.925264224170075,1.1704078504672464,4.20816061871409,2.5745784371999137e-05,0.0006544619498395109
ENSG00000122861.18,1903.5269750773425,1.374847584543952,0.326706846678254,4.2081994868565555,2.5741357252244324e-05,0.0006544619498395109
ENSG00000198400.15,71.711942368932,-1.8952346751622435,0.45048954688290177,-4.207055831319616,2.5871924003575124e-05,0.0006570127380808196
ENSG00000131471.8,4098.932091404366,-2.2811980714597277,0.5424237141384369,-4.2055647863462005,2.604309700394477e-05,0.0006607009201070491
ENSG00000253348.2,56.69210029553936,2.7471382875235024,0.6536054542766544,4.203052880829708,2.6333903719997016e-05,0.0006674137926886009
ENSG00000159147.20,515.4987507506798,1.4246031501333105,0.33906456429639525,4.201568963980516,2.6507147078257853e-05,0.000671136722892948
ENSG00000177889.12,1250.984139990515,1.042950247872596,0.24825247047953453,4.20116764944168,2.6554185357384145e-05,0.0006716600349929807
ENSG00000169442.10,1465.8787576635377,2.744078982685725,0.6535612421049397,4.1986562328081245,2.6850357370607498e-05,0.0006784776315344678
ENSG00000116771.8,102.61783579447747,2.3715039373883453,0.564910934070896,4.198013871494162,2.6926614167176042e-05,0.0006793579850271312
ENSG00000002822.18,43.50981023873089,2.018964946207946,0.480944858705046,4.197913564652819,2.6938540492222622e-05,0.0006793579850271312
ENSG00000162739.16,609.907337707966,2.679685329577748,0.6384117123857148,4.19742507474352,2.69966930025323e-05,0.0006801511053091
ENSG00000128918.17,185.249127672729,-2.1068776056100345,0.502258563934557,-4.194806732821693,2.7310434965310973e-05,0.000687375582017229
ENSG00000254164.1,13.94109821582878,-4.891747080012224,1.166660039924533,-4.192949884808477,2.753502897874013e-05,0.0006923442478948567
ENSG00000104894.14,1153.3584557339675,2.210511132542309,0.5279065611662689,4.187315133304602,2.822737712829281e-05,0.0007090527838606963
ENSG00000130487.10,515.9466641474615,3.120457952567125,0.7460468865659861,4.18265662488108,2.8812239203139885e-05,0.0007230310785647054
ENSG00000196878.17,4401.286659203997,-1.773851185403387,0.42415402166094635,-4.182092105262037,2.8883890526095046e-05,0.0007241157240060697
ENSG00000160877.9,3598.662334799856,1.4173341733560616,0.33898224582182485,4.181145740892394,2.900438739835822e-05,0.0007264215844872982
ENSG00000122176.14,4956.224263913712,-1.2784090667989296,0.30596779810228264,-4.178247105506075,2.9376439516111268e-05,0.0007309736305354083
ENSG00000042753.14,3037.9800615311174,1.1225502006003885,0.26867378281510934,4.178115887745114,2.9393388737030404e-05,0.0007309736305354083
ENSG00000006118.16,4407.372152037006,2.296768839797394,0.5497367497846734,4.177943062196618,2.9415726563495483e-05,0.0007309736305354083
ENSG00000157064.13,191.62618647057013,-2.4846051489882783,0.5945254600570359,-4.179140030016406,2.9261348121441613e-05,0.0007309736305354083
ENSG00000172215.8,595.7105769906665,2.7720638907171664,0.6634884786936295,4.1780136049614605,2.9406606912172244e-05,0.0007309736305354083
ENSG00000093072.21,3494.9178711626187,2.2093987504071264,0.5287676600635001,4.178392358832608,2.9357688173678294e-05,0.0007309736305354083
ENSG00000290025.2,17.473736940233326,4.495337638998279,1.075926358766538,4.178109033551161,2.939427433940193e-05,0.0007309736305354083
ENSG00000154721.17,605.0309891186972,-1.994594035316992,0.4773151027039375,-4.178778387731367,2.9307909412955134e-05,0.0007309736305354083
ENSG00000160255.21,6591.620956959021,1.9874703284518933,0.47579919589074887,4.177119981741727,2.9522331896234494e-05,0.0007329077151354667
ENSG00000256039.5,181.34781358394082,3.420270135650152,0.8188935814800293,4.176696719821051,2.957729562820103e-05,0.0007331980908117055
ENSG00000154099.20,96.28725184564891,-2.2827212576319624,0.5465548027712607,-4.176564264109682,2.9594515966437586e-05,0.0007331980908117055
ENSG00000163029.18,1779.9191017060423,1.233090072351131,0.2952543536346043,4.176365419075775,2.9620385357671274e-05,0.0007331980908117055
ENSG00000204434.6,29.7212293286565,-8.227686094188726,1.9704645534484704,-4.175505760704813,2.9732472931428942e-05,0.000735258075763521
ENSG00000211666.2,3831.9987632757366,2.307877668081642,0.552885842635734,4.174239038350952,2.9898370952431032e-05,0.0007372133654688971
ENSG00000291242.2,44.27350076355565,-2.302149786664682,0.5514937271581589,-4.17438979501659,2.9878580877055777e-05,0.0007372133654688971
ENSG00000160326.16,419.7495939162173,2.145865853310086,0.5140568043397552,4.174374962444462,2.988052742084958e-05,0.0007372133654688971
ENSG00000198075.12,268.0338532078932,-1.6278795437327207,0.3902105042606715,-4.17179836513384,3.0220500777169273e-05,0.0007444355660495924
ENSG00000254560.7,16.22096019594579,4.6475541601733745,1.1141077896272376,4.171548034619138,3.0253726269727043e-05,0.0007445339727692922
ENSG00000128218.9,91.4466847596817,4.1658619156959205,0.9987778707788976,4.170959367018384,3.0331994918508058e-05,0.0007457396163796513
ENSG00000164318.19,778.9917245868339,-1.506097815916768,0.3612274431576022,-4.169389243384986,3.054169920624555e-05,0.0007501712830108781
ENSG00000188282.14,96.91317072051554,3.449375247827424,0.8274722724732624,4.168568981190704,3.0651799862526495e-05,0.000752150283524482
ENSG00000197977.6,411.72298489252944,-2.2036148303765253,0.5291373570682596,-4.164542157041948,3.1197798028352486e-05,0.0007648114663909202
ENSG00000105967.18,959.1156515747117,2.143773335515518,0.5149599443285725,4.162990459987455,3.141064960811493e-05,0.0007692890924695149
ENSG00000181938.16,234.1761698448738,1.2680170824137267,0.3046293540131086,4.162491453004106,3.147939282379399e-05,0.0007694929122983269
ENSG00000180044.6,187.71454432907578,2.1128031741928748,0.5075734029217588,4.162556907101293,3.1470367726856644e-05,0.0007694929122983269
ENSG00000188822.9,68.50192383686763,3.4127934015820474,0.820068255257875,4.1615967691724345,3.160300255514976e-05,0.0007717738044891845
ENSG00000177455.15,251.65542266962163,4.331629515481239,1.0410111835970295,4.160982690420349,3.168811057365941e-05,0.0007731109812468189
ENSG00000244734.6,720.7604745477134,-2.5195856553797014,0.6056599751154144,-4.160066306015302,3.1815521611635123e-05,0.000775476699492783
ENSG00000128604.23,817.9818621116432,1.4724694493204595,0.3539822556491282,4.159726725906821,3.1862859186383045e-05,0.0007758880366504422
ENSG00000196476.14,396.271881694009,-1.4451698092281322,0.34811362355752024,-4.15143134721167,3.3040237953293045e-05,0.0008037897811922895
ENSG00000254510.4,23.048856981755275,-3.7184025608430162,0.8957956865128587,-4.150949392620948,3.3109897742526576e-05,0.0008047158448472276
ENSG00000135077.12,918.834739177523,1.935958846102121,0.46642453414421386,4.15063682199775,3.315515000735891e-05,0.0008050474984150989
ENSG00000145451.13,315.81324059319473,-4.646808170010143,1.1198137143153555,-4.1496260588763745,3.330188526882959e-05,0.0008064077866915023
ENSG00000022267.21,6375.448504326189,-2.5978908258480913,0.6260226877320263,-4.149834944896019,3.3271510233057763e-05,0.0008064077866915023
ENSG00000130775.18,1130.2045126188473,1.8398981215803856,0.44339203057895105,4.149596733116678,3.3306151764730885e-05,0.0008064077866915023
ENSG00000121957.17,587.1715821983172,2.2301382064430575,0.5375298687262916,4.148863786355724,3.341295428055939e-05,0.0008072108267736186
ENSG00000178038.19,884.9565706380993,-1.8365122202140503,0.442655760355928,-4.1488497037457694,3.3415009532585046e-05,0.0008072108267736186
ENSG00000150782.15,702.492919341537,2.0853515695870803,0.5026497602252843,4.148716928965488,3.343439292710014e-05,0.0008072108267736186
ENSG00000168081.11,99.62744590813618,2.773489099514793,0.6687860762888053,4.147049703703914,3.367869703759886e-05,0.0008123391025044325
ENSG00000176049.18,37.967960887034614,2.032698229013946,0.4902060750231966,4.146619824974137,3.374196302841089e-05,0.0008130951185398806
ENSG00000069702.13,3480.412991526912,-2.3947508510653557,0.5775791372039493,-4.1461865514365766,3.380584285498226e-05,0.0008138644833263261
ENSG00000053747.18,3156.2239223662277,-2.250641011499172,0.5429135848691509,-4.145486637696873,3.390927758860605e-05,0.0008155837671948864
ENSG00000142731.13,354.6040427102076,1.971918885227511,0.4757571548051804,4.144801324186075,3.4010845875057784e-05,0.0008172549578147139
ENSG00000115165.12,1111.2162819640398,2.4572960031287048,0.5931160750561658,4.14302715180331,3.427513476141352e-05,0.0008220545739246363
ENSG00000121440.16,1583.822954028719,-1.1201474400193618,0.2703614407193833,-4.14314791724312,3.4257083294930544e-05,0.0008220545739246363
ENSG00000277531.3,40.09246765157143,-4.139033422427381,0.9993982246814823,-4.1415256903688515,3.450032210011432e-05,0.0008266770500583365
ENSG00000300083.1,54.68219232442317,-2.7642468997799456,0.6679728075432866,-4.138262618723164,3.4994568181800326e-05,0.0008377318102994701
ENSG00000136531.20,274.4081276644945,-2.956764119726364,0.714818766987499,-4.136382893509108,3.528232835102722e-05,0.0008438274041586989
ENSG00000100629.19,508.97606988855557,2.019829538662775,0.4886255994809933,4.1336956983182835,3.5697605875025674e-05,0.0008507561906045397
ENSG00000234184.9,31.68195150876922,4.3692353307611995,1.0569822593918312,4.133688424699938,3.5698736208584014e-05,0.0008507561906045397
ENSG00000120334.18,494.6567964894849,1.6284468875534344,0.3939098876582273,4.13405943484806,3.564112387896713e-05,0.0008507561906045397
ENSG00000211648.2,2386.5627053455937,3.8176831237841995,0.9235635973262746,4.133644001167249,3.570564044427988e-05,0.0008507561906045397
ENSG00000176485.16,4315.586112197245,-2.3019038397744236,0.5571687998257976,-4.131429901484305,3.6051363320905016e-05,0.0008581909113521231
ENSG00000124256.17,551.5700158591155,2.6978405144894926,0.6531900005470732,4.130253849921067,3.623628928018123e-05,0.0008617876043468684
ENSG00000138769.13,48.932846014163516,-2.9147738601409667,0.7057756806062612,-4.129887073520551,3.62941463355806e-05,0.0008623583967477364
ENSG00000114013.17,829.4893954722569,1.9780733980405598,0.4790580767037204,4.129088923103419,3.6420353644104466e-05,0.0008645506315647576
ENSG00000271216.3,8.8651389260259,4.662839408497512,1.1296114637259616,4.1278258571468385,3.662092741724937e-05,0.0008685024601906506
ENSG00000270550.1,1221.7406157301111,3.644809072301902,0.8834205902233712,4.125791398387397,3.694620439625479e-05,0.0008754016485367495
ENSG00000115828.19,496.55054391126214,2.466472344581055,0.5978727181772028,4.125413770510967,3.700688201652157e-05,0.0008760244347981608
ENSG00000171889.8,24.3612143964545,-3.5296481191655107,0.8557901282852408,-4.124431916780717,3.716509034243911e-05,0.0008789526611998761
ENSG00000137142.7,20.716697775798824,4.040654621157778,0.9797430572709891,4.124198269302116,3.720283296195783e-05,0.000879029089400768
ENSG00000122966.20,490.27381356768126,2.8765403295299277,0.6977492269432505,4.12259909212896,3.746213713881366e-05,0.0008843355839320878
ENSG00000086570.13,1054.4106510659333,-2.183954305712001,0.5299181338213472,-4.121305096625139,3.767321150298273e-05,0.0008884947872152528
ENSG00000089012.16,208.16397584935626,3.2405361610353856,0.7865119391614867,4.120136007712959,3.786488165161979e-05,0.0008921890846886287
ENSG00000267361.1,20.330617432296023,-4.0121155376278415,0.9738943050881835,-4.119662181682596,3.794282794399968e-05,0.000892374672725407
ENSG00000301521.1,17.806830735204432,-7.488510661171054,1.8177353854510134,-4.119692404685744,3.793785159367887e-05,0.000892374672725407
ENSG00000082293.14,131.25689668966535,4.07478441811521,0.9894487534939413,4.118236951359362,3.817820323465445e-05,0.0008970821167803352
ENSG00000118705.20,10826.271094735279,1.2831514935893595,0.3117258944020371,4.116281376145357,3.850342087268188e-05,0.0009038899843761108
ENSG00000099985.5,121.17860024651263,3.0734453179362347,0.7466995295015852,4.116040249801323,3.854370248484891e-05,0.0009040024364563412
ENSG00000256139.3,38.873740080734976,-2.012431979226169,0.48902350267210554,-4.115205032539145,3.868354003776421e-05,0.0009064475145371593
ENSG00000111879.21,239.4692090965909,-2.2760068850791906,0.5532634059118535,-4.113785334000215,3.892234085147956e-05,0.0009106398134411605
ENSG00000182185.20,470.61132493540003,-1.9418876011191164,0.4720518784101275,-4.113716500100373,3.8933954569409284e-05,0.0009106398134411605
ENSG00000231249.4,59.838913860606205,-2.031727474988973,0.49397498143017005,-4.11301695706665,3.905216881773722e-05,0.0009125667816115456
ENSG00000138735.18,1333.909066954849,-1.3697142822993662,0.33319605579576156,-4.110835823155592,3.942294475002172e-05,0.0009203866413637061
ENSG00000139116.21,939.8411083730566,1.4579905420691468,0.3547518984562401,4.109887920019109,3.958512031519491e-05,0.0009233265563629391
ENSG00000294649.1,24.796211055380148,-5.736198247605617,1.3959203119802084,-4.10925910195291,3.969305312897852e-05,0.0009245811862911003
ENSG00000183682.10,167.45214572230375,1.729219939651778,0.42082163090108743,4.109151746665382,3.971150790320222e-05,0.0009245811862911003
ENSG00000241657.2,45.5607061726596,3.6576592363377083,0.8905164750111642,4.107345949205323,4.0023154350863416e-05,0.0009301818782015401
ENSG00000272523.3,36.79898686202198,-1.921468195486708,0.467813881617756,-4.107334713630221,4.002510064421845e-05,0.0009301818782015401
ENSG00000169174.15,165.58606253062928,4.272167461660403,1.04037830828418,4.106359607502944,4.019435693308448e-05,0.0009307186049478134
ENSG00000265519.1,150.65500566744763,-1.3298096590487953,0.32383972043685966,-4.106382185776602,4.019043018722379e-05,0.0009307186049478134
ENSG00000168496.6,1031.030388927522,1.8126880558347562,0.4414074156334204,4.106609883827043,4.015084996598756e-05,0.0009307186049478134
ENSG00000166451.16,355.08915078623653,1.6923667163010263,0.41209951686624685,4.1066942498996175,4.013619420251828e-05,0.0009307186049478134
ENSG00000291112.2,187.19528349488544,-2.4641983546123942,0.6002997554909325,-4.104946457286398,4.044085361236406e-05,0.0009347268442473003
ENSG00000105737.12,203.10502341145843,-2.1302840186869325,0.5189552904039303,-4.104947108312201,4.044073972394846e-05,0.0009347268442473003
ENSG00000183092.20,171.69610684692,-2.017296146222158,0.49162983429523516,-4.103282603086949,4.073291958560189e-05,0.0009397719155478856
ENSG00000125966.12,91.43855065550046,-1.5059012889655532,0.3669974727782618,-4.103301522938312,4.0729587252276724e-05,0.0009397719155478856
ENSG00000112473.21,6657.261931825301,1.2782033231195389,0.3116073659574057,4.10196761296798,4.096516232355711e-05,0.0009434210212869106
ENSG00000156076.12,576.4107208151615,-3.359706195566455,0.8190071971786912,-4.102169318096277,4.092945742209494e-05,0.0009434210212869106
ENSG00000095637.25,5523.026341448053,-2.4798744678113454,0.6047052502450173,-4.1009640098321265,4.114325527772248e-05,0.0009466665358436037
ENSG00000189129.16,1432.9418922903817,-2.211665680027632,0.539462750349005,-4.099756060259576,4.135858454068216e-05,0.0009507621902849416
ENSG00000170917.15,159.60691275134917,-1.0106570611043508,0.24677136888421547,-4.0955199368308755,4.212219744703268e-05,0.0009674431841058337
ENSG00000111669.17,12051.20349192805,1.1917980449433763,0.29102335815517416,4.09519721199804,4.2180917607536686e-05,0.0009679190561996098
ENSG00000009950.18,374.2128712283688,-3.6472841950143944,0.8909387863367847,-4.093753971595172,4.244446843761198e-05,0.0009713414695187914
ENSG00000109255.13,27.240554303412658,4.031144176779891,0.9846974005288652,4.093789802445734,4.2437906479405075e-05,0.0009713414695187914
ENSG00000233251.9,101.6250113672939,-2.1535111372982296,0.526006480463862,-4.094077197298297,4.238530862684715e-05,0.0009713414695187914
ENSG00000105792.21,353.90632337620013,-1.885852634522423,0.46081947908519105,-4.092389146105926,4.269513650138303e-05,0.0009755938633511131
ENSG00000198929.15,183.1594009715518,-2.381450635928351,0.5819309157029136,-4.092325345959321,4.2706888525636646e-05,0.0009755938633511131
ENSG00000174749.7,1795.7941005467112,-1.8395142964291384,0.4496173930496021,-4.091288114884386,4.2898378123157346e-05,0.0009790901336693017
ENSG00000131650.17,135.9342530927196,3.181252452459167,0.7779724675639144,4.0891581451728065,4.329416161017321e-05,0.000987238666403511
ENSG00000153446.18,577.538232359251,-2.8363669547605097,0.6938405945644158,-4.087923043103502,4.352524802325608e-05,0.0009916203867623933
ENSG00000186409.20,211.63592703461796,-1.294979105224421,0.3168005515226237,-4.087679453209357,4.357096137850002e-05,0.000991774760743319
ENSG00000248727.7,228.73525782452296,-1.9780439379498014,0.48400812708995894,-4.086799016873031,4.373656875295531e-05,0.000994655484559397
ENSG00000185862.9,1143.163866302072,2.136513781804417,0.5228306886712462,4.086435299416497,4.380515701838129e-05,0.0009953266319493218
ENSG00000124440.17,143.79875530304594,-3.3863676177975024,0.8288573373811285,-4.085585618988578,4.3965783868488765e-05,0.000998085990119677
ENSG00000123219.15,179.43152707843424,1.930662646582847,0.47275325510447924,4.083869599493646,4.429189188668788e-05,0.0010045937473248682
ENSG00000267221.4,209.12524151617228,-1.6286312175491222,0.3989001670025308,-4.082804050414923,4.449553934777461e-05,0.0010083148422839565
ENSG00000184575.14,3792.402741825923,1.1125671521337424,0.2726054744344223,4.081235545404942,4.4796928091360934e-05,0.0010142422714800483
ENSG00000150961.17,2837.8900641175514,1.2389086451014104,0.30360853397220905,4.080612059524039,4.4917268053970646e-05,0.0010160637074624213
ENSG00000249346.9,35.32560923706302,-4.165765762360471,1.0212967936244524,-4.078898306903225,4.524962363516473e-05,0.0010226736145619172
ENSG00000184785.6,272.90603958260635,-1.6958195755631253,0.4158392793758051,-4.078064915148547,4.5412088551402e-05,0.0010254355562879082
ENSG00000168679.20,504.81446796623925,-1.7527792577342947,0.429916376429899,-4.077023704678759,4.5615843911931374e-05,0.0010291241455100124
ENSG00000211670.2,293.0884081430762,2.6708774685300765,0.6551989908130115,4.07643709160157,4.573102023868635e-05,0.001030809572123522
ENSG00000183155.7,881.173379243873,1.1060187757512066,0.27143481034985656,4.074712356626778,4.6071256368196806e-05,0.0010375605401895145
ENSG00000305531.1,81.13704710275327,-4.348099752331625,1.0677104399541804,-4.072358562419057,4.653946117320408e-05,0.0010462547356952171
ENSG00000105366.17,201.50783698505882,2.125975894333188,0.5220471630129953,4.0723828131985575,4.65346144096271e-05,0.0010462547356952171
ENSG00000166278.18,389.6601140431361,2.1727769991030823,0.5337641378487752,4.070668756166358,4.687836731416862e-05,0.0010529443508458455
ENSG00000113810.18,1946.9553602801911,2.003866848508416,0.49231468355525565,4.070296733864345,4.695329346190143e-05,0.0010536980949498603
ENSG00000198604.13,2381.172254327355,1.0768199541440666,0.2645775935965255,4.069958984456528,4.702141529933348e-05,0.0010542979481420096
ENSG00000269954.2,23.848300882481404,4.542408926045724,1.1166312725792555,4.067957827791641,4.74269619417939e-05,0.001062455714704866
ENSG00000233766.9,13.332813482374583,-4.261885018990317,1.0478100998318076,-4.067421205115723,4.753627439310245e-05,0.0010639687566491324
ENSG00000273802.4,681.847284295185,2.489917843374542,0.6122017021893768,4.067152761042663,4.759104725606533e-05,0.001064259494872028
ENSG00000102362.18,257.9687333927074,-1.642175938941487,0.4038006194025883,-4.0667989597713845,4.766332766025834e-05,0.0010649408937144214
ENSG00000293352.2,26.26296881154382,1.915146188797863,0.47107927777998143,4.065443502043272,4.794120746585638e-05,0.0010702107759533986
ENSG00000257042.2,12.827039343609885,-5.488133889009088,1.3500562935868377,-4.065114851194968,4.800881453428716e-05,0.0010707815367800597
ENSG00000250584.4,230.08323399254562,4.861567090923511,1.196245778544376,4.064020269178459,4.823463444464363e-05,0.001073937389807271
ENSG00000165449.14,176.97213785714763,-1.9964237132456406,0.49123932113728797,-4.064055191314163,4.822741423867713e-05,0.001073937389807271
ENSG00000055163.23,2018.027369313365,2.717319538497797,0.6686759570177914,4.063731483058987,4.829438071422596e-05,0.0010743285337747157
ENSG00000092067.8,14.282098602156097,2.943393670399389,0.7244770970798842,4.062783602495079,4.8490978920589444e-05,0.0010777606667420015
ENSG00000301017.1,18.19529897766463,-2.5979184742398265,0.639625153387031,-4.061626501839354,4.8731999559575163e-05,0.0010821732875169476
ENSG00000291230.2,10.460552501849657,4.573202290224778,1.1263052617554787,4.060357742710805,4.8997583538241645e-05,0.0010871232145492622
ENSG00000136011.16,182.72159257988295,-3.0113662302477353,0.7417085832145853,-4.060039614475528,4.9064390807369e-05,0.0010876580489595263
ENSG00000187808.5,105.22040924509092,1.9935024330253774,0.49121836387385115,4.05828157014367,4.9435141873824555e-05,0.0010949239118853784
ENSG00000204311.17,171.1969514602627,-1.2879523328417801,0.3174074973520338,-4.057724986292066,4.955307133500039e-05,0.0010965823457635055
ENSG00000131080.17,346.0158379165379,-1.7804915058953714,0.438985037187268,-4.0559275489287945,4.993573772561771e-05,0.0011040912982718826
ENSG00000174697.7,2288.2111272875645,-4.375932392583725,1.079609153538123,-4.053256104992077,5.0509655124353976e-05,0.0011148452562152688
ENSG00000204851.7,215.74806650027324,-1.8858859136510822,0.46543301537482246,-4.051895442209532,5.0804369631647654e-05,0.0011203793063962748
ENSG00000243701.9,370.1052961129044,-1.676529634825813,0.41384899964802535,-4.051066056101829,5.0984810303439634e-05,0.0011233859024558051
ENSG00000242371.1,1536.780596283184,2.9999225396514624,0.741427503704657,4.0461441269198755,5.2068182339155836e-05,0.001146265058220085
ENSG00000064601.23,2109.445183139104,1.0794141462722642,0.2668745420232763,4.044650111954551,5.2401324334312224e-05,0.001151608396996779
ENSG00000163191.8,14916.166145144432,1.2736426109645957,0.3148822551864589,4.0448218023921445,5.236293757704033e-05,0.001151608396996779
ENSG00000272734.2,355.31339617662445,-1.2239246467911344,0.30270672782449015,-4.043268729397941,5.2711147399878474e-05,0.0011574186512261248
ENSG00000065485.22,1392.4335913069067,1.3182852707286201,0.326163397969209,4.041794017773481,5.304381809733522e-05,0.0011637201470777133
ENSG00000095627.12,346.610338726582,4.615162403121932,1.143102735339535,4.0373994921384675,5.404698798430799e-05,0.0011847081161345172
ENSG00000180596.11,501.7561335000134,2.9339586391644357,0.7272972540474072,4.034057083038557,5.482199086783207e-05,0.0011996313826413666
ENSG00000165698.18,302.77541409493847,-1.1576947050678135,0.2870619681111262,-4.032908687575261,5.509069037194811e-05,0.0012034433743258065
ENSG00000177398.19,23.687417172134147,3.341684881490261,0.8289437973514957,4.031256271133291,5.5479509826155666e-05,0.001210898538802066
ENSG00000121281.14,1095.1077954848972,2.0306937614510185,0.5037839582014505,4.030882143807753,5.5567903527881146e-05,0.001211789444142689
ENSG00000134202.14,1691.9809358890222,-2.1323398771401303,0.5294292847739159,-4.027619813382087,5.63443564647532e-05,0.0012276707472315901
ENSG00000180347.16,200.99703326562104,-3.344485428597555,0.8306735072056004,-4.026233411305555,5.6677430039430166e-05,0.0012338724961831844
ENSG00000072163.22,1429.593260034086,-1.7545525615137376,0.43593088682150205,-4.024841126323227,5.7013793247236605e-05,0.0012401352073444607
ENSG00000211673.2,3235.8936767806617,3.6697887727348015,0.9123371916417373,4.022404004084357,5.760713564035177e-05,0.0012519721432554607
ENSG00000151914.23,18905.249420039894,-1.6943251709298983,0.42135154649833984,-4.021167561886649,5.791039177886007e-05,0.0012564187299824062
ENSG00000152056.20,328.5436938407304,2.4431145359739284,0.6078374541841334,4.019355041642154,5.8357673699458305e-05,0.0012645699715487216
ENSG00000300395.1,44.52803688125684,-5.163014693166524,1.284573859047656,-4.019243157411148,5.8385390700847886e-05,0.0012645699715487216
ENSG00000270607.1,26.18192196718672,-2.5977305780371864,0.6463573314245927,-4.019031659023196,5.843781910864689e-05,0.0012646301533698768
ENSG00000211789.2,44.296432007145896,3.9308084477432756,0.9783298918667735,4.017876260780309,5.872501916044987e-05,0.0012697665221017137
ENSG00000261054.1,36.258586555689625,-3.00674467623098,0.7485543938833236,-4.016735057331903,5.901000258233742e-05,0.0012746887526343545
ENSG00000156966.9,560.0366456532248,2.3334725374215903,0.5809623248228065,4.01656430670147,5.905275521607077e-05,0.0012746887526343545
ENSG00000186193.11,535.3738883067866,2.1985056566390497,0.5475144025108963,4.015429816196107,5.933755529994167e-05,0.0012797517959735939
ENSG00000248491.7,24.665529902092736,-5.608150950139906,1.3967685105311431,-4.01508976459336,5.942317417705823e-05,0.0012805141027612944
ENSG00000196684.14,827.6331318450569,2.4263253364492527,0.6045298987295723,4.013573756315789,5.9806303143150776e-05,0.0012876807669984728
ENSG00000135424.21,1583.311411952532,-2.0210875149131793,0.5037581684221635,-4.012019341033199,6.020156643563699e-05,0.0012950963671301604
ENSG00000152580.11,846.0864250628861,-2.762722564937912,0.6889678185988233,-4.009944282385428,6.073307737658379e-05,0.0013054280285729669
ENSG00000008300.17,305.7312936419611,2.0560219675684164,0.5128343711351396,4.009134495056345,6.0941701241237825e-05,0.0013088078181412888
ENSG00000116793.18,775.5742603328674,1.1080287532567845,0.2764106089280344,4.008633234281063,6.107117984416584e-05,0.0013104835904050112
ENSG00000104371.6,19.906812855165022,-4.402036241434274,1.0983364109867058,-4.007912509683298,6.125780379536569e-05,0.0013133817512388547
ENSG00000233999.3,25.747738494369326,3.4648477322314686,0.8646244011596622,4.007344377031578,6.140529612797292e-05,0.0013154367516195107
ENSG00000305936.1,17.194646195148497,-3.9220011397450607,0.9789934250229819,-4.006156772353187,6.17146956549709e-05,0.0013209537924603056
ENSG00000188488.16,102.74358889974579,-2.7961252673879877,0.6981440664511979,-4.005083480263947,6.199558316620207e-05,0.001324739512438199
ENSG00000302007.1,11.490048677397063,-5.373831736486316,1.342473134950336,-4.00293428343735,6.256168429710456e-05,0.0013357155580314755
ENSG00000211780.3,11.686558085565114,5.727736033605173,1.431167955238276,4.002141057337718,6.277185471575932e-05,0.0013390803278602223
ENSG00000248869.7,27.985884649089954,-3.508431750574913,0.8767754153573142,-4.001517023769553,6.293766603272639e-05,0.0013414939677988066
ENSG00000203446.2,17.69796563350118,4.560808770236803,1.1399131604308144,4.001014225077556,6.307156568571545e-05,0.0013432239544990453
ENSG00000101825.9,7592.974944894458,1.4137266475508579,0.3534354763326491,3.9999568300842436,6.335403954308384e-05,0.0013481125657492804
ENSG00000308499.1,13.670424510656426,-4.237641585008308,1.060099388738943,-3.9974002721096342,6.404195780295253e-05,0.0013616132781293856
ENSG00000183722.11,4859.908882173794,-1.7365662299771107,0.43471902693802916,-3.994686504082244,6.477991107370908e-05,0.0013761543911246406
ENSG00000160161.11,277.7434102385575,2.157809079436959,0.5403034939976306,3.9936981777993505,6.50506598038722e-05,0.0013807544632203576
ENSG00000149554.17,317.9641789615873,2.1419211260143713,0.5363539306876757,3.9934845322530763,6.510932791427893e-05,0.0013808490352244785
ENSG00000124772.13,681.2089072307436,2.081731679514077,0.5215147816310776,3.991702158476316,6.560073183101172e-05,0.0013901133448150577
ENSG00000144908.16,244.91522638912423,-3.5221699290235673,0.8827366364981136,-3.990057490982016,6.605728183538139e-05,0.001398624293955943
ENSG00000291132.2,63.87787502169599,-1.4359281454638415,0.35996096575466846,-3.989121827288626,6.63183568442433e-05,0.0014029001462900904
ENSG00000163564.16,243.67162998824148,2.539502661442422,0.6366360682682101,3.9889393454417794,6.636938778530718e-05,0.0014029001462900904
ENSG00000180198.19,1688.0200178175467,1.0559706169134784,0.26475257584785117,3.9885187652350806,6.648714435209742e-05,0.0014042239252008899
ENSG00000273409.4,13.73696358562169,-4.588211583925769,1.1505943497621651,-3.9876882629174917,6.672025430773093e-05,0.001407979782495621
ENSG00000184216.17,5266.924576542031,1.061589764062773,0.26651904230846324,3.9831666618181543,6.80030306327374e-05,0.0014326759249350324
ENSG00000133134.14,322.6058185467108,-1.6998680723721173,0.4267487943764533,-3.9832990620533337,6.796513934006981e-05,0.0014326759249350324
ENSG00000143851.19,903.34033669967,2.58702891932905,0.649676214815614,3.9820280631072205,6.832970943683473e-05,0.0014383686190624937
ENSG00000150627.18,91.20739812077056,-2.4881827373249203,0.624942579004249,-3.981458170588186,6.849377609262895e-05,0.0014403123035459234
ENSG00000211794.3,24.2402559627793,3.755118913571997,0.9431856550086082,3.9813147004846305,6.853513846718461e-05,0.0014403123035459234
ENSG00000106571.17,1707.1198071542024,-1.5626165328777517,0.39253253971958396,-3.980858590714666,6.866679178920036e-05,0.0014418894094498948
ENSG00000029559.9,24.17499648063519,8.146778619993823,2.0479789124827694,3.9779602076651583,6.950900047370994e-05,0.0014583721178466772
ENSG00000107731.14,2055.235581975971,1.53485461170537,0.3858636175893288,3.977712698839884,6.958137242265517e-05,0.0014586890016275308
ENSG00000157734.16,549.1907691872873,3.4292307584446005,0.8623076693435121,3.9768065162348907,6.984695034142527e-05,0.0014630523619625355
ENSG00000173267.16,2278.197792268473,-2.903589840307789,0.730375134991995,-3.9754773967484707,7.02382151337613e-05,0.0014700390942251717
ENSG00000119771.17,675.83889107723,-1.8226233525834434,0.45850379376886274,-3.975154354998095,7.033362456249118e-05,0.001470827381963229
ENSG00000105063.21,3960.008582577207,1.156086957075108,0.29087275012635383,3.9745454208856246,7.051380493367734e-05,0.001473385664861112
ENSG00000136160.19,1160.0784494598358,-1.7756145245147934,0.4473175113933639,-3.969472420124743,7.203194333435047e-05,0.0015026417925219006
ENSG00000148737.20,1087.719773368317,-1.173694770191901,0.2958025293031797,-3.967832097165521,7.25294025789076e-05,0.0015117810254397343
ENSG00000300012.1,10.590427902867074,-5.2250922455288995,1.3172012187575723,-3.9668140077014042,7.283979008521813e-05,0.001515085220391864
ENSG00000261616.1,169.36320242674762,-2.5161713074240883,0.6342978041097258,-3.966861135449905,7.282539444013924e-05,0.001515085220391864
ENSG00000163993.8,1622.9393044924545,5.745945491196077,1.4485356530620417,3.966727003957267,7.286637332574432e-05,0.001515085220391864
ENSG00000167513.11,283.8647025022885,2.1102201196657373,0.5321378963133842,3.9655512871479397,7.322650445204934e-05,0.001521331398774999
ENSG00000169918.12,176.71183318365883,-1.34846239798825,0.34017772990758055,-3.9639937580705245,7.370618039445502e-05,0.0015300489982291473
ENSG00000182168.17,316.58434890321575,-1.4729573237347324,0.37164467649967087,-3.963348372450148,7.390581086775124e-05,0.0015329437366551238
ENSG00000089723.12,82.90517622131964,1.2673702196488574,0.31979406542372457,3.963082360423424,7.398824235331839e-05,0.0015334048177228418
ENSG00000091490.13,3065.505387533191,2.1118922400157074,0.53295195848934,3.962631540002023,7.412814062511043e-05,0.001535055178749746
ENSG00000135047.18,5199.488869076217,1.3545543944427578,0.3418893569636295,3.961967130163858,7.433477591847357e-05,0.0015380837347030382
ENSG00000237638.4,131.13643392318903,1.407366127219703,0.3552584308051126,3.961527736386796,7.447172903875201e-05,0.0015396667291769908
ENSG00000120471.17,86.26332202019611,-3.859962952206526,0.9744237023450999,-3.961277771586358,7.454974615054911e-05,0.0015400296708845387
ENSG00000188910.10,290.588019642124,2.20694908307927,0.5572333120936577,3.9605476470658925,7.477806990621543e-05,0.001543494504522863
ENSG00000273079.8,26.753635447396373,-2.377313988471308,0.6005431597121844,-3.9586063882746694,7.538835917432427e-05,0.001554831495165355
ENSG00000302379.1,60.01418344374464,-2.2565629960260916,0.5701263872003772,-3.9580048331160604,7.557842885144879e-05,0.0015574904217437314
ENSG00000158966.18,1448.4383825345262,-1.6925240279719431,0.4278836380856615,-3.955570807858521,7.635212890172769e-05,0.001572162550732341
ENSG00000180481.13,86.28232068342626,-2.452910849039549,0.6202776369274607,-3.9545369734592066,7.668301322118745e-05,0.0015777003471380171
ENSG00000164430.19,1086.2368147372542,2.5200180268205314,0.6377388252992571,3.9514891156862224,7.766640517763664e-05,0.0015966432657623752
ENSG00000203280.5,13.542546200803368,-3.2908576500831592,0.832912369708593,-3.951025065499406,7.781717291162556e-05,0.0015971645537727758
ENSG00000211716.2,40.221561419602,3.018678556870048,0.7640091593104018,3.9511025752554083,7.779197112005686e-05,0.0015971645537727758
ENSG00000111961.21,3152.9321021189253,-1.2067322187263971,0.3054658585997179,-3.950465116652193,7.799946607248968e-05,0.0015996170695107767
ENSG00000160868.18,13.023708054295145,-3.0867883806070098,0.7818911980222861,-3.947848995377778,7.885651536316912e-05,0.001615892439915753
ENSG00000196584.5,676.351997606823,3.530408632422857,0.8943320961212051,3.947536544572807,7.895946829541453e-05,0.0016163636230475545
ENSG00000112242.18,1013.2725862140128,1.51769402998164,0.3844799808791826,3.9473941569367534,7.900642733674396e-05,0.0016163636230475545
ENSG00000146386.10,1710.7801443382175,1.7303573650566646,0.4385072162328908,3.946017992410126,7.946164525100644e-05,0.0016243720434898758
ENSG00000289963.2,51.850602278859895,3.6490682500626894,0.9255520179994005,3.942585807278801,8.060779634684167e-05,0.0016464804977950314
ENSG00000291089.2,133.06879112713455,-2.6662813568985144,0.6766890880601971,-3.940186717864329,8.141821349293958e-05,0.0016617013749027757
ENSG00000276855.1,193.68706081490004,-1.547351800395037,0.3929136566042778,-3.9381471587622863,8.211323118092609e-05,0.0016745445247472925
ENSG00000131015.7,121.84992773489031,3.0631351743393576,0.77792057719544,3.9375937134643944,8.230279300950181e-05,0.0016770675525960164
ENSG00000136274.10,164.35010370591678,-1.4488487511921788,0.36797986229659,-3.937304455058505,8.240203207656459e-05,0.001677747529194386
ENSG00000187840.7,2004.5623083236271,1.5891175637469392,0.403730937446914,3.936080731875768,8.282312091235168e-05,0.001684725443755256
ENSG00000115091.14,7984.912330423817,1.1405111003572517,0.28979643802021327,3.9355594159432044,8.300312517244162e-05,0.0016859430632115316
ENSG00000287059.1,98.37288003752222,-2.4142912632948037,0.6134996564016639,-3.9352772867963024,8.310069517624266e-05,0.0016865799257642046
ENSG00000253706.6,22.754815110442834,-3.627229065439527,0.9223742382969055,-3.932491731487354,8.406987237804317e-05,0.0017048914962907147
ENSG00000167984.20,553.7812008943215,2.4781694925955886,0.6304006314688957,3.931102490841751,8.455721304798039e-05,0.0017134103210382724
ENSG00000156804.9,5595.438222810999,-1.5909515726827412,0.4047598792277158,-3.930605908170262,8.473205923989192e-05,0.0017155884585844888
ENSG00000205078.7,214.03711459798458,-1.7121827404959917,0.4356418212129309,-3.9302533804694555,8.485639114075383e-05,0.001716741174540223
ENSG00000277075.4,55.10540650506241,2.8314420436239454,0.7205154285527123,3.9297451954795983,8.503592474749427e-05,0.0017190079676535131
ENSG00000170819.5,13.398296580252238,5.0369319890945725,1.282430419796803,3.92764543895696,8.578154752020909e-05,0.0017327056279835412
ENSG00000081479.16,1338.4870122473583,-3.443120526351777,0.8766955358719735,-3.9273845770495477,8.58746097191226e-05,0.0017332109224689157
ENSG00000123989.17,5018.017133842873,1.362447257084209,0.34692749761250974,3.9271815190791064,8.594711644934918e-05,0.0017333008733819264
ENSG00000167394.15,270.73524135459513,1.0363991759969224,0.26396701077412094,3.926245074933924,8.62822454964121e-05,0.0017373083597147134
ENSG00000126709.17,5877.439849020082,2.133231952870388,0.5433136458323145,3.9263360477582734,8.624963461645716e-05,0.0017373083597147134
ENSG00000079263.21,510.3827496428284,2.781221168789314,0.7085483937594509,3.9252381252783235,8.664398410555654e-05,0.0017432139961711143
ENSG00000113407.16,3673.133676320085,1.325252662056997,0.33764201683143324,3.9250229414386704,8.672147278338114e-05,0.0017433959220722187
ENSG00000115415.23,15181.774760671738,2.2074024046855243,0.5624966235752639,3.924294497369844,8.698427508897663e-05,0.0017473000558291196
ENSG00000057252.15,1826.9517601246225,1.2438200060657645,0.31697730068388963,3.924003401449187,8.708950465700354e-05,0.001747975649428532
ENSG00000280693.2,17.6368563564744,2.61985087907165,0.6676783283074237,3.9238219483819674,8.715515978070101e-05,0.001747975649428532
ENSG00000176402.6,123.36132182112183,-2.189475534209478,0.5583108909509071,-3.921606348177078,8.796061075995284e-05,0.0017627417125623593
ENSG00000147168.15,574.1314167747454,2.6086118032336207,0.665426485842996,3.920210359419191,8.8471709174749e-05,0.001771590333639962
ENSG00000146232.19,1120.4156403259954,1.3482723661057303,0.3440156528598184,3.919218078879488,8.883670671158383e-05,0.0017775017727028684
ENSG00000111711.11,1940.0867132535946,1.0023082394303588,0.2557832351136712,3.918584574102086,8.90704767532071e-05,0.0017807803087762466
ENSG00000163507.17,428.15605146210476,2.03475444959722,0.5194819626436175,3.9168914340017835,8.969811893975211e-05,0.0017905178585536255
ENSG00000164742.18,627.6932001529452,-2.2102284953507754,0.564272019794216,-3.9169556841695283,8.967422551802447e-05,0.0017905178585536255
ENSG00000285219.5,72.4820202208661,-1.4202642489341664,0.3627851123544235,-3.914891214021585,9.044497787735745e-05,0.0018040125540439871
ENSG00000184113.11,3314.1502491472183,-2.1126066028103425,0.5397541124187177,-3.9140166868640254,9.077335833454195e-05,0.0018091457043342082
ENSG00000172183.18,1288.4357355213976,2.1458273119650824,0.5483385991296087,3.913325298221221,9.10337679911861e-05,0.0018129172044593442
ENSG00000155307.21,791.011161166956,2.2502178999442153,0.5753401717129414,3.911108611179914,9.18734431836154e-05,0.001828209743226459
ENSG00000230314.8,18.500457750049662,-7.542919332002551,1.9289042644839316,-3.910468482488746,9.211728016122695e-05,0.0018316309469060198
ENSG00000188385.14,87.1466806699525,-2.214158533843149,0.5663377210631341,-3.90960808629648,9.244598416006094e-05,0.0018367329661005554
ENSG00000116678.21,2820.0261877592875,-2.742043498022696,0.7016318169221426,-3.9080945759433403,9.302689244886421e-05,0.001844222547823465
ENSG00000198691.15,65.95786352852889,-2.3086035701112997,0.5907024160233789,-3.9082345145172543,9.297303759963345e-05,0.001844222547823465
ENSG00000103647.15,220.9474643326274,-2.097787484813556,0.5367848568070596,-3.9080601067842324,9.304016230038681e-05,0.001844222547823465
ENSG00000288922.3,1241.8879781268909,3.9640573225159907,1.014611425523801,3.906970908069082,9.346040125642567e-05,0.0018489216756225504
ENSG00000186603.7,87.38644928678488,2.300849474745666,0.5889457004889002,3.906725989909879,9.355514309188636e-05,0.0018489216756225504
ENSG00000231881.3,41.5630355083048,3.247689738119454,0.831314117533048,3.9066938352461524,9.356758823279289e-05,0.0018489216756225504
ENSG00000167105.10,33.146317899429114,2.945113877609031,0.7538253530114729,3.90689151783438,9.349110189794472e-05,0.0018489216756225504
ENSG00000135439.14,508.77746146777827,1.682400794597704,0.43067365138020974,3.9064400369189,9.366587322243428e-05,0.0018494290363167622
ENSG00000119927.16,3279.4448980710367,-2.665030701969302,0.6823769650844241,-3.905510939454972,9.402650442189675e-05,0.0018536757694505666
ENSG00000211647.1,48.29113635000568,4.64059129524476,1.1881717522532447,3.905656977995277,9.396973252267812e-05,0.0018536757694505666
ENSG00000142515.17,25.73750721368478,-6.483501890291576,1.6603339857012926,-3.9049383715126877,9.424940051685088e-05,0.0018566330089440906
ENSG00000170627.13,21.282677834965174,2.886116159109573,0.7391503431622165,3.904640220773294,9.436566567759605e-05,0.0018574867623447056
ENSG00000211734.3,57.379186585649926,2.9805849898572743,0.7635666216928277,3.9035035125675286,9.48101736314027e-05,0.0018647953147223613
ENSG00000281769.2,59.28530802478672,-4.573908580386045,1.172027187150688,-3.9025618437279275,9.517990846077943e-05,0.0018706230311763218
ENSG00000114268.14,451.7000948457268,1.5745153062622128,0.40353543324482527,3.9018018655798015,9.547929704299948e-05,0.0018736156972128193
ENSG00000064012.26,1177.7637662074071,1.1263364517375554,0.288658244359125,3.901972224068056,9.541210816959776e-05,0.0018736156972128193
ENSG00000235314.2,171.887948624249,-1.6292674812448966,0.4176392644464795,-3.9011357885716405,9.574242487744969e-05,0.0018773327975777684
ENSG00000184831.16,434.50919509050993,1.7876570295367815,0.4584995960254884,3.898928254317162,9.661939539749162e-05,0.0018917697602420583
ENSG00000164778.5,160.17927832959683,2.8302962692643714,0.7259201398620896,3.8989085904161183,9.662724110066028e-05,0.0018917697602420583
ENSG00000104814.14,521.5129158216288,2.2044898123931014,0.5657197885982409,3.8967875206477376,9.747706801881518e-05,0.0019068897511188836
ENSG00000157168.23,547.919226761931,-2.94793303862237,0.756538235537218,-3.896608129170156,9.754926566322113e-05,0.0019068897511188836
ENSG00000132554.23,42.468703391103354,-2.0547592075615504,0.5274323537838348,-3.895777710298906,9.788413316534306e-05,0.0019109365875982001
ENSG00000151014.8,263.0130119924535,1.444372838998983,0.3707586324713705,3.8957227492485034,9.790633453007936e-05,0.0019109365875982001
ENSG00000100065.17,1042.3382686852713,-1.0012935665722633,0.25703935291500885,-3.8954874232948495,9.800144756778741e-05,0.0019113283851448033
ENSG00000187391.24,404.45594890287566,-1.3238167007318757,0.339858008794815,-3.8952052518236036,9.81156094395285e-05,0.0019120908095135657
ENSG00000116824.7,1546.02301983472,2.481523873907065,0.6372794868671444,3.8939333919348265,9.86317428953185e-05,0.001920679757864417
ENSG00000259887.2,14.910941814488712,-2.62342422525732,0.6738190072520417,-3.8933663150229734,9.886269364128475e-05,0.0019237063939932498
ENSG00000197451.14,3148.1535381565927,1.2199985909619222,0.31339519225668233,3.8928439909272696,9.907586972097376e-05,0.0019263828073762766
ENSG00000176749.11,315.00849800556136,2.2930637039713337,0.5890907100345867,3.8925477263708728,9.919697694242143e-05,0.0019272663613275486
ENSG00000114805.20,691.4409615214553,2.132175060858928,0.5478279883521078,3.8920520787421076,9.939990064394652e-05,0.0019282672271911361
ENSG00000280339.1,198.38310535936034,-2.5774826507492885,0.6622252098930137,-3.892154228265783,9.93580474500396e-05,0.0019282672271911361
ENSG00000250538.7,101.51415058567731,-4.141006976830483,1.0640732309694299,-3.8916560029029164,9.956234017035053e-05,0.0019299485285228296
ENSG00000231826.9,281.4378260939793,-2.307339255955819,0.5930213723413326,-3.8908197302335266,9.990613772863313e-05,0.001935140101966551
ENSG00000119943.15,494.3987806067262,-1.551910620005228,0.39897111703203564,-3.889781875815878,0.00010033436548403653,0.0019389278116005938
ENSG00000290549.2,56.09704203851653,-3.92216773586156,1.0083708938960363,-3.889608238004079,0.00010040617892902451,0.0019389278116005938
ENSG00000290596.2,78.36489001631256,-3.1007674034297494,0.7971835072356265,-3.8896532295082267,0.00010038756660431151,0.0019389278116005938
ENSG00000134343.15,40.103423068038495,-3.5073512423815014,0.902098170833275,-3.887992854637688,0.00010107660149119923,0.0019503955428654058
ENSG00000274370.1,24.840854884776924,-1.8855984511615358,0.4850074734957891,-3.8877719503386308,0.00010116860978647619,0.0019506931566020704
ENSG00000160957.17,891.685521593303,2.0146591547836947,0.5183239187981485,3.88687282550097,0.00010154391838445361,0.00195644867259487
ENSG00000160213.12,8956.601151947898,1.9351745915303593,0.4981435646273575,3.8847728424997134,0.0001024256092460558,0.0019719445904053568
ENSG00000217275.2,11.287424308505212,4.334987420872594,1.1162996958837106,3.8833544762733556,0.00010302520206837684,0.001980494280666888
ENSG00000295782.1,83.50944570884326,-3.451886005995322,0.8888616064214249,-3.883490951862221,0.00010296736535742296,0.001980494280666888
ENSG00000012822.18,4308.069188022721,-1.158053516300473,0.2982464601024333,-3.882874304368064,0.00010322893695091618,0.0019814199344964476
ENSG00000241769.7,41.01406126802369,-2.2084663772851516,0.5687572291331205,-3.8829684514976925,0.00010318896078256443,0.0019814199344964476
ENSG00000136002.23,125.4276152052476,3.1949684313628497,0.8228957853854013,3.8825918033672924,0.00010334897851887761,0.001982230295071033
ENSG00000126895.18,208.24352406798278,-2.336252472992381,0.6017744157100535,-3.8822728451088424,0.00010348467000885158,0.001983339375316372
ENSG00000160991.19,2312.8963920572087,1.0817175168519115,0.27866692898743717,3.8817577700462524,0.0001037041487332797,0.001984559257990509
ENSG00000124731.15,99.11970743674323,3.2657956481420474,0.8413064872303844,3.8818144133099235,0.00010367999098021433,0.001984559257990509
ENSG00000030110.16,1224.088038513095,1.4853374718277734,0.3827664949135702,3.880531581436267,0.00010422840926398478,0.001993094453725943
ENSG00000118898.18,4541.704534882562,-1.6375198769343926,0.42217653446165737,-3.878756262525326,0.00010499188599301944,0.002004459099169675
ENSG00000231123.1,12.908530311104997,4.712329951199846,1.214956029833944,3.8786012295802275,0.00010505880795381087,0.002004459099169675
ENSG00000126246.12,46.386964450687366,2.0527684756937035,0.5292445072389698,3.8786769586005674,0.00010502611352255501,0.002004459099169675
ENSG00000229246.2,11.699092501497727,-5.431754212641343,1.4006043730088606,-3.8781502595001394,0.00010525370390518108,0.002006674470186278
ENSG00000289252.2,34.90516589997233,-4.209379426262376,1.0861887759054756,-3.8753663448172952,0.00010646440436740259,0.0020236976445090382
ENSG00000116990.13,543.4764116440748,2.273089164849366,0.5865427711397471,3.8754022327005884,0.00010644871376499914,0.0020236976445090382
ENSG00000225778.6,19.398332209846295,-2.3006641635614224,0.5936498145472532,-3.875456720753839,0.00010642489512220404,0.0020236976445090382
ENSG00000103653.19,4028.079135765589,1.25634222423828,0.3243473195350496,3.87344722330137,0.00010730665272208545,0.002038186242717553
ENSG00000043039.8,955.7798533838067,-2.2771490726656425,0.588288059285289,-3.8708062091760795,0.00010847600305267387,0.002057328573160578
ENSG00000241288.9,74.83058613076831,-1.4088439159397423,0.36410155697757307,-3.86937075368376,0.00010911660622765231,0.0020664008009104325
ENSG00000276846.1,37.54384820075653,-1.5285415898680512,0.39506118495940545,-3.8691262216132842,0.00010922608914153319,0.0020669373822615094
ENSG00000196081.11,89.0051502932444,1.9521507345867422,0.5046255460895455,3.8685134942421926,0.00010950087736099522,0.002069062943072633
ENSG00000211593.2,60.27359102544395,2.633165943776107,0.680642082325841,3.868649929458141,0.00010943963423588262,0.002069062943072633
ENSG00000120907.19,74.09453777618641,-2.39453910211,0.6190144161751858,-3.86830910482758,0.00010959268431338407,0.0020692626109312124
ENSG00000253177.3,30.59184080136565,-3.282166884357119,0.848732266252809,-3.8671404574354558,0.0001101190096400574,0.002077660218179187
ENSG00000232629.11,535.618523684423,2.6008919963259607,0.6726678870250589,3.866532127508964,0.00011039392686774419,0.002081305485750046
ENSG00000183569.20,3026.4689886769443,4.0754751273831795,1.0544552914676124,3.865005145652833,0.00011108685766072968,0.0020928205262399743
ENSG00000143493.15,959.635083971297,1.1557520759796585,0.2991477746414188,3.863482111357942,0.00011178208279918108,0.0021043617376038
ENSG00000240771.10,288.04614029013,-1.478878193069258,0.38282340106386226,-3.863082008465185,0.00011196539883369734,0.002106256036700964
ENSG00000187720.16,2214.3125332867944,-2.5525101468811537,0.6608314362640982,-3.8625737318299347,0.0001121986860438212,0.002109086887248834
ENSG00000198870.9,75.53113574370519,-1.3774747381163588,0.3570736907997012,-3.857676366554395,0.00011447007718571356,0.0021454505783644667
ENSG00000173175.18,737.2481338197227,-2.36772288552826,0.6137515767462263,-3.8577870513679593,0.00011441826612731599,0.0021454505783644667
ENSG00000204866.10,15.661005023940584,3.79759812825434,0.9845771429739202,3.8570854049929246,0.00011474707827948536,0.0021490609050417438
ENSG00000171621.16,1541.2015018831073,1.1302207485997908,0.29320045789768695,3.8547714307942322,0.00011583780208435797,0.0021678946780974884
ENSG00000076641.6,1117.4446405895856,1.9477617469461024,0.505345786435119,3.854314806276067,0.00011605419031324041,0.002170349692708184
ENSG00000143452.17,133.85236862402934,4.569908051482014,1.1858680752361825,3.8536394957523856,0.0001163749098004548,0.0021715643425109046
ENSG00000188820.16,511.2860413487835,2.6060389118230765,0.6763649611202044,3.853006973493897,0.00011667606615891977,0.0021755901033190667
ENSG00000301450.1,33.2181273978412,2.319344252566361,0.602287996586922,3.8508890525956776,0.00011768980940493329,0.002192887443564781
ENSG00000258748.2,12.383920905996876,-3.651334999507964,0.9484348168418012,-3.849853394950816,0.00011818854554244508,0.0021989630704978952
ENSG00000115956.11,2181.7448925240665,2.11607888459292,0.549632548267515,3.84998830812143,0.0001181234634101425,0.0021989630704978952
ENSG00000226415.1,113.86508786204868,1.2092493537435658,0.31417491854448704,3.8489684642739443,0.00011861627523448947,0.002205310325910716
ENSG00000285492.3,9.091631556001332,5.216146483221336,1.3567914553971883,3.8444717959211774,0.00012081237823748149,0.0022412647242343407
ENSG00000287626.2,24.463779765372923,4.12718545310238,1.0735595133593947,3.8443937217672675,0.00012085084487768356,0.0022412647242343407
ENSG00000137558.10,7784.080982009673,-3.405919561329545,0.8859563498971589,-3.844342400982736,0.00012087613659235796,0.0022412647242343407
ENSG00000183876.10,187.34403448267062,1.9694905963849998,0.5123678383205923,3.8438997319591226,0.00012109449832632934,0.002241568289876406
ENSG00000110031.14,1246.9722801798673,1.7724735551655957,0.46110973731173027,3.8439300056839314,0.00012107955292968317,0.002241568289876406
ENSG00000293405.2,47.19916819021819,-2.609029346790439,0.6790420979156764,-3.8422203200639102,0.00012192631270338067,0.0022553268778996434
ENSG00000170145.7,2817.6259936521105,-1.1497056893370279,0.29924527378379484,-3.842017869821704,0.00012202694955600228,0.0022555503861690375
ENSG00000182866.20,1258.7725009083747,2.4357377122065214,0.6340887395782833,3.841319929173431,0.0001223744925242256,0.00226033408200475
ENSG00000267409.2,9.226286730498519,4.459845169097732,1.161400006380595,3.8400595355569718,0.00012300447712228086,0.002270323939696823
ENSG00000141506.17,618.1009789551176,1.8291681814316971,0.47636334655335105,3.839859205512649,0.0001231048895712903,0.0022705319639901053
ENSG00000104972.18,815.7023775651965,2.0075664621280795,0.5229238236491632,3.839118378884538,0.00012347688954203427,0.0022747922526064027
ENSG00000101160.17,6821.692104061868,1.1336034778613717,0.29528278234020755,3.8390436072066674,0.00012351449434080543,0.0022747922526064027
ENSG00000180592.17,75.86162431512041,-1.3939142329235283,0.3631218457931983,-3.8386956033413018,0.00012368965746177444,0.0022750688545984826
ENSG00000038427.17,10092.926659858638,1.8966943777328125,0.49410339253712604,3.8386588847197567,0.0001237081529433041,0.0022750688545984826
ENSG00000074410.16,3285.0407258298196,-2.5455240027126695,0.6633063190069715,-3.8376296588332597,0.00012422764475009086,0.0022829742708727016
ENSG00000123136.17,2440.3569662489167,1.317010746205201,0.34323069226752845,3.8371007484921176,0.00012449540638512615,0.002284598340083248
ENSG00000186517.15,2845.35679761572,1.9935010120442467,0.519532753227831,3.8371036275551917,0.0001244939473837024,0.002284598340083248
ENSG00000173391.11,415.9008272986529,1.8134360470747937,0.472918009331101,3.834567538757367,0.000125785407358493,0.002306609151064201
ENSG00000101335.12,14154.20787864155,-1.501709233925259,0.3916955397351035,-3.833868608615858,0.00012614353908990152,0.0023115122907617853
ENSG00000188039.17,69.24394256510027,-2.2999524513335983,0.6000955760121377,-3.832643570908576,0.0001267735679082329,0.0023213871662046007
ENSG00000122188.15,906.6480967953382,2.777552817562748,0.7247804730074328,3.8322677293408045,0.00012696745452607478,0.00232326726597245
ENSG00000234456.11,1251.997585900669,-1.584536459134132,0.41362397998717026,-3.8308621738596513,0.00012769502286202625,0.00233490303468677
ENSG00000211810.3,21.002255084503258,2.934290712214594,0.7663403851200412,3.828965260332666,0.00012868316822970273,0.0023512833414481766
ENSG00000184916.11,2783.3607725342517,-1.216248260441584,0.31767756780740136,-3.8285619876659336,0.00012889416894008588,0.0023534504495146434
ENSG00000175445.19,4484.489796040041,-3.3477061065455995,0.8746454693821958,-3.8275006545340546,0.0001294510400084341,0.0023619251003258062
ENSG00000103942.15,1342.5979703843582,-1.511286097656436,0.3948804843782633,-3.8271987536582013,0.0001296098581584821,0.002363130062387042
ENSG00000030582.21,11373.7927060469,1.0322197462785687,0.2697387351877674,3.8267390316041627,0.0001298520525490282,0.002365852382314948
ENSG00000133121.23,1030.8379195924856,-1.0850818988871207,0.2836229654535666,-3.825789978437995,0.00013035338989886652,0.002373288916450342
ENSG00000155926.16,1394.9169147036328,2.159389808169642,0.5644890580310782,3.825388247030921,0.00013056615350350313,0.002375464639919806
ENSG00000116852.16,979.7422394486781,1.8928612268581293,0.4949595352740368,3.8242746971429433,0.0001311576199904834,0.0023837128645695805
ENSG00000158201.12,1160.0179550095054,1.0351935662146807,0.2706966929186513,3.8241825382247026,0.00013120668352740574,0.0023837128645695805
ENSG00000103187.9,5616.7413223574495,1.6483932349361239,0.43108230136819226,3.823848090502358,0.0001313848820116318,0.002385248987682305
ENSG00000247626.5,524.6707065539988,1.2464610274730228,0.3260771516514834,3.8225954230772383,0.00013205434977430885,0.002395695401069388
ENSG00000105251.13,16.29161600759856,4.535177942002031,1.1866140089320647,3.821948761656391,0.00013240120415535054,0.0023977406107493267
ENSG00000144485.13,529.1912891879888,2.9473974990802296,0.7711947528290117,3.821858860253063,0.0001324494931225434,0.0023977406107493267
ENSG00000187609.18,750.2861607944355,-1.1114811453759064,0.29080024354178763,-3.82214654237794,0.00013229502808348215,0.0023977406107493267
ENSG00000167286.13,1070.1313685476855,2.397233469030552,0.6273047848691025,3.8214812430145497,0.00013265250492173843,0.002398007063776863
ENSG00000186523.17,39.65700284087932,-2.5360308591511824,0.6635978113636272,-3.8216383715007933,0.00013256799507014425,0.002398007063776863
ENSG00000197153.5,9.820838206366856,4.555805304073553,1.1925166977405102,3.820328312975027,0.00013327415033796133,0.002407536087417172
ENSG00000309896.1,68.92391914467026,4.494231387514088,1.1764934100630646,3.8200225764742526,0.00013343945949296205,0.0024088139424133497
ENSG00000258636.3,31.7540745647318,-2.90663862142615,0.7611003253072048,-3.8189953739054525,0.0001339962753300645,0.0024171523576006176
ENSG00000135114.15,517.8007243923344,2.5330085050946964,0.6638277324189831,3.8157618029370854,0.0001357634239266208,0.0024472966531032974
ENSG00000157110.18,2018.1884606582798,-1.7373552226875675,0.4554387164912813,-3.814684961507498,0.00013635677561289264,0.002456254194933514
ENSG00000096996.17,477.1257760231477,2.4244967199328222,0.6357453017397728,3.813629000950497,0.00013694099345424533,0.002465034660263663
ENSG00000119938.10,612.8621659454288,-2.190114526393739,0.5743851043148097,-3.812972359383085,0.00013730547336706012,0.002469507905216344
ENSG00000177469.15,15383.493663958172,-1.1823150973105623,0.3100884182190685,-3.812832172516971,0.00013738340472268693,0.002469507905216344
ENSG00000145632.17,4970.080282715839,-1.2429786413894517,0.32601880214579965,-3.8125980256610363,0.00013751366235180746,0.002470106131003447
ENSG00000079931.17,387.0029808739398,2.3429542490381707,0.6150254960871417,3.8095237741269217,0.00013923471847722548,0.002499258290580275
ENSG00000258910.4,159.66180131809847,4.186944175257981,1.099729576719052,3.8072488581687205,0.00014052132324022027,0.0025205764959518664
ENSG00000131095.16,106.47593683957342,-2.8482860055348644,0.748268713476515,-3.806501533789252,0.00014094641888716424,0.002526422403571401
ENSG00000163141.22,740.2555137497078,-1.9746272488974606,0.5188358383498712,-3.80588059448178,0.00014130054470877957,0.002530988870799806
ENSG00000220008.6,181.80128540137784,2.1447876713784253,0.5636249155070278,3.805345740347567,0.0001416062471946011,0.0025346821660531863
ENSG00000168309.20,860.5312887061558,-1.9339469744127074,0.5083159255336434,-3.804616139819738,0.0001420242639056387,0.0025350385605749986
ENSG00000258479.7,12.781281584843915,-2.6655959695895053,0.7005962008677686,-3.804753674495893,0.0001419453761213118,0.0025350385605749986
ENSG00000224272.3,16.32931605187735,6.843448158338642,1.7984979557917506,3.8050908739153715,0.00014175213828584632,0.0025350385605749986
ENSG00000099260.14,2064.5738326821947,-1.8857186105647217,0.4956270796364569,-3.8047126318196707,0.00014196891325080548,0.0025350385605749986
ENSG00000124493.16,88.07773815980012,3.78927166332836,0.9963602159142606,3.803114177788926,0.00014288845824396773,0.0025415586033045406
ENSG00000065717.18,2307.382337607617,-1.5836580577290282,0.41638881640072645,-3.803315543914463,0.00014277231003009084,0.0025415586033045406
ENSG00000142185.20,764.5314289663938,1.6318129385189135,0.42905278645612493,3.8032917860697384,0.00014278600895454457,0.0025415586033045406
ENSG00000088992.20,485.60582955622084,-2.4176804879038154,0.6356461762633641,-3.8035004035045277,0.0001426657610908956,0.0025415586033045406
ENSG00000110318.17,411.4299026361825,-2.406211035920963,0.6327325811968884,-3.802887835125119,0.0001430191191795786,0.002542107456122154
ENSG00000205231.1,10.905755332759604,-4.047065192043617,1.0644899521293891,-3.8018820036280583,0.00014360111821756154,0.0025506723027332702
ENSG00000163568.19,301.92649702854743,2.9995103357321478,0.7892498662281963,3.8004571987661224,0.0001444293640751194,0.002561810816404851
ENSG00000270505.1,392.72226619945815,3.462764158318516,0.9113079549835876,3.7997738737843885,0.00014482817829927942,0.0025670970977459615
ENSG00000145979.20,559.2863389567485,1.2248170834370262,0.32244941380214887,3.7984782449893344,0.00014558720493554846,0.0025787563956282023
ENSG00000286721.2,8.694041001080471,-5.0336518935310135,1.325626621114879,-3.7971867895181597,0.0001463475132882251,0.0025904221757917867
ENSG00000006634.10,487.90359302309423,1.5217703894544858,0.4009095106170209,3.795795183587441,0.00014717096656302823,0.0026008437587595546
ENSG00000141295.16,1751.4881349335603,-1.2627475733313354,0.33269575840876714,-3.79550247160007,0.00014734472709709227,0.0026008437587595546
ENSG00000140470.17,206.34411146437373,2.32979215935721,0.6139344253148237,3.7948550582784146,0.00014772973280116026,0.0026040304665594137
ENSG00000304693.1,40.523907129802254,-2.8440854717620843,0.7494404455330032,-3.794945267117745,0.00014767603039930852,0.0026040304665594137
ENSG00000174950.13,130.08728674118012,-2.2303178608509877,0.5878189354425971,-3.794225953561149,0.00014810475793478983,0.0026088356081307275
ENSG00000078237.9,249.8457133869112,1.5772000780233517,0.41571733724548027,3.793924228596745,0.00014828494164943366,0.0026102043875277986
ENSG00000184903.11,398.5967446043394,-1.2140899986335807,0.3200387509423958,-3.793571856715896,0.0001484956318872621,0.0026121079004146775
ENSG00000254862.6,10.023023569541305,-2.9369046758658444,0.7743420001267829,-3.7927746078412197,0.00014897336373651256,0.0026150440553966646
ENSG00000187912.12,79.53923102190502,3.37251463082131,0.8892335801210028,3.7926082710038838,0.0001490732192860884,0.0026150440553966646
ENSG00000078589.15,497.40737567334986,2.5077393640497743,0.6611712802195675,3.792874008709184,0.00014891372134067277,0.0026150440553966646
ENSG00000151725.14,221.24412320014406,1.8191602081748615,0.479636763252599,3.792787266427297,0.00014896576709659017,0.0026150440553966646
ENSG00000111732.13,8.214355601020479,5.835208349692238,1.5397223655201857,3.7897795604994338,0.00015078103242716578,0.0026431821589486164
ENSG00000163518.11,13.424528524209778,5.937069526249936,1.566683855225953,3.7895772694955547,0.0001509038671799184,0.0026435160941813626
ENSG00000188779.12,17.115889894345635,-2.7814064740814635,0.7339994200705466,-3.789385111249999,0.0001510206363789817,0.0026437433877725385
ENSG00000189001.11,87.71949233879945,4.896183996704023,1.2925282552052437,3.788067283625104,0.00015182373836670538,0.0026541540425108804
ENSG00000182492.18,8745.263594626089,1.720391878711611,0.45432571649765957,3.7866927101857626,0.00015266570475322674,0.002667042637701947
ENSG00000164509.17,15.391078673674318,3.7835402939201983,0.99960242949224,3.7850451162289516,0.00015368069574370015,0.0026810965762245112
ENSG00000211752.3,59.1835580334604,2.5882712807004484,0.6837948123976478,3.785157818944213,0.00015361106397660361,0.0026810965762245112
ENSG00000150995.22,2898.786661825303,-1.4203331545975681,0.37528579719697797,-3.784670683532613,0.00015391224703595213,0.002683298319132606
ENSG00000111335.15,2976.487267788258,2.2354418864441237,0.5907639798953304,3.7839847426720095,0.00015433728882123112,0.002688868046214485
ENSG00000184601.13,181.98168772872634,-4.356574740828531,1.152040559459732,-3.7816157643543535,0.000155813733468288,0.0027127352051748215
ENSG00000172575.15,692.3959693090648,1.7641646032201814,0.4665475262537782,3.78131809504133,0.00015600019055000226,0.002714126266051303
ENSG00000179826.8,40.95289045601284,-3.802465887233908,1.0056915138919824,-3.7809465772645634,0.0001562332001944979,0.002716324806931096
ENSG00000250303.7,110.30935025477528,-1.6004152088682038,0.4233714690749103,-3.780167833144728,0.00015672267862204173,0.0027211202093947004
ENSG00000104522.18,3363.9565870528263,1.4719804975820292,0.3893839967963884,3.7802799028531675,0.00015665214857898697,0.0027211202093947004
ENSG00000173083.18,300.42985228528244,1.7138240510673817,0.45347827290954407,3.77928591831177,0.00015727874752871206,0.0027275133351563506
ENSG00000237989.3,76.61556054154133,2.223496106379748,0.5883441106179027,3.7792442658167222,0.000157305056312853,0.0027275133351563506
ENSG00000136286.18,1096.6269162194023,2.1056854198495243,0.5575095646932546,3.7769494071515815,0.00015876096501604508,0.0027508847210365203
ENSG00000006468.17,881.5926432777981,-1.5317969578360278,0.40558403773598606,-3.7767683520946336,0.0001588763683925985,0.0027510129023303035
ENSG00000128655.20,110.32785839180639,-2.748909572242448,0.7279574987307895,-3.776195144682532,0.0001592422480728608,0.002755475068385759
ENSG00000121895.11,206.05054906878107,2.3541671951949006,0.6234972077723565,3.7757461715120053,0.00015952938234812308,0.0027585695164895068
ENSG00000047648.24,409.6555693027085,-1.5261133747885043,0.40423591750938737,-3.775303748838855,0.00015981280389980125,0.0027615956093160364
ENSG00000303182.1,24.26408846761466,-2.0398008886192707,0.5403586563671896,-3.7749018445133706,0.00016007067955619268,0.002764176460322565
ENSG00000136492.12,274.86542717820964,2.3137351870402836,0.6129558468146976,3.7747175413431497,0.00016018906572547344,0.0027643466755376245
ENSG00000028277.24,724.1948608208057,1.9119045863804167,0.506556373760037,3.774317500318559,0.0001604463135351922,0.0027669113419464325
ENSG00000058335.17,148.75442461870057,2.2376264499879936,0.5929067007169048,3.7739942005755696,0.00016065449657297034,0.0027686269839040105
ENSG00000268555.3,20.918404842050002,-2.8313634912748893,0.75048052553186,-3.772734128268449,0.00016146832586444869,0.002780770607230137
ENSG00000185482.10,175.82906634065134,1.5642858214929354,0.41466663844417756,3.7723937169435917,0.00016168884828727988,0.00278268692886845
ENSG00000168685.17,2624.218649745412,2.4682130907130984,0.654397060683004,3.7717362118604068,0.00016211559028588403,0.0027881473329991577
ENSG00000185130.7,14.765378559587331,2.9250860580877363,0.7755631564475145,3.7715639709938813,0.00016222755520729732,0.0027881903229993728
ENSG00000304038.1,7.621563677379366,-4.769100332342684,1.2645949097205218,-3.771247452986083,0.00016243349700551817,0.002789847337982167
ENSG00000119547.6,60.67908675684325,3.007335250219565,0.797587657918106,3.7705388496976333,0.00016289544044429007,0.0027958960670865984
ENSG00000136944.20,1303.0376671463762,-1.389232320566169,0.3687753110285923,-3.7671511053473354,0.00016512106666785579,0.0028321876694255587
ENSG00000130720.15,166.90965004601432,4.624153289474633,1.2278667545104784,3.766005775861383,0.0001658799558090906,0.0028432896059309197
ENSG00000189431.8,385.4548574372937,-2.7989832427443524,0.7434031857715201,-3.7650944955791474,0.000166486107933142,0.0028517603598958038
ENSG00000163249.15,846.7339405834452,1.16604549783289,0.3097189669675455,3.764850145438708,0.00016664899512235402,0.002852632093253682
ENSG00000112195.10,45.77273206116429,3.3910799249420727,0.9009236784970558,3.7640035508880842,0.0001672145070928782,0.002858737543169794
ENSG00000235098.11,908.9997590504616,-1.4644188584626927,0.38906125618686677,-3.7639801835198154,0.00016723014170323084,0.002858737543169794
ENSG00000177363.6,544.9218581820217,-2.3182830555804896,0.6159752201740797,-3.7635979170157587,0.00016748610345316658,0.0028611928511439342
ENSG00000289470.2,120.90214920263163,2.1541840908172953,0.572464659313894,3.7629992625206095,0.00016788769704592253,0.0028661310532551556
ENSG00000286389.3,52.58155527120919,-1.7776421569988956,0.4727409472571882,-3.760288097133659,0.0001697177866713281,0.0028915596951875574
ENSG00000144810.18,1933.9909691489643,1.6853805279805778,0.44818853157349003,3.7604276085860175,0.00016962315757131723,0.0028915596951875574
ENSG00000106809.13,3519.9722534479747,-2.7740654123588824,0.737792295832234,-3.7599544316598217,0.00016994430977473733,0.0028934836325349832
ENSG00000134061.6,546.6204233936419,1.9570426640619552,0.5206000113664534,3.759205957228421,0.0001704534786078161,0.0028948797678927255
ENSG00000144152.15,812.4068196013187,-1.3107892107311605,0.34867531303819443,-3.7593404571994307,0.00017036187593994363,0.0028948797678927255
ENSG00000244055.3,145.3409397143364,-1.2868925337062513,0.3423346153258618,-3.7591656703523335,0.00017048092543830583,0.0028948797678927255
ENSG00000132432.16,3025.30910056852,1.1475716552311763,0.30526201194969754,3.7593005690478067,0.0001703890373683893,0.0028948797678927255
ENSG00000184221.13,25.062308875451187,3.629259355382563,0.9655050729422258,3.7589231347308854,0.0001706462491003326,0.0028957565695100413
ENSG00000136573.17,209.48448867717528,3.4325057222579685,0.9133703588781101,3.758065596166383,0.00017123199760948397,0.002902259552218839
ENSG00000139193.6,273.55026544758965,2.441687762946758,0.6497257114362879,3.758028534147352,0.00017125735569804544,0.002902259552218839
ENSG00000185347.21,484.93685807392063,1.0101109539974684,0.2688542240886511,3.7570953457082292,0.00017189701499610184,0.002911162811812307
ENSG00000143196.7,1393.777430559135,-2.4367940357013307,0.6487842406510211,-3.7559390056332673,0.00017269275237048653,0.0029226957446037627
ENSG00000173641.20,803.2901987231899,-3.5286639117281258,0.940252719720655,-3.7528888114000627,0.00017480840296791423,0.002956537073038342
ENSG00000184384.16,1830.5225167263604,-1.206134646147419,0.3214345459044937,-3.7523491532418913,0.0001751852447301524,0.0029607706875826004
ENSG00000132646.13,1832.1828673205748,1.3079253528284838,0.3485758180852127,3.7521976137448205,0.00017529120163615726,0.0029607706875826004
ENSG00000168334.11,120.33067815169707,6.432243776595701,1.7145368121656341,3.75159269311408,0.00017571476484868522,0.0029659581016970586
ENSG00000133392.21,8573.64648276838,-2.7426806552717578,0.7314202939951808,-3.7498011441419323,0.00017697485413357216,0.002983273666205305
ENSG00000246528.5,13.426945897681836,3.6629216784114242,0.9772758212161302,3.7480940374164313,0.00017818345267294324,0.002999676617999033
ENSG00000171596.8,88.33835467373638,-1.6748589036831318,0.4468450198281174,-3.7481874685039123,0.00017811710501170201,0.002999676617999033
ENSG00000228590.5,14.347862897443118,4.585116612559879,1.2233783397715856,3.7479138411228994,0.000178311480028443,0.0029998492125524914
ENSG00000069424.17,1667.346452332582,1.7250620732892297,0.46030517483869965,3.7476486635061765,0.00017850004293258807,0.0030010393356672944
ENSG00000186810.9,467.43035205051393,2.530227693877343,0.6752221393607298,3.7472522691167236,0.00017878226131066836,0.003003801436572582
ENSG00000182359.17,345.0687814088209,-1.24330329670187,0.33192000183016085,-3.745792027737009,0.00017982552371538385,0.003019338111110443
ENSG00000188626.7,109.03994321235184,-2.7222667117957777,0.7269184335697816,-3.7449410911581316,0.00018043610814965727,0.0030256011261882297
ENSG00000166473.20,107.27859447803407,-3.345053851669043,0.8932133665004094,-3.744966182912031,0.0001804180758546536,0.0030256011261882297
ENSG00000275713.3,91.17398547916709,2.5406887839511434,0.678519185028638,3.7444612326531486,0.00018078128673937582,0.0030293948385122643
ENSG00000184992.14,1556.0671434753979,1.8959266875460654,0.506404323208942,3.743899095355486,0.00018118644091265717,0.003029825271493249
ENSG00000240207.8,129.63533068277806,-1.7540757704180516,0.46855309453624266,-3.743600865883031,0.00018140173291300712,0.003029825271493249
ENSG00000231768.3,49.46798028268356,-1.7391778442243713,0.4645448446642382,-3.7438319770428348,0.00018123487269580286,0.003029825271493249
ENSG00000124813.25,724.0041846845272,1.0727859040231966,0.2865409632985583,3.7439181179321253,0.00018117271665887036,0.003029825271493249
ENSG00000027869.15,330.34873576737886,2.304815118622276,0.6156568717452487,3.743668306809674,0.00018135302624091616,0.003029825271493249
ENSG00000211677.2,45096.75711025939,2.4004474060389422,0.6412855879240718,3.743180029679936,0.0001817059439593064,0.003032917495797833
ENSG00000168394.15,5510.801347880304,2.451650156394464,0.6550053267765921,3.742946898553495,0.0001818746744947009,0.003033745798333023
ENSG00000263528.10,708.2827033836959,1.518083472596642,0.4057548213337332,3.741381230188806,0.00018301166187444594,0.003050713376704197
ENSG00000306461.1,32.63888459830966,-4.3747135013461875,1.1694268039967026,-3.7409040791564774,0.00018335949503416198,0.0030545125559288027
ENSG00000150753.14,4040.9395154954927,1.4250853545337685,0.38102509392516626,3.7401351702406687,0.00018392132161794964,0.0030618692698894086
ENSG00000106034.20,1250.7115212995527,-1.430086456471332,0.38241979023621686,-3.739572305052471,0.00018433362162431865,0.0030667287239667016
ENSG00000188486.4,2182.5951333590338,1.707064800001254,0.45675850613025337,3.737346490739358,0.00018597256229754787,0.0030919759362146486
ENSG00000229167.3,35.05776997593289,-2.3204397816369386,0.6210480578935783,-3.7363288591662664,0.00018672643219277128,0.003102484640823273
ENSG00000168280.19,366.03734175246797,-1.516638337233946,0.4060160494634522,-3.735414743427445,0.00018740606489736232,0.0031097197908799452
ENSG00000167208.18,754.8515675314629,2.2547985609766976,0.6037591429639392,3.7345994462420427,0.0001880141883918155,0.0031177795524270397
ENSG00000149428.23,4383.97632902475,1.071512939797554,0.2870832974984872,3.7324112866691603,0.00018965550078220487,0.0031429507224616402
ENSG00000286722.2,18.444615496390476,-3.3399275314270884,0.894992320064563,-3.7317946272278095,0.0001901204763227199,0.003148607706382314
ENSG00000112837.18,551.2067848645775,-1.6086770500177685,0.4311474799925359,-3.731152621014086,0.00019060570216021284,0.0031525440517680393
ENSG00000119714.13,599.609352913092,1.6486175947245238,0.44195094105141575,3.7303181000189944,0.0001912381697878994,0.0031609522535156302
ENSG00000154920.17,75.37146396329864,2.4296800803873366,0.6514298356986538,3.729764814627384,0.00019165858103906011,0.003165846768901362
ENSG00000197461.15,1293.404218916716,-1.2505841463642673,0.33538454524367756,-3.7288067208214404,0.0001923886390098604,0.003175846418807618
ENSG00000239672.10,669.6945931404977,1.6132867123084367,0.43269466355113206,3.72846454603384,0.00019265000555960298,0.003178101225135134
ENSG00000023892.14,1744.971555380975,1.4043535127028264,0.3767850351963378,3.7272008745544682,0.00019361814203259099,0.003191268127435096
ENSG00000142910.18,3814.360672555319,-1.5084119549894561,0.4047150857323154,-3.7270959451883203,0.00019369873679928775,0.003191268127435096
ENSG00000187288.14,1259.6683627195077,-3.8339039350087494,1.0287409232221245,-3.7267924785188478,0.0001939320027403445,0.003193045922300785
ENSG00000140451.15,203.21961156260897,2.1332093657101976,0.5729119505260283,3.7234506345199416,0.00019651830036084562,0.003229366211929741
ENSG00000186496.14,213.16443775966954,-1.3237559728792094,0.35549770469345443,-3.7236695354212874,0.00019634790298386578,0.003229366211929741
ENSG00000171954.15,256.2924335133041,-2.5484813317593193,0.6844364988787943,-3.7234737421719903,0.00019650030628808144,0.003229366211929741
ENSG00000145545.15,1753.8929343653244,2.423758782208145,0.6511199003578443,3.722446174469692,0.00019730197777049617,0.0032401538851014235
ENSG00000164066.15,840.2064308402391,-1.7533285335273525,0.4710680993308412,-3.7220277408255416,0.00019762930434019804,0.0032434381513203503
ENSG00000279205.1,8.496550324776354,-4.00149832083176,1.075701529951574,-3.7198964670171097,0.00019930446102023506,0.0032667206735176365
ENSG00000177283.8,1480.2873383203053,-1.548106052678,0.4161599530585028,-3.7199784393006476,0.00019923978582241702,0.0032667206735176365
ENSG00000135919.16,3944.4067681579418,2.0018840665449704,0.5382412048354207,3.7193066018739525,0.00019977043987858453,0.0032722526521848402
ENSG00000164683.20,440.96255488016374,-1.4018481243855243,0.377039733316848,-3.7180381814228354,0.0002007759298889889,0.003284498208222502
ENSG00000166123.16,3812.7948140588132,2.0824731859584036,0.5601564789224897,3.7176633035901405,0.00020107400846303705,0.003285479159946239
ENSG00000087086.18,32365.830346334005,1.2352387775223674,0.33227080350282767,3.7175664081838455,0.00020115112100464543,0.003285479159946239
ENSG00000172893.20,3075.6861262059274,2.019024385226846,0.5431169494977173,3.71747629510379,0.0002012228608816353,0.003285479159946239
ENSG00000172318.8,40.51830373471187,-3.073022921336753,0.827113522837695,-3.715358093522277,0.00020291612036273368,0.0033088838039431433
ENSG00000129474.19,1225.3477806513547,-1.0444065073444118,0.281211985864333,-3.7139473416622857,0.0002040512710177547,0.003324933441859153
ENSG00000290104.2,321.3844682643226,2.613467805238221,0.703715921170873,3.7138108242454146,0.00020416143469309075,0.003324933441859153
ENSG00000171617.18,2636.9232511022383,1.4445757310242116,0.38920968399519973,3.711561634838531,0.00020598449575278622,0.003352479930555411
ENSG00000130173.15,33.40162062082812,-3.782985622963795,1.0195408754619484,-3.710479603134837,0.0002068669644274931,0.003358259050944982
ENSG00000103222.22,2623.8223690373698,1.2583686203055937,0.3391151110174093,3.7107418083796104,0.0002066527932409942,0.003358259050944982
ENSG00000276668.1,8.375106450454577,-4.943091690826836,1.3321416361251979,-3.7106352333561268,0.0002067398193751317,0.003358259050944982
ENSG00000279170.4,190.4281881157535,-1.2575432717076176,0.3388922742439873,-3.7107463559415415,0.00020664908059675837,0.003358259050944982
ENSG00000167992.16,68.61085703331665,-2.468849973962879,0.6654619874831779,-3.7099789625854305,0.00020727647051598208,0.0033627636818551465
ENSG00000169900.10,34.448284564402826,3.311431327651407,0.8928474706272675,3.708843264488357,0.00020820825543251366,0.0033757304100073553
ENSG00000133317.18,305.24103592613636,-3.385747001218667,0.9130111378006973,-3.708330447506268,0.00020863028477910496,0.0033804211091657647
ENSG00000236345.4,20.290454354267684,6.363441044177839,1.71728244170372,3.7055296727221263,0.00021094943061346667,0.0034158251412305207
ENSG00000283703.3,32.76107842075448,-2.9100735700989837,0.7856358635342523,-3.7040997046745816,0.0002121428124683299,0.003432966694015776
ENSG00000198286.13,811.1012181674072,2.0076974605291764,0.5421218529106608,3.703406254054909,0.0002127238126954648,0.003440183005184879
ENSG00000125354.26,2525.102669362543,1.1476322835944999,0.30990041431222004,3.703229265251248,0.0002128723400583125,0.003440400617782536
ENSG00000149294.19,233.8864798006823,-1.8244978191431576,0.4927059378892813,-3.703015691183228,0.00021305169909733147,0.0034411159338669185
ENSG00000081237.24,6417.435326356423,2.167961079271715,0.585520019380088,3.702625029912754,0.00021338014283883453,0.003441755422850259
ENSG00000275302.3,700.257351645063,2.47425323075617,0.6682679826326086,3.702486569847282,0.0002134966655452636,0.003441755422850259
ENSG00000170509.14,90.40373095177888,-4.072124484791659,1.0998071649846513,-3.702580429041385,0.00021341767070810413,0.003441755422850259
ENSG00000133063.18,351.4510203457154,3.0262135231789946,0.8177744688989999,3.700547813938601,0.00021513453721685002,0.003463774840360548
ENSG00000183671.14,47.49356539276497,2.470312187502308,0.6675478688043741,3.700576846911089,0.0002151099232186761,0.003463774840360548
ENSG00000163207.8,55.0374779696002,9.330149431240715,2.5214732201051913,3.7002770272735543,0.0002153642360938835,0.0034652826642749884
ENSG00000216490.6,23.085287468233666,1.9615712226531021,0.530159506911845,3.699964250531251,0.00021562984030152767,0.003467365948434477
ENSG00000009724.20,118.27393743114962,-1.476298713902756,0.399070357815532,-3.6993444513991354,0.0002161570711083094,0.0034714607554853396
ENSG00000136108.17,1118.797781665413,1.6575837217685494,0.4480717633779056,3.6993710767945363,0.00021613439741271958,0.0034714607554853396
ENSG00000215386.16,730.611358177169,-2.4704755303105563,0.6679047837491955,-3.6988438927519987,0.0002165837535246216,0.0034761214782770234
ENSG00000147485.15,53.42751677250432,2.6251785772648146,0.7098878104311959,3.6980189526993623,0.00021728866872452833,0.0034820441516826522
ENSG00000163519.15,224.13600383744438,2.9171618448969,0.788818217598798,3.698142081171612,0.0002171833182673788,0.0034820441516826522
ENSG00000089639.13,1311.694418926785,1.4728978967878765,0.3983031060832839,3.697932238770687,0.0002173628911772375,0.0034820441516826522
ENSG00000143167.14,13.166429804144038,4.460425744920179,1.206481285959714,3.6970534038346603,0.0002181164709230233,0.0034919199439851206
ENSG00000183833.18,93.76697823141649,-2.6515601405730553,0.7174950393275893,-3.6955797534962787,0.00021938559821596177,0.0035100317664313835
ENSG00000226622.8,10.582698584026204,-6.737901100982746,1.8237383089701154,-3.694554787735808,0.0002202723968164915,0.0035220076706295386
ENSG00000261150.4,1893.9316492312723,1.422984913932601,0.3852704217714866,3.6934704392558024,0.00022121423601511103,0.00353484805868312
ENSG00000139304.16,44.15402299084903,-3.8265116779608546,1.0363011290361426,-3.69247081832273,0.00022208583074812856,0.0035451153072898023
ENSG00000165490.15,292.7965325275292,2.4483253180792905,0.6631122710055977,3.692173143420269,0.00022234600331444028,0.0035462586414665674
ENSG00000111077.20,4038.5396414422503,-1.5872257637309573,0.4299548369643303,-3.6916104373600427,0.00022283859913109933,0.0035518910879025227
ENSG00000167588.15,4694.261768390956,-4.130629966248431,1.1190403455047209,-3.691225238519343,0.00022317639468676467,0.003555050624807119
ENSG00000228956.10,83.47396268002144,2.788783699288325,0.7563880674571637,3.6869747412379184,0.00022693587237213408,0.0036081670444385937
ENSG00000164741.17,1930.4725889749861,-1.0090186513264634,0.2737554120356645,-3.685840012525523,0.00022794952323589157,0.0036220226489965027
ENSG00000154102.12,168.9396908624855,-1.5492556061731195,0.42036060844777856,-3.685539451219972,0.00022821872504521926,0.003624039367597743
ENSG00000238121.9,122.38261626271816,2.483022091175831,0.6741182911337913,3.683362584628384,0.00023017739031617275,0.003652864989871175
ENSG00000103064.17,457.62024640372863,1.34481359838032,0.36517717833350255,3.682633193337598,0.0002308371910148977,0.003660864766515551
ENSG00000181215.18,23.40355266296808,2.7056006667345844,0.7347208789744256,3.6824877911612495,0.00023096893250325825,0.003660864766515551
ENSG00000110876.13,1677.6483074904834,1.7807065625793363,0.4837303858944611,3.681196415409483,0.00023214208232450484,0.00367717100677081
ENSG00000163873.11,663.5723126196383,-3.2190759676670924,0.8746420812162572,-3.680449451037983,0.00023282321218151355,0.003685368373264093
ENSG00000287265.2,37.78740022170844,2.0790370962392224,0.5649078738975325,3.6803117681739637,0.00023294896474245963,0.003685368373264093
ENSG00000166960.18,73.27165373572736,-2.5896366060176,0.7038696893725628,-3.6791420984842107,0.00023401985560273983,0.0037000122545359317
ENSG00000150551.13,88.1590853046927,3.3550817794826076,0.911969926653756,3.6789390542660056,0.00023420622262093003,0.003700661722318678
ENSG00000137101.15,245.25111573661633,2.1888931815631603,0.5950895511668551,3.6782584692861184,0.00023483192350505993,0.0037082479377541114
ENSG00000117450.17,8254.001545795623,1.4171799945903238,0.3853169990194345,3.677958663118428,0.00023510804992911579,0.003710308017189906
ENSG00000135298.16,36.865256700852534,-2.396470590847383,0.6519497820284343,-3.6758515102055247,0.0002370573852244952,0.003738754587648989
ENSG00000186868.20,1618.0470727656848,-2.596971475239821,0.7066492705069302,-3.6750501042431236,0.00023780274168995632,0.0037458711401267024
ENSG00000050344.11,1350.2651459773376,2.22603447231294,0.6057115847142373,3.6750732997176194,0.00023778113761689114,0.0037458711401267024
ENSG00000066294.17,1874.0086386322891,2.0859611955692348,0.5677908858631543,3.67381944216692,0.00023895161480486722,0.0037593184562660733
ENSG00000307857.1,52.15906429681701,4.289893915051674,1.1676841294545621,3.6738479241432604,0.00023892496695574158,0.0037593184562660733
ENSG00000159556.11,12.99142527927678,4.335881982633636,1.1802799580346341,3.6736046843103343,0.00023915263290080632,0.003760158464578048
ENSG00000259129.7,8.816122240954218,-5.7133836414618155,1.555324599346479,-3.673434885465377,0.0002393116806724764,0.003760230045751523
ENSG00000272668.3,298.44175469873477,-1.9671410722553153,0.5355264385735717,-3.673284698128056,0.00023945244137289353,0.003760230045751523
ENSG00000085741.16,391.8232738465882,-2.0452699107688974,0.556968974325821,-3.672143341995986,0.0002405247003456935,0.0037747409996951075
ENSG00000261390.9,26.35376834351971,-2.065700444306455,0.5626056038466765,-3.6716670260351822,0.0002409735112369261,0.0037771300336712278
ENSG00000047365.15,1279.770887445185,1.220251436681223,0.3323345696446,3.6717559596227525,0.00024088965354895399,0.0037771300336712278
ENSG00000162894.14,762.6642342293366,2.4283381120434275,0.6617759547404425,3.6694263287276043,0.0002430953800068904,0.003802545788063264
ENSG00000125844.19,10778.121536082821,1.106315620561979,0.3015038858414959,3.6693245842396274,0.00024319214356542958,0.003802545788063264
ENSG00000214160.12,1306.5446340940348,1.2487298023465307,0.34030195425400056,3.669475848541504,0.00024304829751772554,0.003802545788063264
ENSG00000251546.1,1176.7506127169686,2.659761381631443,0.7248444930893627,3.6694234514982145,0.00024309811588439789,0.003802545788063264
ENSG00000144381.20,14341.664224859625,1.3215010749864287,0.360294867777522,3.667832081922523,0.0002446157390580674,0.0038177741970269823
ENSG00000287024.2,40.14956951925762,-2.037051006328073,0.5553603853588699,-3.667980396210193,0.0002444739232008379,0.0038177741970269823
ENSG00000132840.12,504.97679568684157,-2.4610365877863716,0.6709268116293334,-3.6681148303043507,0.00024434544601302315,0.0038177741970269823
ENSG00000110660.17,562.8619098255028,1.2007767520626926,0.32745240354606087,3.6670268382799827,0.0002453870485686585,0.0038274669406566444
ENSG00000279204.1,39.68682294015272,-2.2572975688568793,0.6156253718375574,-3.6666740393092563,0.00024572569829830175,0.0038304034647221813
ENSG00000187764.14,1789.0298699500624,1.4180963992524036,0.3869451791383814,3.6648509290388556,0.0002474826886817995,0.003850721785836356
ENSG00000233387.4,20.146550920284735,4.321545589825123,1.1795177164423258,3.6638242305167035,0.00024847733094472793,0.0038614802297090695
ENSG00000280734.5,183.36913879425765,1.6064495514405044,0.43869965497191765,3.6618436628206092,0.0002504066617583266,0.0038890902936867906
ENSG00000149781.16,1938.5614325157699,1.764308014822464,0.4818309660670816,3.661674195047134,0.0002505723963222607,0.003889292813360331
ENSG00000258334.2,10.471833488810914,-2.960383790671102,0.8090499180711176,-3.659086694834665,0.00025311570821098887,0.003919215929387293
ENSG00000130226.18,26.8977223607715,-3.601273976362242,0.9841629816944052,-3.6592251927237007,0.00025297896457403984,0.003919215929387293
ENSG00000274403.1,8.62906725820763,-4.368377865128434,1.1938109831549513,-3.6591871969412417,0.00025301647219374895,0.003919215929387293
ENSG00000140968.14,1938.9018395750581,1.8891825407608567,0.5163723254983377,3.6585665952133573,0.0002536298392791891,0.003920345639236115
ENSG00000180155.22,757.8928535336552,-1.5975323309731249,0.43665773668608715,-3.658545805456756,0.0002536504107989917,0.003920345639236115
ENSG00000122122.11,1653.6594467160353,2.213489947726902,0.6049764678214224,3.6588033840355623,0.00025339564647467984,0.003920345639236115
ENSG00000254109.7,51.83885312148729,-2.245234327376508,0.6139901348388882,-3.6567921860269954,0.00025539126544562137,0.003942467225554801
ENSG00000301593.1,13.179821656171006,-3.76443277605264,1.0295645139769787,-3.6563350085867605,0.0002558469528013107,0.003946456391962835
ENSG00000138207.17,1937.617363981818,-4.002485683599214,1.094723110416897,-3.656162590807981,0.0002560190065253481,0.003946456391962835
ENSG00000116701.18,954.374330567768,1.8122222905623016,0.4956753579647899,3.656066942692423,0.0002561144994666313,0.003946456391962835
ENSG00000222014.6,75.07508915195385,-3.0561143219567066,0.8361142592189759,-3.6551395796209225,0.000257042091409781,0.003958354963904796
ENSG00000211714.3,27.04005489407681,3.123376494217901,0.8548468839481536,3.653726243689898,0.00025846183717967897,0.003977813567857162
ENSG00000113532.15,950.9071323990439,1.5241773714270421,0.4174596721616364,3.6510769136926244,0.000261143013613516,0.0040166507848731076
ENSG00000155970.15,270.3763057742526,-1.955175701848704,0.5355543002953482,-3.6507515685532934,0.00026147406154357935,0.004019315522979185
ENSG00000099869.8,9.309220949755668,-4.489349439096123,1.230065639683045,-3.6496828252619986,0.00026256430953416855,0.004031208877724416
ENSG00000225472.3,37.446327931407176,-1.8967650507021043,0.5196871834523092,-3.6498207211919187,0.00026242339984220445,0.004031208877724416
ENSG00000121207.14,99.83419104401884,-2.7584609163032945,0.7558464764258634,-3.6494989423607587,0.00026275232162671305,0.004031665291659041
ENSG00000185905.6,663.9984817134804,2.724477976407886,0.7465764791817175,3.6492952194181636,0.00026296076665785186,0.004032434489790575
ENSG00000159261.14,30.98151105330249,4.226421005985203,1.1584018773579263,3.648492883682811,0.00026378320827655883,0.004040181658455941
ENSG00000116741.9,4604.936518165814,-2.140287329679431,0.5866215113243497,-3.648497861674973,0.0002637780981135001,0.004040181658455941
ENSG00000235568.9,617.6144723340093,1.868434443630572,0.512207099307396,3.6478105167949835,0.0002644845717242947,0.004048489499032157
ENSG00000261236.10,1928.471554693744,1.3805359610845556,0.3785191948289037,3.6472019911924893,0.0002651115125542104,0.0040556488506115875
ENSG00000236700.9,47.22492391904489,2.485380132620005,0.6815211052498126,3.646813155858153,0.00026551284407950234,0.004059350331061827
ENSG00000110934.15,1102.1988208605403,2.278729373745771,0.6249409759194571,3.6463113502729505,0.0002660316182617435,0.004062404885338651
ENSG00000135437.12,141.64618193008863,-2.748828358465509,0.7540837421424101,-3.6452560966980605,0.00026712565699750274,0.004076667231505927
ENSG00000145649.9,1016.9099298198179,2.5243087163562103,0.6925484897666494,3.644955918114503,0.00026743763810900615,0.004078984479206285
ENSG00000085514.17,287.2505425054672,1.6389382739911724,0.44966612772901443,3.644789262354352,0.0002676109939228161,0.004079185892404578
ENSG00000139926.18,4305.416692313225,-1.2250114174905047,0.3361163485786633,-3.6446052763298065,0.0002678024990634411,0.0040796635488306865
ENSG00000275361.1,16.121412729908677,4.641761757399513,1.2738163082891338,3.6439804759870564,0.0002684537929569024,0.004087140801198602
ENSG00000230910.7,31.085346472893946,-3.602792249188377,0.9887820501723724,-3.6436667196378707,0.00026878141331637483,0.004089684216595809
ENSG00000122756.17,446.2111622554429,-3.1609032432033617,0.8675826159705217,-3.6433455270048447,0.0002691171867372259,0.004090432745100235
ENSG00000158457.8,1292.574270366116,1.507910376245083,0.41388445225780734,3.64331244631004,0.0002691517914800359,0.004090432745100235
ENSG00000233967.8,81.34290584722355,-1.799797587595111,0.4942697589159701,-3.641326532989633,0.0002712368548104086,0.004119662450134716
ENSG00000227016.5,7.314514912539087,-5.45608825433163,1.4984704026130848,-3.6411051194719053,0.00027147025853527365,0.0041207502712466955
ENSG00000051825.17,656.9851193734967,1.269048746217078,0.34869178129560463,3.6394570055588367,0.0002732135478806789,0.004144742274013563
ENSG00000280255.1,7.92364107012714,-4.889765818333801,1.343685406662349,-3.6390704208656612,0.0002736239735290686,0.004148497755808872
ENSG00000300853.1,13.96250247932657,-2.8956799468869394,0.7958924812622997,-3.6382803143137368,0.0002744646045637611,0.004158767366355479
ENSG00000187240.19,927.6619709043129,-1.692789341799178,0.46539977170325747,-3.637280129304648,0.0002755322193165879,0.004172462044121766
ENSG00000165300.10,92.56337080363859,-2.6340817861831636,0.7246334736115781,-3.6350539715683876,0.00027792244586567104,0.004203659512259208
ENSG00000214578.5,44.50110256083455,-2.3293647254952807,0.6407842742556856,-3.635177733100576,0.00027778905456877454,0.004203659512259208
ENSG00000088826.20,859.9817763495377,1.7224532493262943,0.47405359425513816,3.6334567867431056,0.00027964930069952407,0.004227268449921411
ENSG00000211782.2,13.37686799358885,6.554289682542428,1.8043842843784197,3.6324245003055275,0.00028077073870205337,0.004241703134922895
ENSG00000145088.11,296.2359202528923,2.1048577927051846,0.5794977533870496,3.632210444997772,0.00028100380740385866,0.0042427077524503165
ENSG00000120659.17,105.87848656639099,4.209545740824265,1.1591703889724443,3.631515936631068,0.0002817612541722406,0.00425162375889878
ENSG00000178947.10,496.7853555274434,-1.819135732766484,0.5010609112261022,-3.63056804474138,0.0002827981345721164,0.004262479363454921
ENSG00000154262.15,1590.2117535967068,-2.024838787333286,0.5577219683864445,-3.630552321959602,0.0002828153635208204,0.004262479363454921
ENSG00000102879.19,5663.73197732656,2.1560019382025937,0.5939124517593448,3.630167934374631,0.0002832368796532817,0.0042663078424889055
ENSG00000215912.13,59.2722902475787,-2.195718647984094,0.6048869299020968,-3.629965435588895,0.0002834591747510936,0.004267132766007745
ENSG00000100079.8,81.29299842439583,2.260714845835507,0.6228901585199712,3.629395672596782,0.00028408551521773854,0.0042740355334382855
ENSG00000006327.16,2677.5940871335947,1.7367913888939637,0.4785665738741844,3.6291531496526286,0.0002843525139476523,0.004275527085454931
ENSG00000231170.8,31.15020525737046,-2.4038047038249992,0.6625135773386012,-3.6283100996682656,0.0002852824761423335,0.004276886374232711
ENSG00000113248.6,155.52584392955058,-1.354677146024606,0.3733427388672969,-3.628508083844428,0.00028506382559376073,0.004276886374232711
ENSG00000259065.4,87.3768219706932,-1.7797379160915348,0.4905096454445602,-3.628344381441301,0.00028524460465714573,0.004276886374232711
ENSG00000026751.19,2850.767319772474,2.445220342353225,0.6738501326598907,3.628730223293419,0.00028481868526824004,0.004276886374232711
ENSG00000164935.7,30.005318268678465,3.484603712992274,0.9605622982925092,3.627670708278358,0.00028598968336088063,0.004284966602873524
ENSG00000084674.16,14.411133997846456,-4.721226863110964,1.3018641520013934,-3.6265126863297414,0.0002872747117979221,0.004301689702648368
ENSG00000141524.21,3796.9612039946182,1.1652425151375105,0.3213489496969643,3.626097163959451,0.0002877371240256122,0.0043036065610129424
ENSG00000065413.22,1552.1278132871203,1.4172163420437622,0.3908382797469259,3.6260940022595345,0.00028774064518099173,0.0043036065610129424
ENSG00000145287.14,379.3732901378945,2.2503676271052324,0.6207524710012,3.6252254034134683,0.00028870952595042113,0.004315563577161488
ENSG00000179361.20,462.0207916812295,1.0911417176498306,0.301037795822084,3.6246004082979173,0.0002894085681914009,0.004323475448916816
ENSG00000284708.1,8.390469479428733,-5.653201590566301,1.5601546674716527,-3.6234879197764007,0.0002906567849228228,0.004339577355667772
ENSG00000003987.16,60.46955381425434,-1.3637425060585986,0.37641549364183907,-3.6229712354938433,0.0002912382202747193,0.00434499319624157
ENSG00000172382.12,330.6492451182604,2.366584525808836,0.6532360842449175,3.622862519213702,0.0002913606995870049,0.00434499319624157
ENSG00000302357.1,7.602341688629551,-5.524165853619067,1.5262722598330114,-3.619384299249115,0.0002953048095526699,0.004401233940383882
ENSG00000246922.12,266.87261726368325,-1.523203223471528,0.4209524772267587,-3.618468368463856,0.0002963517122210009,0.0044116741449334385
ENSG00000069535.16,3629.8221854112517,-2.4025879898822327,0.6640078691406922,-3.61831252540949,0.0002965301854592856,0.004411752543127023
ENSG00000073111.17,896.6301857630663,1.9619308094783408,0.5422729528093023,3.617976517756143,0.00029691532781891353,0.004414903861573582
ENSG00000136574.21,33.22014800555192,4.847567447316053,1.3400974309737665,3.617324632727356,0.0002976638752037497,0.004423451905084427
ENSG00000138795.12,540.697149993359,1.8196598532181638,0.5031046759637077,3.6168613414943263,0.00029819693791003645,0.004428789624202063
ENSG00000169129.18,1229.6509644813416,-1.4705363961267213,0.406679375849424,-3.6159600989237237,0.0002992364695365971,0.004441638761985236
ENSG00000239951.1,22509.505545101852,2.942997739889441,0.8139782891320665,3.615572772865377,0.00029968426985207427,0.0044452882776825214
ENSG00000168477.22,4587.5518369504425,-2.443801184009406,0.6759335988428331,-3.615445641691847,0.00029983138710920545,0.0044452882776825214
ENSG00000110427.19,875.6926943574632,2.9890541930161856,0.82693507063921,3.614617760383153,0.0003007910738968495,0.004456922305541974
ENSG00000255248.11,1192.0073666715411,-1.891128582925243,0.5232203626981287,-3.6144017277407214,0.00030104197356317826,0.004458046574783554
ENSG00000023902.15,2949.090398037181,1.4832893538512324,0.41047216032681705,3.613617431862469,0.0003019545008231004,0.00446896170276885
ENSG00000234009.1,245.0041250235146,-1.4707046226489473,0.4070723078166594,-3.6128830048329776,0.0003028113537333694,0.00447904064514672
ENSG00000137547.11,1705.6325066619006,1.0196546996574305,0.28226775107454355,3.6123669663848776,0.0003034147750727052,0.004485361425349317
ENSG00000234459.1,13.938610521753144,-2.740413477188083,0.7592281996057776,-3.6094727232352777,0.0003068200330757666,0.004533070221852002
ENSG00000164850.18,373.02321816959346,-1.7406954713048368,0.48238447424807757,-3.6085230023585777,0.00030794521467015075,0.0045470565581816865
ENSG00000257337.10,353.63112059417216,-1.7009635273598604,0.4714085788007069,-3.608257473139794,0.00030826049078005015,0.0045490747164882136
ENSG00000155465.23,370.6712294122018,1.6596969200010145,0.46007817957894526,3.607423680731691,0.00030925245984309946,0.004561070877048979
ENSG00000171357.7,123.16459539988955,-1.4064902560026318,0.38991909018714277,-3.6071336115592154,0.0003095982574916844,0.004563528481811744
ENSG00000153064.13,615.1174155359156,2.561097378811572,0.7100465928040732,3.6069427059672816,0.00030982603762314144,0.004564244652573184
ENSG00000169047.8,2296.208596922812,-1.6888185087479992,0.4683103817881747,-3.6061948964263677,0.0003107198029728325,0.00457310641997444
ENSG00000183484.14,347.31817634754793,2.197418840026593,0.6093549972768791,3.606139032003587,0.00031078666769957035,0.00457310641997444
ENSG00000011600.14,3475.863411267198,1.5326851253425393,0.42508656110391263,3.6055835812882204,0.0003114522258969901,0.004577413233408215
ENSG00000227145.3,12.712683105419263,7.218910242469415,2.0022255153206565,3.605443136765394,0.0003116207220974963,0.004577413233408215
ENSG00000134333.17,20352.85549267862,1.0916620463962585,0.3028107000976018,3.6050973299305293,0.0003120359624838705,0.004577413233408215
ENSG00000215018.11,111.80458641631202,-2.0167716744947035,0.5594061688584008,-3.6052009912768717,0.0003119114329388253,0.004577413233408215
ENSG00000174080.14,3758.3671262461603,-1.2552640254694718,0.3481780735005585,-3.6052357141537756,0.0003118697303592148,0.004577413233408215
ENSG00000211962.2,2324.693333645286,3.824520884725109,1.0611570417664304,3.604104514406943,0.000313231003019456,0.004590510286483639
ENSG00000067064.14,4964.603731139686,2.552636172508603,0.7084136278101767,3.603313194862191,0.00031418657237481496,0.004596580232601328
ENSG00000251301.9,101.87843925575699,2.2089575473903844,0.6130037485140974,3.6034976176651954,0.0003139636263621677,0.004596580232601328
ENSG00000145681.13,21.328133279249,4.0680705378185085,1.1289517188132732,3.6034052387065465,0.0003140752834060679,0.004596580232601328
ENSG00000211947.2,3307.068208171008,2.5747295106068786,0.7146880798752807,3.6025919322121496,0.0003150599202467586,0.004606711382666584
ENSG00000170837.3,351.16156854703803,-2.1459231431744357,0.5959310087868106,-3.6009590229967743,0.0003170455481330765,0.004628938625021468
ENSG00000068137.17,1827.0260341799421,-1.1514141009682297,0.3197336142678929,-3.6011668763844855,0.0003167921480163684,0.004628938625021468
ENSG00000146094.18,739.301777129989,1.6919569483946444,0.46987140113975007,3.600893657904111,0.0003171252758298638,0.004628938625021468
ENSG00000099822.3,41.7220563419555,2.1628766524263416,0.6007569081393953,3.600252653148823,0.00031790812299258535,0.0046377077896587295
ENSG00000138092.13,438.52979795793476,2.2729941251154457,0.6313899987516013,3.599984367205153,0.00031823631232809775,0.0046398380717280925
ENSG00000249992.2,784.2167863908048,2.655146038401289,0.7376144627291615,3.5996393408248695,0.0003186588430556975,0.004643340612970064
ENSG00000096063.18,1401.8127529331273,1.4875174745749347,0.4132946204562093,3.5991696986836166,0.0003192348263117376,0.004649073905652527
ENSG00000179051.16,5865.985047487412,1.1761689610605752,0.3268203714115322,3.598823892099258,0.0003196595567196337,0.004652599182403308
ENSG00000260645.2,27.114205454450122,-2.7548375520060224,0.7655564892378495,-3.5984771740993327,0.0003200859375546075,0.004656144440578759
ENSG00000178403.4,9.877775320711663,-6.641141472440002,1.8459243034034611,-3.597732290644454,0.0003210037684278459,0.0046641682747436755
ENSG00000258545.8,61.174429620201565,-3.425961253182888,0.952571209507845,-3.596540834939724,0.0003224769799808279,0.0046829025981138354
ENSG00000280216.1,9.595112566812597,-2.657272741593836,0.738924360916282,-3.596136332951266,0.00032297857600090753,0.0046875141363641685
ENSG00000182463.17,1651.7084342593491,-1.9407147945018666,0.5397223193276355,-3.5957653130215768,0.00032343929513977906,0.004691527498009859
ENSG00000175606.12,1472.8766752949925,1.089816880235153,0.30316965612646785,3.5947426076854265,0.0003247124402869833,0.004707313925184833
ENSG00000134830.8,228.14731903584422,-1.2210200236988378,0.33978886282628046,-3.5934668768796385,0.0003263071464264109,0.004725053625143327
ENSG00000011332.24,36.85784058462525,2.6718373881753474,0.743920988739564,3.5915607014963777,0.0003287035926109963,0.004757050686019709
ENSG00000117632.25,4306.213949168077,1.8536153860222417,0.5161943072258175,3.590925665151413,0.00032950561181985694,0.004765949709632922
ENSG00000077585.16,1249.863560933097,1.1140293374811303,0.3103772218226149,3.58927543374241,0.0003315983426360929,0.004790777870268816
ENSG00000026297.19,2250.287525996145,1.0357443667133568,0.28863298728627473,3.588447656144289,0.000332652761641175,0.004801728583072729
ENSG00000182325.13,899.5225425697722,1.1219522893392466,0.3126622273049642,3.58838449725786,0.00033273334180532237,0.004801728583072729
ENSG00000172936.20,2484.563969299844,1.0837685101796422,0.3021626779836143,3.586705404558312,0.00033488229217147765,0.004824540081391237
ENSG00000277734.8,2192.4321587010963,2.422916024829807,0.6757194206603415,3.585683570352368,0.0003361964134919722,0.0048355814631477895
ENSG00000136928.9,37.489835786552604,4.990899999718254,1.391902960810906,3.585666630675615,0.0003362182392224387,0.0048355814631477895
ENSG00000145808.12,11.973873159914941,-3.5137691588735227,0.9800632738234097,-3.585247251604127,0.0003367590062163944,0.004840625647481818
ENSG00000143171.15,22.15868206010702,-3.136076078315105,0.8748966264679484,-3.584510424935322,0.0003377110763783677,0.00484883812087565
ENSG00000135069.16,1091.712609352082,2.0909634327222384,0.583327872221506,3.58454229995758,0.00033766983788987095,0.00484883812087565
ENSG00000024422.14,5549.205430302385,-1.6696076714886927,0.4658683410124439,-3.583861628931972,0.0003385514845891365,0.00485816612054642
ENSG00000180182.13,2426.8566747441737,1.1821331836381783,0.329863501006861,3.583704108001905,0.0003387558219695166,0.0048583612282576336
ENSG00000091073.22,942.1880466749941,1.17111685177834,0.3268492414196258,3.583049012724494,0.0003396068550821976,0.004867825664489958
ENSG00000080166.16,99.13754769235163,-4.117342334722909,1.1491807839590527,-3.582849967729374,0.00033986583002897097,0.004867951177495009
ENSG00000253552.8,80.04016329425521,-2.3371137360332175,0.652458957108088,-3.5820088153775553,0.0003409622843428611,0.004878067995511767
ENSG00000131096.13,13.212365818238448,-3.58031808106684,0.9995547480443827,-3.581912934805913,0.0003410874759532981,0.004878067995511767
ENSG00000211817.2,12.596754195522701,3.995171030490427,1.1155057901272833,3.581488384775272,0.0003416423294248225,0.0048832613764195594
ENSG00000152495.13,374.83135011990606,2.088590244437135,0.5833296816022125,3.5804628331280393,0.00034298613013335075,0.004899719417064821
ENSG00000164105.6,826.0397264443786,1.3438084020269525,0.37542925765969587,3.5793917884925053,0.00034439481870824604,0.004917085441321601
ENSG00000188985.6,214.16411841841267,1.284469673732976,0.35886650372637835,3.5792409165953636,0.0003445936869045584,0.004917168514927735
ENSG00000134460.19,278.8278990044934,2.7724838429600256,0.774653200417108,3.579000049915493,0.000344911402244007,0.004918946431442946
ENSG00000231160.13,223.18214389262323,-1.7578393802216838,0.49125471452246855,-3.578264652239353,0.0003458831253069175,0.004930044255563791
ENSG00000234076.3,32.28686579844722,-2.539860662501597,0.709852523154569,-3.5780117413889183,0.00034621790227287903,0.004932056034000281
ENSG00000158813.19,100.3081954197647,-1.6675824472505556,0.4661082479540685,-3.5776720419993153,0.000346668037823223,0.004935707988482568
ENSG00000095713.16,343.4803321111218,-2.0644969771282677,0.577285693219842,-3.576213651880795,0.0003486067774310255,0.004960538116170754
ENSG00000257354.2,188.68324796381776,-1.3686653898159578,0.3829960057760044,-3.5735761448552106,0.0003521387790322516,0.004999624771867604
ENSG00000167740.11,722.4600172896545,-1.1282045019060651,0.31569407618137696,-3.57372718409158,0.00035193561565394416,0.004999624771867604
ENSG00000290397.2,13.57546191899502,-3.1158880476678448,0.8719167583697283,-3.573607248349941,0.00035209693265184875,0.004999624771867604
ENSG00000120498.14,15.720125788450583,3.8935384872453587,1.090179294833348,3.5714661851476004,0.0003549883864097686,0.005033502175834533
ENSG00000140443.15,3275.162946281617,-1.5389153572958914,0.43088186126388933,-3.5715482494014705,0.0003548771525808646,0.005033502175834533
ENSG00000143942.7,181.28448919995458,1.9681932737729355,0.5511030314797456,3.5713707988290597,0.0003551177185809217,0.005033502175834533
ENSG00000180929.6,13.693291825260689,-2.774185402869382,0.7769106388057068,-3.5707908532877775,0.0003559050026717323,0.005041855574556003
ENSG00000289357.1,16.095787088422828,3.931881534967022,1.1011865457521937,3.5705862463850293,0.00035618314867782346,0.0050429910950377105
ENSG00000211818.1,8.079291024552985,3.9402056844164197,1.1037504695883116,3.569833755890567,0.00035720784629658366,0.005051882872304432
ENSG00000077782.25,6134.222011635118,-1.140140687039383,0.3194999205788639,-3.5685163394522847,0.0003590084681687351,0.005074530906063181
ENSG00000198478.11,1357.0827949834988,-1.3658728305752164,0.38281710285980525,-3.5679514326072947,0.0003597831701313804,0.005082660635838265
ENSG00000116039.15,27.84267380718654,-2.6383482442949666,0.7395320791423264,-3.567591344184549,0.00036027780372314126,0.005084008830267109
ENSG00000126947.15,1416.7717342042467,-1.1865542273908565,0.33258194666113144,-3.5677048598186225,0.0003601218049698716,0.005084008830267109
ENSG00000101082.16,345.21006715577596,2.2591637884490887,0.6336588135837579,3.5652684694339367,0.00036348392203345556,0.005126411394304621
ENSG00000160654.13,450.716551834338,2.3096859466234476,0.6478787652244271,3.5649971423640743,0.00036386015291192626,0.005128877672838779
ENSG00000142230.15,3160.2309111841387,1.063072657680353,0.2982603459168066,3.5642440312091455,0.0003649063500256683,0.0051380444714939095
ENSG00000183813.8,417.0970930966581,2.5301939752294027,0.7098834468298704,3.564238589487473,0.00036491391970996354,0.0051380444714939095
ENSG00000261471.2,9.440612016848286,6.053854033138904,1.6994415549058868,3.562260800121579,0.00036767486019761,0.005174058764692444
ENSG00000120645.13,137.70030691501475,-1.6511944938634593,0.46359342388457764,-3.5617297588642294,0.00036841949849512114,0.005181674790816803
ENSG00000260918.1,7.655534628193737,-3.7549076930095073,1.0546167589915523,-3.560447585338993,0.0003702232076127629,0.005201607709300137
ENSG00000175463.14,1340.364034152857,2.164042685720441,0.607803401649103,3.560432007864586,0.0003702451720372639,0.005201607709300137
ENSG00000163082.12,1512.983303296255,2.348322343447035,0.659811067534603,3.5590829844997716,0.00037215193876084774,0.005222634728472481
ENSG00000198756.13,89.45599768127893,-1.7543198782598708,0.49307033756102675,-3.557950549079097,0.00037375965439846265,0.005242308456598702
ENSG00000108669.20,4116.867141613623,1.0102446298791792,0.2842134858948462,3.5545274239835027,0.00037865901963229904,0.00529449694194351
ENSG00000234350.8,16.101772869388434,-3.497894666167447,0.984080634584759,-3.55447972781561,0.0003787277071265783,0.00529449694194351
ENSG00000185155.13,60.15594167146306,2.4408429688853404,0.6866253784733098,3.5548394297811687,0.0003782099856313783,0.00529449694194351
ENSG00000283031.2,20.860576818611364,-2.2655553247457796,0.6373484494301789,-3.5546573099397962,0.00037847202922960553,0.00529449694194351
ENSG00000214456.10,308.35473879109077,-3.091719694381271,0.8700240923791155,-3.553602390396846,0.00037999324440229204,0.005306945437812357
ENSG00000140534.16,257.07172275395664,2.512406019870495,0.7070083028662301,3.553573571463214,0.00038003488196653996,0.005306945437812357
ENSG00000179292.6,16.705581983799068,7.602003935402789,2.1401983751264195,3.552009021104759,0.00038230175323756687,0.005335675592720036
ENSG00000184635.18,405.5920052012143,1.3697111156128905,0.3856719946379984,3.551492290485174,0.00038305321429533653,0.005339133876244014
ENSG00000198542.17,1006.0623756811241,1.5634978244208653,0.4402425420770159,3.551446475491565,0.0003831199078253626,0.005339133876244014
ENSG00000168453.18,1577.7579051661075,1.6840277719089833,0.4741861745894654,3.551406308644402,0.0003831783881973247,0.005339133876244014
ENSG00000099864.20,2262.3342413918044,-1.5707466461878932,0.4423256588314613,-3.5511090411022086,0.0003836114502304006,0.005339326365474608
ENSG00000170323.11,17135.130258570327,-3.32309977909777,0.9357616615455419,-3.551224543233801,0.00038344313137573307,0.005339326365474608
ENSG00000134684.15,2442.7523708954786,1.0041404797361482,0.28282646854391985,3.5503766139915443,0.000384680409384046,0.005351280561125634
ENSG00000134242.18,487.09853397210253,1.8802528971262897,0.5298745687064971,3.5484867705884953,0.0003874514611674509,0.005383409992003565
ENSG00000077063.12,246.66079426002895,-2.4198955754898264,0.6819419600490435,-3.5485359711782416,0.00038737908311843724,0.005383409992003565
ENSG00000167613.18,1814.1287574640535,1.1880184568990269,0.3348204142711186,3.5482258735186827,0.0003878354730998603,0.005383409992003565
ENSG00000144136.13,2000.562802261238,1.121010697275479,0.31592290253394884,3.5483679349743125,0.0003876263301004213,0.005383409992003565
ENSG00000289947.1,8.764616650278523,3.022023882935395,0.8519830291617724,3.5470470414283106,0.0003895750233004515,0.005401903880487106
ENSG00000183918.19,447.239596324887,2.5046019987311685,0.7061699897426912,3.5467409194828234,0.0003900279449060749,0.0054050064116989305
ENSG00000290746.2,200.50632236527753,1.4724080420604608,0.4154647170210652,3.544002611383738,0.00039410134197128283,0.005455519174647035
ENSG00000274290.3,50.33131365460272,2.238895619719003,0.63178718102793,3.54374967861215,0.00039447959320718155,0.0054577890921130474
ENSG00000132821.14,1236.4132336279342,5.130384287709656,1.4480443503133176,3.542974555026288,0.00039564087440144806,0.00547088420840352
ENSG00000107796.16,8349.738495047692,-1.7057646444795889,0.4815735698556564,-3.542064497000662,0.0003970083892476621,0.005484864811691436
ENSG00000110777.12,1103.6055243443266,2.226662575093182,0.6286428627416821,3.5420151998260225,0.0003970825924682583,0.005484864811691436
ENSG00000234742.1,194.9213161630193,-1.0493213854598,0.29652984247446484,-3.5386704309538777,0.0004021475880849537,0.005548808892801655
ENSG00000197467.18,221.5498233360423,1.827392970856782,0.5163925564336507,3.5387670641057674,0.00040200041334126536,0.005548808892801655
ENSG00000235387.7,90.08570126057414,-2.3253913552409324,0.6572099811274102,-3.5382776007933447,0.00040274639678218485,0.005553710272876614
ENSG00000294222.1,11.560055670831662,2.8048786127396554,0.7927525615474028,3.538151434370278,0.00040293889459683496,0.005553710272876614
ENSG00000083067.27,34.32596841073292,-1.8229793527801768,0.51538497867852,-3.5371216240225176,0.00040451333984320025,0.0055723954998086285
ENSG00000008513.19,3917.7324585216693,1.3109663467307533,0.3707968048773091,3.5355384121083016,0.00040694507673017514,0.005599836871633869
ENSG00000122644.15,3221.1317145288394,-2.153394806595171,0.6090663475245482,-3.5355668809273344,0.0004069012296956908,0.005599836871633869
ENSG00000105619.16,590.0243160426418,1.1596416220569372,0.32805182660198157,3.534934202527414,0.0004078767082326749,0.005609626153020768
ENSG00000142669.17,3231.029380679807,1.2914247859366055,0.3653919128144926,3.534355142097123,0.0004087714314798291,0.005618897534388951
ENSG00000286724.2,58.025500831252856,-1.343501883418675,0.3802915129488829,-3.5328211061056796,0.00041115058486135026,0.005648552614349219
ENSG00000151490.17,270.5499491681319,1.7250083445426643,0.4884139266894307,3.5318574067597193,0.0004126518049117011,0.0056661208209735515
ENSG00000198959.14,3398.3480350602804,1.6881571552159307,0.4780311961185859,3.5314790518339874,0.00041324259245495367,0.005671175685571188
ENSG00000164112.15,18.262637159619374,4.111105765104761,1.1643203728431046,3.530905978279866,0.0004141389307196263,0.005677358829041766
ENSG00000090520.14,1575.0531251495988,1.1715971251029518,0.33180470227637154,3.530984091138914,0.0004140166484323631,0.005677358829041766
ENSG00000182636.8,1633.452848392515,-1.4825644385713894,0.42000762781654066,-3.529851222652017,0.0004157934111730799,0.005696973628827068
ENSG00000173335.5,7.642297225449836,-5.529634161236172,1.566675480940368,-3.5295338623140453,0.0004162924266411211,0.005700744300524728
ENSG00000197506.8,1098.4838926560346,-1.9071602104408563,0.5404280057694181,-3.528981085511278,0.0004171629453246992,0.005709595583216235
ENSG00000297007.1,9.144016178303099,-2.9291590299550325,0.8302917345016414,-3.5278672642853364,0.0004189221689476656,0.005730594288542422
ENSG00000077616.12,171.99638327785598,-2.2107366329362232,0.6266927589040397,-3.52762434466669,0.0004193067672138842,0.005732776525874849
ENSG00000164691.21,555.9362180188192,1.8860389573305367,0.5346827431859376,3.527398221405962,0.0004196650692391728,0.005734597091518761
ENSG00000228058.5,7.07373096315898,-4.694076308382711,1.3309199819948285,-3.5269410422008005,0.0004203903629332319,0.005741427846794826
ENSG00000258711.3,17.092030471819964,-2.470219000402555,0.7008255218297899,-3.524727515563423,0.00042391860442633067,0.0057824964350242265
ENSG00000145934.18,304.5754720968033,-2.7617396884084955,0.7835392405634338,-3.524698630821044,0.0004239648273710114,0.0057824964350242265
ENSG00000223486.2,34.34113001840652,4.174189444900759,1.1854134810346142,3.521294056195125,0.00042944610284701307,0.005852553068815554
ENSG00000101336.19,1035.5246149296197,1.67940068874613,0.4770173654582974,3.520627990414217,0.00043052616007651664,0.005863683212137332
ENSG00000147536.13,245.53347444135076,2.313086886336875,0.6570323905000114,3.520506629173307,0.00043072322601817546,0.005863683212137332
ENSG00000254122.4,287.06203200423727,-1.601855324164514,0.4551747832496756,-3.519209286437674,0.00043283511505807164,0.005889285905792812
ENSG00000127334.13,2109.754589748945,1.099847829613421,0.3125502124914031,3.5189476303545084,0.000433262223670453,0.0058919498660491764
ENSG00000211751.9,1164.7269861301586,2.314886243580561,0.657956185900318,3.5182984721284654,0.00043432356259305225,0.005903231303525952
ENSG00000115041.16,276.31396312213235,-1.4282548673512603,0.4059940941586044,-3.517920304508919,0.00043494296471622754,0.005908497202286416
ENSG00000249306.8,21.90240334152231,-2.972860927814709,0.8451523378598441,-3.51754446463794,0.0004355593711901396,0.005913716814277209
ENSG00000253955.2,24.131552286760613,-2.038691745295158,0.5796545280800653,-3.5170806860557504,0.00043632112802978153,0.0059209032775954
ENSG00000135426.18,260.84593238449287,2.328866295172425,0.6621979923140312,3.5168730835837643,0.00043666251812621304,0.00592238072374482
ENSG00000220205.12,2337.3681208390494,-1.036151657593663,0.2947379581287321,-3.5155012410756576,0.00043892470835066137,0.005949894223735868
ENSG00000163545.12,300.10291852493947,1.7875347225521279,0.5086100218502129,3.514548761838126,0.0004405017914561447,0.005956692290121581
ENSG00000180921.9,4473.1155824348525,1.1179239201452584,0.3180860906840398,3.5145325523073905,0.00044052867636977245,0.005956692290121581
ENSG00000127423.12,8.063145202372805,5.1875630887245725,1.4760490862337174,3.514492259848311,0.00044059551154603503,0.005956692290121581
ENSG00000287342.2,10.442330349477862,-4.248147840421361,1.2086378825422126,-3.514822679135238,0.00044004770739827233,0.005956692290121581
ENSG00000134375.13,2243.0074095772475,1.2837211635582948,0.36532716988759373,3.5138945837323803,0.00044158801985815345,0.005965644160176343
ENSG00000187608.11,3127.664772046755,2.3740024090489884,0.6756202992360766,3.5138115473044125,0.0004417260761686852,0.005965644160176343
ENSG00000100304.14,3390.5980432983642,1.3273546204523634,0.37782198386938814,3.5131746619360977,0.0004427863016723576,0.005976793794327832
ENSG00000075223.16,6026.739064707477,-1.4035140094955338,0.3996055154074576,-3.5122488438740422,0.00044433175125636523,0.005994477773437965
ENSG00000167755.16,915.7205517433475,2.2532561110443576,0.6417484750025877,3.5111203202084305,0.0004462223820255606,0.006016797402103258
ENSG00000256508.3,9.279593692043594,-3.956811200865343,1.1272484476024727,-3.510150055456739,0.00044785387960708585,0.006035601146810626
ENSG00000244968.8,85.38280766093877,-1.9169668005038625,0.5462668211207373,-3.5092133118591313,0.00044943429213064635,0.006053696908968637
ENSG00000004948.17,32.32109377468204,-1.876326612770468,0.5347306520690952,-3.508919126872904,0.00044993169478883116,0.006053993765433871
ENSG00000293412.2,8.255435400085682,4.101858299055315,1.1689539221986573,3.5089991326092886,0.00044979637169872917,0.006053993765433871
ENSG00000196743.11,5446.579480017219,1.315888300681609,0.3750558315096753,3.5085131069283557,0.00045061902985185615,0.006060040818034123
ENSG00000149968.13,450.7899122678571,3.3971935224842738,0.9686033788513467,3.507311244890513,0.00045265936226495805,0.00608426734366794
ENSG00000237233.3,13.745554112689831,-3.174014465662875,0.9051880119364365,-3.5064698425168257,0.00045409288996589754,0.006100316455865704
ENSG00000272701.3,19.31442515964977,-2.347331574745525,0.6694858509896578,-3.506170550543549,0.0004546038252335382,0.006103961008183159
ENSG00000165685.11,48.2339534027728,1.9086801589108833,0.5445323646968823,3.5051730303916155,0.0004563106147245607,0.006120425312084932
ENSG00000171049.10,35.238017760655865,2.7697527229779095,0.790160140642487,3.5053055456907716,0.00045608353281091114,0.006120425312084932
ENSG00000136153.23,1639.7000545762728,1.8083094909530835,0.5160255163642351,3.504302468788565,0.00045780505864951177,0.0061372382362430075
ENSG00000160801.16,246.83292233993728,-2.101358955679116,0.5997096602698309,-3.5039604910376787,0.00045839336095813873,0.006141892318235008
ENSG00000062716.15,7010.382546370901,1.1564822380068212,0.3301712587368027,3.5026738621386646,0.0004606130666709621,0.0061683887598191775
ENSG00000164047.7,33.32484767947159,3.775874661902395,1.0781399807224386,3.5022118921628915,0.0004614125061845743,0.006175847580150968
ENSG00000263004.4,128.26786802896495,-1.70699031929027,0.48748088703366704,-3.5016558898900576,0.0004623763853743361,0.0061790078236462305
ENSG00000307919.1,44.84415237178887,3.0166200773674032,0.8614726619953761,3.5017014589646895,0.0004622973167248154,0.0061790078236462305
ENSG00000137392.12,23.274900305062367,4.888379577036736,1.3960109634015676,3.501677067868826,0.00046233963708167515,0.0061790078236462305
ENSG00000096093.18,976.7924031775219,-1.0607089294413776,0.3031021306730619,-3.4995099740341344,0.0004661141662539567,0.0062224286837812
ENSG00000287828.2,7.0105151258031615,3.851070514068264,1.1005284434532552,3.499292123685886,0.0004664951925721357,0.0062242530382424655
ENSG00000283383.2,23.917627846060746,-2.9321700065831324,0.8380174111958258,-3.4989368566925276,0.0004671171878360985,0.006229288948362965
ENSG00000115233.14,2201.8124082930512,1.236393413268066,0.3534146308284554,3.4984216990954216,0.00046802049131321996,0.006237735136954866
ENSG00000018625.17,733.1741232154105,-3.385237519172642,0.9677202887772995,-3.498157017509512,0.0004684852309290825,0.006237735136954866
ENSG00000175745.15,4303.613799937849,-2.2100176551762156,0.6317433584437218,-3.498283956036386,0.0004682622929580974,0.006237735136954866
ENSG00000172137.21,620.1365170099659,-3.2467183389625984,0.9282819464103749,-3.497556266732876,0.00046954165368190073,0.006245271781165376
ENSG00000113302.7,6.885037699813179,5.582658127921116,1.5961447204518497,3.497588944403945,0.0004694841327529138,0.006245271781165376
ENSG00000306733.1,8.656213325207085,-5.028157511896413,1.4377297894042869,-3.4972896499416586,0.00047001121207948987,0.0062482544795807345
ENSG00000281181.1,229.69111619761185,2.3776340616055522,0.6799311430179912,3.4968747733072125,0.00047074275304363256,0.006251453943052328
ENSG00000146197.11,1127.3226916433089,3.834553093383115,1.0965505661928256,3.4969231803842034,0.00047065734342522687,0.006251453943052328
ENSG00000308420.1,13.82841115529329,-7.122166764640312,2.037361899567724,-3.495778912009424,0.0004726801676749847,0.006269458459199989
ENSG00000165152.11,215.1718929489344,-1.915297242651942,0.5480313220356855,-3.49486820486371,0.0004742958979333854,0.006285531121884109
ENSG00000283839.4,20.08903583640974,2.108229396592804,0.603337336596047,3.4942796818893522,0.0004753427642601117,0.0062961287303532525
ENSG00000160688.21,1608.2541642352353,1.0667585671868542,0.30531932088775,3.4939111094742867,0.0004759994790917919,0.006301550276479746
ENSG00000144130.12,16.02286113082997,3.8941605480440677,1.1149343631909285,3.492726277535323,0.00047811632621428323,0.006323001529077886
ENSG00000126860.14,462.1024788598687,1.8731081868056916,0.5363688061124767,3.49220194287902,0.0004790559141487798,0.006332139693452813
ENSG00000169403.14,1424.1378746105504,1.5984289667804834,0.4577656015650893,3.49180663928328,0.0004797654216586289,0.0063382287630015235
ENSG00000103569.13,128.36593395503158,3.4624725759556023,0.9918693066077308,3.490855652946379,0.0004814763090503495,0.0063556400418925876
ENSG00000111229.18,5466.236762859946,1.005611816533006,0.288075152400362,3.490796787414082,0.0004815823988399629,0.0063556400418925876
ENSG00000145247.14,2175.9277377933877,1.6585371256453016,0.4753325252863758,3.4892144707456643,0.0004844422954280019,0.006390072349480392
ENSG00000053524.14,69.22977128607326,1.7680262723880247,0.506927894762545,3.487727328984733,0.00048714460375162715,0.006422391408984315
ENSG00000211746.3,81.3589329268587,3.260087063960522,0.934809264690033,3.4874355519374447,0.00048767644327069894,0.006426076920097244
ENSG00000162073.16,568.0188597073387,1.905441378570182,0.5466452010541393,3.485700368165253,0.0004908504685426139,0.006464556506850527
ENSG00000279692.1,184.93913398633225,2.74456924360614,0.7874848099305156,3.4852345200770403,0.0004917058794655921,0.0064724756877871294
ENSG00000177666.19,5945.805525798108,-1.8396607784858852,0.5279110337113652,-3.4847931962182055,0.0004925175400073615,0.006479811085499744
ENSG00000280623.2,6.866901267030266,-4.0399288563411755,1.1597812950826623,-3.4833540370671647,0.0004951730571719854,0.006508025252439442
ENSG00000203650.10,35.551292546205275,3.670220774925902,1.0536183791356253,3.483444146007498,0.0004950063983565732,0.006508025252439442
ENSG00000142197.15,2168.9705125869596,1.5628636158188922,0.44874656939591945,3.482731061148261,0.000496326699284877,0.0065198232890588455
ENSG00000294466.1,11.833203892034529,-3.8973665889497244,1.1191589994471307,-3.48240651317198,0.0004969286976132558,0.006524366421086205
ENSG00000147689.18,106.38706969929069,3.8357294902192147,1.1018969236425369,3.481023867041444,0.0004995009800920634,0.006554760156581632
ENSG00000123131.15,3604.659021675842,1.3211410983377971,0.37986252944769605,3.4779452984180357,0.000505273025962736,0.006620272245008666
ENSG00000183873.22,60.36383930587662,-2.1894639794302537,0.6295812000129948,-3.477651460026225,0.0005058271857730828,0.00662412557780267
ENSG00000123570.6,109.44017491464555,-1.5898774244045424,0.45725803851476166,-3.4769808084045666,0.0005070941135746745,0.006634985808126403
ENSG00000081320.14,2888.6422067326916,1.3866318596439353,0.39880848122448437,3.4769367376202247,0.0005071774711798558,0.006634985808126403
ENSG00000276007.1,26.77645548091225,-1.976268433670413,0.5684406293903359,-3.4766488028661864,0.0005077223992949333,0.006638704944785034
ENSG00000166501.16,832.3771549549592,2.010849723981722,0.5785624249980036,3.475596819113617,0.0005097179642759178,0.006659367649517832
ENSG00000295242.1,7.674136191816524,6.492187714569748,1.8679650727728168,3.475540206398352,0.0005098255630544452,0.006659367649517832
ENSG00000173432.14,5503.716790139947,-2.8211528403077133,0.8118345317702909,-3.4750342956660045,0.0005107880432994854,0.006668519862061093
ENSG00000229994.1,31.727901541820117,-1.8575261843740951,0.5345864820939555,-3.4746972596430674,0.0005114301841738063,0.0066734826952310556
ENSG00000105538.12,1132.2284284712223,-1.4743064690743282,0.4244911259037012,-3.47311493481912,0.0005144549947435136,0.006709515192581687
ENSG00000287404.2,24.621690984576404,-2.9508461981037364,0.8497304751123319,-3.472684909545751,0.0005152799185770242,0.006716834598810329
ENSG00000178828.7,25.41619769160016,-3.367272490391539,0.9700707149590149,-3.4711618838362783,0.000518211487983003,0.006751593253409243
ENSG00000133131.17,1660.944690401567,1.6235138768762882,0.46807585076021896,3.4684845933399053,0.000523402537232266,0.006812256528279534
ENSG00000280587.4,203.9657014781293,4.005376522204828,1.155075985720557,3.46763033057622,0.0005250690554246377,0.0068304565427584
ENSG00000148053.20,5421.0715579571915,-2.361661210394659,0.6811207165171803,-3.46731666373429,0.0005256822051488762,0.006831454820075013
ENSG00000145779.9,1782.139081153397,1.3558338624134245,0.3910258941387705,3.4673761577852313,0.0005255658561034684,0.006831454820075013
ENSG00000143297.21,662.6182049149435,2.5244149224811947,0.7282782273706622,3.4662781717300697,0.000527716993722814,0.006851442044081556
ENSG00000173531.17,237.89631150078282,-1.2052526702543216,0.34771011178195216,-3.4662571763519243,0.0005277582069996472,0.006851442044081556
ENSG00000128815.22,1098.836628490972,2.133320801706311,0.6155772372260516,3.465561545647139,0.0005291254057557557,0.006865691905249543
ENSG00000184500.18,2493.008769580211,-1.3533388457754816,0.3906174751948104,-3.464614185785054,0.0005309926639032297,0.00688641249606882
ENSG00000253434.9,10.101147271097917,-5.210345504379431,1.503964527989901,-3.4644071767724687,0.0005314014978792416,0.006886662849590043
ENSG00000037474.17,3119.543407554308,1.234470309077993,0.35639356923289656,3.4637839053467587,0.0005326342041416664,0.006886662849590043
ENSG00000117228.13,4483.637356951422,2.5080850785994464,0.7240354168688845,3.464036454799055,0.0005321343910719367,0.006886662849590043
ENSG00000066336.15,1932.2327486262366,1.6026012987198979,0.46262710243162103,3.464131890017774,0.0005319456318899868,0.006886662849590043
ENSG00000152578.17,293.82323484393527,-3.359407913907725,0.9698518293331436,-3.463836240034322,0.0005325305942078893,0.006886662849590043
ENSG00000055813.8,85.74199491876789,-2.210569674418705,0.6382767357104409,-3.463340508499352,0.0005335127759314806,0.006891873682781927
ENSG00000104047.17,1422.2167642582967,-1.0212780908821193,0.2948851964149502,-3.463307427087724,0.0005335783794293888,0.006891873682781927
ENSG00000135324.8,110.01120766930222,-2.210543848240918,0.6383973970770753,-3.462645459336096,0.0005348927038251607,0.006905348230679508
ENSG00000213654.12,1012.2603045561082,1.5941166333595518,0.4604583110150124,3.4620216319813117,0.0005361340615126274,0.006917867619446876
ENSG00000237372.6,21.137630749220886,2.971960645673064,0.8585026804672702,3.4617954181057073,0.0005365848686144537,0.006919267971802982
ENSG00000149596.9,709.1598652270934,-2.058369018020843,0.5946131173465782,-3.461694601030968,0.0005367858942437553,0.006919267971802982
ENSG00000147324.12,1113.3823863138432,1.097171453710865,0.31696670557062245,3.4614722443345305,0.0005372295135986876,0.006921483531043081
ENSG00000113273.19,677.5137906684963,1.2653102316581502,0.36564203632852965,3.4605163136146304,0.0005391405654682484,0.0069383478234265735
ENSG00000250742.7,647.3869765204435,-1.0410063795105289,0.3008333431098061,-3.4604089053072644,0.0005393556864820625,0.0069383478234265735
ENSG00000112972.16,2418.6700573494363,1.6242625226767236,0.469434507897169,3.460040741258253,0.0005400936649874407,0.006944334043864262
ENSG00000263307.3,39.06017444802043,-1.338141448924848,0.38676161502423106,-3.45986105379411,0.0005404541869458636,0.006945463469070682
ENSG00000283674.5,138.6712578318344,-1.6688043285761462,0.48241009898906906,-3.459306370395782,0.0005415685093991429,0.006956274081142495
ENSG00000160460.18,109.44679791681952,-1.3862131886176607,0.40080187857053456,-3.45859952942738,0.0005429916083062478,0.006970168719423441
ENSG00000223878.1,10.740296343726353,-3.0110315939570533,0.870943455294114,-3.4572067516601757,0.0005458059204953774,0.00700011208506433
ENSG00000308991.1,17.64286195697458,-2.386364957577891,0.6903063199178244,-3.456965246764609,0.0005462952968791438,0.007002862358736121
ENSG00000224666.5,7.171405372792122,4.360875058474232,1.2615724024141666,3.456698204660459,0.000546836896763643,0.007006278972568789
ENSG00000144158.4,78.94851146110302,1.4814695796377109,0.4287219341195079,3.455548834188515,0.0005491737003686671,0.007029147398035336
ENSG00000150938.12,8997.502505769122,-1.3847637747055153,0.40082175135073034,-3.4548119458063242,0.0005506767701879674,0.0070413092437036735
ENSG00000158517.18,477.4158467287807,1.9281456443679796,0.5580962170230729,3.454862415396494,0.0005505737026032542,0.0070413092437036735
ENSG00000140067.8,9.575582644240425,-4.02931530159703,1.1664438053988648,-3.4543586951616656,0.0005516031917889012,0.007049616105396438
ENSG00000175352.13,286.1264799026903,-1.8618137450101286,0.5391179561605223,-3.4534441372896394,0.0005534769240067999,0.007070015411924374
ENSG00000161714.14,1321.2216040187452,-1.3233078711908353,0.3832094482409582,-3.4532234976595695,0.0005539298539480581,0.007071188529093491
ENSG00000139865.18,389.13320228274154,-2.289553764612272,0.6630374310347218,-3.453128974995038,0.0005541239960767386,0.007071188529093491
ENSG00000144867.15,1111.8196700087196,1.0310553105340687,0.2987785218891104,3.4509017047642327,0.0005587170169652457,0.007124280901572463
ENSG00000237560.10,16.816578991106006,-3.6743100154216695,1.065259599686717,-3.4492155869820373,0.0005622176422453044,0.007159890276415438
ENSG00000162896.8,2209.8348049910333,-3.17815615509343,0.9214068157601669,-3.4492431581064764,0.0005621602366772221,0.007159890276415438
ENSG00000205364.6,254.92247612132815,-1.9673166537685762,0.5703890145682974,-3.4490787927561204,0.0005625025409121827,0.007159890276415438
ENSG00000185480.14,182.0913841893386,1.7222456572059994,0.4993971447765894,3.4486493870053345,0.0005633977296110442,0.007160830125211032
ENSG00000099957.19,33.10083022516504,-2.219805505596463,0.6438208307934774,-3.4478621992715928,0.0005650422383234907,0.007178150051041212
ENSG00000137078.12,492.19408251575106,2.3137771551945363,0.6715265886342552,3.445548090508636,0.0005699025511616565,0.007236044688990401
ENSG00000185271.10,58.25743194596957,-1.7685630328037383,0.5133080480786778,-3.4454223724399116,0.0005701677080131811,0.007236044688990401
ENSG00000173218.17,1395.80773397688,1.3457975088191185,0.39067854183156026,3.4447694580557604,0.0005715466436403299,0.007246323822878468
ENSG00000167600.16,251.0920531123376,1.992544685862887,0.5784091644084938,3.444870531919302,0.0005713329757054342,0.007246323822878468
ENSG00000111262.6,80.78068297563595,-3.5703547793794392,1.0367398757245396,-3.443828932386968,0.0005735384650786067,0.007267959325381686
ENSG00000289405.3,497.4121539056134,-1.0932430546814742,0.3176313338857695,-3.441861485474981,0.000577725994105571,0.007317383787102436
ENSG00000261220.4,78.1445254249935,2.0957253858456544,0.6090877776151322,3.440760860530504,0.0005800809719716045,0.00733704368458339
ENSG00000164171.13,1677.5685922928667,-1.4589876848032537,0.4240340684755338,-3.44073222712631,0.0005801423572200129,0.00733704368458339
ENSG00000198467.18,7348.917716391106,-1.4590164044536822,0.42409275544665304,-3.4403238105707583,0.000581018592904069,0.007344478699682155
ENSG00000122547.14,810.5103397479515,-1.3858909122309329,0.40291249995441014,-3.43968209570998,0.000582397846854527,0.00735826168513475
ENSG00000108001.18,389.9339338506204,-1.687951958261626,0.49080563051976855,-3.439145464721068,0.0005835535811415821,0.007369208361555398
ENSG00000224238.2,19.39661098981123,-2.9507608460047634,0.8581610066947924,-3.438469964243214,0.0005850114321937931,0.007383957477407385
ENSG00000289224.2,33.919553340904294,-3.1433217053122484,0.9144538830371156,-3.4373758629276527,0.000587379894185906,0.00741017993304072
ENSG00000008517.21,4078.7448254478268,2.1119037072086955,0.6149066773462181,3.434510934770035,0.0005936241213035375,0.007474147302878103
ENSG00000087088.23,2069.27610092101,1.1034552001207425,0.32128322611036325,3.4345247757867607,0.0005935938062657004,0.007474147302878103
ENSG00000136950.15,2567.9380695508808,1.2021344802763285,0.3500610389478099,3.4340710519788895,0.000594588317702713,0.007482588458599705
ENSG00000128709.14,780.0019307011414,-1.9035425500921437,0.5543719000023235,-3.4336923463908713,0.0005954195849325825,0.007489349258181634
ENSG00000106268.18,812.8046622208077,1.5491286607974961,0.45125486535108633,3.432935087785124,0.0005970850296402326,0.00750659071567935
ENSG00000290576.2,266.21839058784855,-1.2563494913397941,0.3659877798993768,-3.432763497418438,0.0005974630117455221,0.007507637085431768
ENSG00000260920.2,122.30759893655026,1.7482654008934682,0.5094047157960462,3.431977260284008,0.0005991977979156391,0.007525723427371422
ENSG00000178734.7,30.761954262047063,-3.26731277656127,0.9520598463176684,-3.4318354977351753,0.0005995110871091285,0.007525947215257078
ENSG00000233871.3,43.9198343843236,-1.4663687171438384,0.4273100726631588,-3.4316268465306026,0.0005999724747259855,0.0075280290166234365
ENSG00000140682.21,1648.5087297445436,-1.3023654657073198,0.37955605917936036,-3.4312861939898136,0.0006007264654526358,0.00753007076847642
ENSG00000221818.11,286.53635109565494,-1.3480324115700444,0.39285044890279414,-3.4314136978461183,0.0006004441488014214,0.00753007076847642
ENSG00000281566.5,13.172752515018809,5.917691345099714,1.7249149698637425,3.430714816955397,0.0006019931157524917,0.007542236424658985
ENSG00000302785.1,30.506359588250753,-3.1963030525900407,0.9317697948771567,-3.430357015395028,0.0006027875690323351,0.007548476976805608
ENSG00000113205.5,111.21491857586193,-1.4298203089754753,0.4170130884214377,-3.428718063473548,0.0006064391427452822,0.007590472434823137
ENSG00000260997.1,48.93890809424296,2.5976740381237247,0.7577517240949015,3.4281334578638183,0.0006077466136325562,0.0076031011767361675
ENSG00000111181.15,57.28793877001936,2.023994840224336,0.5906310101296379,3.426834699688539,0.0006106606805881307,0.007635806674158212
ENSG00000143106.15,2553.7700810544125,1.109220303866244,0.32378224671705,3.42582187600786,0.0006129422048850214,0.007660574534164072
ENSG00000130294.20,525.7292832547841,4.98315938582144,1.4552082542454694,3.42436168244883,0.0006162454555487569,0.007698081411614707
ENSG00000306221.1,6.953134129885967,-4.693668233418266,1.3709581475458057,-3.4236407886123623,0.0006178823626226985,0.007714745910962134
ENSG00000170153.12,758.8797482249606,-1.388222192443935,0.40552217629583326,-3.4232953796125085,0.0006186681029298866,0.007720771802904038
ENSG00000135898.12,66.12214267538307,2.159031317213761,0.6307446428542265,3.4229879582389766,0.0006193682104227548,0.00772572364724681
ENSG00000163762.9,1755.1807846246984,-1.9024760803971443,0.5558482893647945,-3.4226534772126986,0.000620130779653489,0.007731449382552138
ENSG00000170324.22,18.478796853702057,-3.8691425868349683,1.1307048548350251,-3.421885534753004,0.0006218848858419337,0.00774952540473576
ENSG00000101144.14,823.0849936270466,2.7489310678381313,0.8034917691324368,3.421231148150112,0.0006233832536821158,0.0077643984618763675
ENSG00000211772.11,2237.2215183085873,2.31273986189403,0.6761440345854557,3.4204840146404196,0.0006250980931940262,0.007778150235341984
ENSG00000284194.5,108.54076808601022,1.95773478407238,0.5723341315658977,3.420615119905651,0.0006247968599641417,0.007778150235341984
ENSG00000245694.13,3279.548764449137,-1.2389048208884226,0.36229144566613564,-3.419635864187964,0.0006270501078844312,0.0077986295400021225
ENSG00000159714.14,821.834517397333,-1.068102082761038,0.31238883434437936,-3.419142956894405,0.0006281871359473086,0.007808957803667105
ENSG00000275612.1,6.570208987913098,-4.510370465874858,1.3193116173140087,-3.418730197386981,0.0006291407561290616,0.007816997170421136
ENSG00000117560.10,196.0909771267332,2.5087113816911053,0.733903393226774,3.418312825426494,0.0006301064019844949,0.007825178042392526
ENSG00000175779.6,20.793373453424692,2.8815464581159813,0.8431137983365213,3.417743208332403,0.0006314265124248518,0.007837750827472418
ENSG00000163072.18,865.4002011155593,-1.6394773456990193,0.4799232251921988,-3.4161242041212825,0.0006351926817533157,0.00787682219909382
ENSG00000173540.16,444.2481451137247,1.031188860588212,0.3018739682382469,3.4159582113233773,0.0006355799972405663,0.007877789834410932
ENSG00000008516.21,179.3127941241569,2.243577935260708,0.6569556225693044,3.4151133778050973,0.0006375546768670098,0.007898421777470627
ENSG00000136868.13,2860.9536963986748,1.4033297931320963,0.4109648757151011,3.4147195443168386,0.0006384771562056848,0.007902163093155974
ENSG00000207563.1,8.220292612242055,-3.8629424298846975,1.1315013032691967,-3.413997331442455,0.0006401720279029276,0.00791929175459712
ENSG00000211753.4,124.48416614242058,2.6174316795902914,0.7669614018351208,3.4127293411735202,0.0006431578442384311,0.007952365752717029
ENSG00000146918.22,1174.6174102274078,1.5904881284416894,0.46625472212396435,3.4112000436079706,0.0006467762081110073,0.007989348592044358
ENSG00000113594.12,3703.032762588836,-2.3178113240392646,0.6794485347673903,-3.4113125651713543,0.0006465093348086885,0.007989348592044358
ENSG00000246640.3,42.0081380566577,-2.059595428091074,0.6041543346375627,-3.4090551205374413,0.0006518830673659321,0.00804073298250734
ENSG00000143977.16,2370.8995921059955,1.114067267767895,0.32687010458065097,3.408287427194228,0.000653719967318227,0.008055588431331669
ENSG00000272622.3,236.65512251154865,-1.912661428199188,0.5611741104483687,-3.408320862612503,0.0006536398644933541,0.008055588431331669
ENSG00000180818.6,506.7914796106942,1.9406262211041867,0.569434508099941,3.407988440285373,0.0006544366704176143,0.008056624665155656
ENSG00000176697.22,23.17530115715259,-2.658496303482439,0.7800570153033423,-3.4080794753811996,0.0006542183723739746,0.008056624665155656
ENSG00000147155.13,472.706357323577,1.429145239305261,0.419430079054442,3.4073503801327463,0.0006559686120701047,0.00807158285895538
ENSG00000101109.16,2923.6256249540384,1.1605456543955965,0.3406234046396325,3.4071224660073285,0.0006565166271710591,0.008074425403512336
ENSG00000196208.16,1235.6576939168954,-2.731810405245197,0.801884516231874,-3.4067379403735276,0.0006574421767880493,0.008081906218614095
ENSG00000291006.1,399.68456437009667,1.7258896686190615,0.5066646436126306,3.4063747892749876,0.0006583173920312408,0.00808741835150626
ENSG00000309712.1,13.294839155222009,3.433803151563528,1.0080776156903468,3.406288462433528,0.0006585256040604603,0.00808741835150626
ENSG00000304024.1,6.423700938714439,3.7037346802259763,1.0875086846666076,3.4057058416608528,0.0006599324313172044,0.008100789859315909
ENSG00000244733.5,33.608810134973375,-1.4949352287626132,0.43901977057532143,-3.4051660744197196,0.0006612382755529307,0.008112909497403033
ENSG00000157680.18,255.7942088450185,-2.012761530516274,0.5911278980930412,-3.404951004696911,0.0006617592569763731,0.008115392409458449
ENSG00000133106.17,951.6227807415016,2.159981156359377,0.6345984005842213,3.403697762822699,0.0006648026896817362,0.008144872202445167
ENSG00000105373.21,23020.480776958706,-1.1857504120411728,0.3483907228311057,-3.403507425242221,0.00066526605133987,0.008146630573883573
ENSG00000107159.16,60.56956060768895,3.407880735110876,1.0017882167200214,3.401797583793408,0.0006694420094852528,0.008189893094908201
ENSG00000154065.19,758.1991202154059,-2.025372270404104,0.5953601860604605,-3.4019276361191237,0.0006691235274082572,0.008189893094908201
ENSG00000117834.15,37.05343627472035,-2.071953096212574,0.6091323252938188,-3.401482748782302,0.0006702135851847533,0.00819539617294328
ENSG00000154127.11,730.6410743282561,2.1601073424290202,0.6351655066710937,3.400857445408451,0.0006717484874911461,0.008207575261298344
ENSG00000148180.24,40135.446738217375,-1.714567169037422,0.5041636860208205,-3.400814490567286,0.0006718540465551822,0.008207575261298344
ENSG00000124935.5,2079.0584252380827,-4.848946658206691,1.4259605774770503,-3.4004773587681676,0.0006726830643108559,0.008211427764824893
ENSG00000166396.15,8.82330546237051,6.694969517492735,1.9698537123002133,3.398714064748985,0.0006770345766720667,0.008258978784681136
ENSG00000171533.14,178.2289426504646,-1.4240312445180714,0.4190082721722206,-3.3985754914470205,0.0006773776589214754,0.00825920840133504
ENSG00000276975.4,41.73524259205153,-2.4165457323977697,0.7113048284460178,-3.3973419492697365,0.0006804388151955141,0.008292563187485617
ENSG00000228427.6,37.898431922471815,2.4032274233922966,0.7074502042812726,3.39702696931699,0.0006812225273784965,0.008298143947803772
ENSG00000233588.1,8.134133913682723,2.784800709745611,0.8198901029481852,3.396553635337153,0.0006824018235486144,0.00830153174165851
ENSG00000118113.12,38.448415441053065,4.8136344143738,1.4171700273925878,3.3966527102116837,0.0006821548248058317,0.00830153174165851
ENSG00000168329.16,773.5397108694498,-2.130108320625665,0.6271438080436994,-3.396522923937151,0.0006824784055212956,0.00830153174165851
ENSG00000179314.19,152.84643280095963,-1.6427980681512655,0.48379752537522625,-3.395631399472611,0.0006847049967767319,0.008324640082529899
ENSG00000151025.12,81.15054579427368,3.796448224151123,1.118118702077246,3.3953892525883553,0.0006853109260489441,0.008328031773565198
ENSG00000252464.1,7.3932218611127904,-4.016720911472065,1.183270189313447,-3.3945931772375957,0.0006873064768315697,0.00834829912798136
ENSG00000123364.6,253.35873338744938,2.956927965266539,0.8711292943757256,3.3943617604841907,0.0006878875899993089,0.008351375026154623
ENSG00000052802.15,4388.739922160896,2.737192723586287,0.8065161101599526,3.393847548864749,0.0006891804676248841,0.008359311863165166
ENSG00000146731.13,7308.928647593905,1.0144462123128806,0.29890802280410683,3.393840696533297,0.0006891977116189725,0.008359311863165166
ENSG00000015413.12,248.90227820832206,2.7719853575749354,0.8171048707117766,3.392447477592773,0.0006927121095790998,0.008397939144735482
ENSG00000043462.15,1610.5214468769395,1.8832490740719159,0.5551761667766467,3.392164842028543,0.0006934270875478146,0.008402607681698567
ENSG00000111412.7,2683.6361843144164,1.2029452475443312,0.35466799206930105,3.3917502409106013,0.0006944771373959561,0.008407332303523004
ENSG00000167476.12,305.1108432671075,2.029092357036768,0.5982212723620199,3.391875967608255,0.0006941585565261818,0.008407332303523004
ENSG00000214870.12,104.86763707549267,-1.7057651759887527,0.503032662414073,-3.3909630595411446,0.0006964748795753974,0.008423509808957716
ENSG00000244482.12,142.7541752078433,2.10265883393831,0.6200717976865072,3.390992529870487,0.0006963999923967077,0.008423509808957716
ENSG00000276557.1,31.027605382624532,2.8791289338280763,0.8495356122535868,3.389062085567586,0.0007013212945814112,0.008478099048069827
ENSG00000186976.17,100.76715263533718,-1.2284441952603435,0.36253972195100226,-3.388440275315182,0.0007029133509919241,0.008493314024248244
ENSG00000185669.7,125.52383823577084,2.0014126778649084,0.5908419364366747,3.3873910337767903,0.0007056074012263089,0.00852182366839038
ENSG00000224220.2,21.040387008079627,2.6879391725051858,0.7935499926148919,3.38723356753862,0.0007060125412320381,0.008522675562901063
ENSG00000262152.9,249.1469231821815,3.6236035308019168,1.069901510037123,3.3868571048901375,0.0007069820066155038,0.00853033571317077
ENSG00000233926.3,27.731299662981353,-2.481739590161096,0.7332416680383878,-3.38461342056623,0.0007127856378034898,0.008596289290006007
ENSG00000119812.21,1604.657332598914,1.2385758161800184,0.3662534829846038,3.3817448126004153,0.0007202702104625534,0.008674232875031536
ENSG00000172115.11,3130.462233268664,1.1318875464581586,0.33467986033833375,3.382000773258103,0.0007195994206030511,0.008674232875031536
ENSG00000164134.16,2008.5271572938104,1.0793268502253703,0.3191534412964044,3.3818430590663042,0.0007200126696770622,0.008674232875031536
ENSG00000198851.12,1392.7702798907137,2.301845193887184,0.6809388453561358,3.3803992966259733,0.0007238059347106659,0.008708578631561346
ENSG00000289080.2,8.821321219841192,3.2094382397304697,0.9493961267748738,3.380504880121035,0.0007235279022609209,0.008708578631561346
ENSG00000100644.19,4786.058276118824,1.3652830802274307,0.40397358299437913,3.3796345545852864,0.0007258226906865028,0.008728720375106663
ENSG00000079435.11,3296.402623569681,-3.0217266589013962,0.8942657971828104,-3.3790028293832637,0.000727492594289966,0.008744673841038095
ENSG00000119969.18,314.16375798242154,1.411374124980767,0.4177367850776953,3.3786206419869487,0.0007285046011937239,0.008748581186706902
ENSG00000253661.4,32.32452640805986,-1.9243131992884814,0.5697020555984023,-3.3777536527707035,0.0007308051812989465,0.008772072937259881
ENSG00000118503.20,2073.6590945729617,1.5803979644642496,0.4679209136672851,3.3774894823102324,0.0007315075052794351,0.00877223524810381
ENSG00000185250.18,189.34443705370307,-1.2389557513561253,0.3668270261506314,-3.377493104467632,0.0007314978711684999,0.00877223524810381
ENSG00000286250.2,32.30797454172885,-4.317385002090841,1.278389065133346,-3.3772073931503033,0.0007322581600978662,0.00877710475098953
ENSG00000109684.17,59.81976033902836,2.5662164052285017,0.7599802429739809,3.376688313878128,0.0007336413287242256,0.008781286787563323
ENSG00000120337.10,38.10498903318376,3.0277027192849446,0.8966186942731964,3.376800794611154,0.0007333414002627432,0.008781286787563323
ENSG00000233682.4,25.54307106669876,3.3826503453213044,1.0019263416874777,3.376146733126242,0.0007350870427132231,0.00879445846169493
ENSG00000211941.3,2191.0474023029547,3.0822846462423823,0.9130457657759778,3.3758271072237163,0.0007359415041614055,0.008800547442485991
ENSG00000267710.10,39.21818516097574,-1.3441259000395496,0.3982004422011997,-3.3755007719464056,0.0007368148536155231,0.008806856469470197
ENSG00000113263.16,830.0632679217812,2.3847835901488548,0.7066165750554556,3.3749329895943867,0.0007383366667156737,0.008820906772005123
ENSG00000176563.11,34.228596130473605,-1.6418104217162006,0.4865606103489758,-3.374318403083729,0.0007399872177905731,0.008836481211600416
ENSG00000128340.18,2620.4036230545826,1.893892776255595,0.561297005741592,3.3741366101772847,0.0007404761023906263,0.008838175634485305
ENSG00000112394.20,163.48954549790955,3.0233479556524787,0.8961519665027594,3.3737000739407175,0.0007416512780436788,0.008848056067002594
ENSG00000293434.2,754.9381330291772,-1.0726514507426894,0.31809062811950234,-3.3721567249057993,0.0007458199466908117,0.008893623530974563
ENSG00000245164.11,232.92291824634967,2.2466330069036555,0.6663526650461442,3.3715375127194527,0.0007474985806104587,0.00889697960127523
ENSG00000104723.23,2333.2175079336334,-1.0624700559953155,0.3151164308905126,-3.3716745680090265,0.0007471267327822284,0.00889697960127523
ENSG00000177133.15,113.45321297919335,-2.0455843824196607,0.6066745157453123,-3.371798764130743,0.000746789921829021,0.00889697960127523
ENSG00000186891.15,392.8303763601696,1.8885056350401115,0.560125831386115,3.371573902183233,0.0007473998347721834,0.00889697960127523
ENSG00000172901.21,138.73806221356256,-3.296955177284123,0.9783140230831128,-3.370037737876757,0.0007515789000609616,0.008941366727441735
ENSG00000267764.2,10.272829742024625,2.6800037057552326,0.7954903790915303,3.368995749283433,0.0007544259229514003,0.008971047004432828
ENSG00000157429.17,140.95405374441614,-1.2655961236977649,0.3756835154747468,-3.3687826895956454,0.0007550092972548648,0.008973794591870584
ENSG00000290960.2,137.5195360920368,-1.8844982269821942,0.5596212737962055,-3.3674528028547797,0.0007586601102959247,0.009012981189061334
ENSG00000167549.21,192.4305697949457,-1.5788918762617699,0.469188069150978,-3.365157769503523,0.0007649990272696564,0.00907981837072946
ENSG00000144554.15,544.8235533841048,1.662986632669359,0.49419850914455454,3.3650175018697404,0.000765388038730087,0.009080204347691686
ENSG00000167914.13,38.8639640676085,2.455908456712155,0.7299720971470212,3.364386757124936,0.0007671395865475533,0.00909369170456807
ENSG00000250305.11,747.8771115342406,-2.4482447615775116,0.7277019407172093,-3.3643510132246837,0.0007672389569752574,0.00909369170456807
ENSG00000187398.13,100.33746711337423,-3.2252002496784855,0.9590889257711148,-3.3627749867775814,0.0007716323144644626,0.009141510084522941
ENSG00000179071.5,68.38044823400246,-1.209920409781674,0.3598231914170876,-3.3625414888258267,0.000772285200142979,0.009144991321637293
ENSG00000048991.20,1112.582488281766,1.1183914388648102,0.3326202104944849,3.3623676601075143,0.0007727715771187441,0.009146498531966325
ENSG00000233093.9,72.05018309456075,1.94287519453764,0.5782061305263348,3.360177438397378,0.000778924284353551,0.009210761581601345
ENSG00000102096.11,2929.8424445090172,1.901247090623104,0.5658481728648133,3.3599951043357543,0.0007794385369477289,0.009211241763466636
ENSG00000185053.15,9.797298302219598,-4.063745291273116,1.2094816110082893,-3.359906636269862,0.0007796881646591837,0.009211241763466636
ENSG00000163064.7,1203.721028049907,3.5905651630871738,1.0688646387200036,3.3592328092984527,0.0007815919188752141,0.009225175053600824
ENSG00000080854.17,316.3974289784826,-1.7533298273572164,0.5222136772401341,-3.3574950327296142,0.0007865215667907958,0.009274764272096463
ENSG00000115756.15,2644.7185613148217,1.8615861391249255,0.5547820321047756,3.3555270924371756,0.0007921389716323376,0.009314635376639199
ENSG00000230393.1,19.116203283780894,-2.9729985420880634,0.8860524875887599,-3.355330055196357,0.000792703452356634,0.009314635376639199
ENSG00000211797.2,28.971835261273288,2.6105594118553292,0.7780432060323508,3.3552884873424147,0.0007928225854024829,0.009314635376639199
ENSG00000197150.15,1388.1935329675398,1.0467404122008648,0.31191538591994883,3.3558473209446116,0.0007912223630985481,0.009314635376639199
ENSG00000164849.12,260.18388783558976,-1.4926206050287554,0.44480844286403765,-3.3556480974552843,0.0007917924962062852,0.009314635376639199
ENSG00000082684.18,114.74821156123372,1.307747666620603,0.38970012637697526,3.3557794265520897,0.0007914166188651651,0.009314635376639199
ENSG00000180353.13,2959.3979262973903,1.7136985365794388,0.5106715182657101,3.355774652166475,0.0007914302807449368,0.009314635376639199
ENSG00000268027.5,165.61133538126765,2.3183332353094115,0.6909494132639771,3.355286495371395,0.0007928282947883391,0.009314635376639199
ENSG00000176788.11,1128.6702569267795,1.567234330627821,0.46726491217265637,3.3540595276897687,0.0007963522883758976,0.009351723899134386
ENSG00000211632.4,224.134923505165,3.4334913230208493,1.0237709786650322,3.353768952796477,0.0007971889794775869,0.009357235251738994
ENSG00000204839.10,523.2866312108663,2.1764494830714876,0.648993643914029,3.3535759609993927,0.000797745137326016,0.009359450203975566
ENSG00000181544.18,148.6692117318405,2.154384352392191,0.6424649518245598,3.353310318755717,0.0007985112459490424,0.009360261447747075
ENSG00000211807.3,18.520028412763065,3.096312346763984,0.9233635472792923,3.3532971448649076,0.0007985492570356246,0.009360261447747075
ENSG00000148459.18,173.98723358873042,1.481457868583881,0.44184143617728333,3.3529174660510215,0.0007996454794235397,0.009368799450964572
ENSG00000104687.16,2342.435422929659,1.8230151680385547,0.5437625587769785,3.3525941398739354,0.0008005800992871708,0.009375437107560242
ENSG00000104808.9,20.95662615076378,2.178740995498854,0.650031943366618,3.351744506915785,0.0008030409172778192,0.00939993345771293
ENSG00000174501.16,603.920284809459,-1.4458490957794898,0.43142882117577713,-3.3513039111274567,0.0008043197904342627,0.009401940973910557
ENSG00000107551.23,2315.986402175198,1.523793861447612,0.4546848989488859,3.3513183854802087,0.0008042777471768092,0.009401940973910557
ENSG00000266524.5,220.49342841771656,-2.1314015240794806,0.6360226888146968,-3.351140708598931,0.0008047939815264151,0.009403168579568496
ENSG00000254605.2,33.79917189692145,1.735948726717868,0.518059833938489,3.350865311291404,0.0008055947470559108,0.009408208987740075
ENSG00000172943.23,2452.4501397581134,1.1368573233000903,0.33939831704401535,3.3496256940857347,0.0008092083117812454,0.00944607924352892
ENSG00000013588.12,4923.942849148602,3.1092940579346817,0.9283982970306356,3.3490949605135696,0.0008107600280898852,0.009459857386842633
ENSG00000153976.4,93.45698377060268,1.8776691315969438,0.5607165412240589,3.3486958089339454,0.0008119288540706744,0.009465082779472028
ENSG00000164211.15,469.8692242741238,1.8407112512988375,0.5497886874518797,3.3480340598312988,0.000813870083408841,0.009478776815046452
ENSG00000197930.15,2682.5518380805956,1.6408444301706304,0.4900743398597061,3.3481541405337727,0.0008135175092717989,0.009478776815046452
ENSG00000171444.20,1176.5895262356821,-1.4319291581670122,0.4277193122436327,-3.3478244193738265,0.000814485957659682,0.009481614180781426
ENSG00000234663.8,46.433892049965,2.121094353404223,0.6336332872523366,3.347510927972324,0.000815407728340864,0.009488008336487047
ENSG00000223745.9,679.5619516688561,-1.299419291836423,0.38823031005463526,-3.3470320533539923,0.0008168176502718527,0.009500074141586465
ENSG00000273274.4,8.575673016733202,-3.644208441121199,1.0888416509299341,-3.346867230885991,0.0008173034502286234,0.00950138575115165
ENSG00000004846.17,133.6529383547758,-2.7617258605317243,0.8254503384315283,-3.3457201868490256,0.0008206916946686782,0.009527729332226937
ENSG00000185338.9,533.9642248877253,1.5186826953824373,0.45434401019379295,3.3425832877925874,0.0008300244233080199,0.009631686599580216
ENSG00000288048.1,20.761873703887424,-2.4531269516980463,0.7339631368627402,-3.3423026695641944,0.0008308640828937466,0.009637039642707932
ENSG00000258376.3,87.28179447489559,-1.608939253645915,0.4814377831085979,-3.3419463741652087,0.0008319313173695134,0.009645026210613963
ENSG00000211955.2,2333.217892998681,2.6526162271934735,0.7940262165147475,3.340716177907466,0.0008356259862405682,0.009683452909705874
ENSG00000181656.8,107.82973058766822,-2.6454050870763277,0.7919518811081819,-3.3403608857833635,0.00083669587020197,0.009691441796232094
ENSG00000113088.7,292.5991715049639,2.4592164618076557,0.7363021769922613,3.339955440378255,0.0008379183319699378,0.009701189924366494
ENSG00000291111.2,12.253891584370933,2.7054272652304165,0.8101305432784789,3.3394954525254055,0.0008393072510304701,0.009704037671809853
ENSG00000143924.21,3502.930523049365,1.090880641395198,0.326656962481376,3.3395297412569107,0.0008392036436562444,0.009704037671809853
ENSG00000173692.16,4281.1837050873155,1.1287292649062457,0.3379792100178604,3.3396411123826177,0.0008388672047354933,0.009704037671809853
ENSG00000211747.3,126.73454240462014,2.034863589223887,0.6094024740585542,3.3391127798873494,0.0008404643460976497,0.009713006968898928
ENSG00000203875.14,268.99900423440465,-1.2802203432436687,0.38343189635462244,-3.338846755877708,0.0008412695999543279,0.009717903846003031
ENSG00000237949.4,23.845113087252304,-2.911266611603194,0.8722449340404569,-3.3376709889474263,0.0008448372210086173,0.00975469123132842
ENSG00000005022.8,5732.280851678783,1.0568874536394264,0.3167114902600703,3.3370669714936914,0.0008466754379364707,0.009771486216438535
ENSG00000135111.17,3919.241745451212,-1.4770997412798528,0.44266959167929304,-3.336799656096522,0.0008474901471124106,0.00977645902948379
ENSG00000168374.13,7619.116085888563,1.0264122257199766,0.3077193803331246,3.3355462519417007,0.0008513199095461405,0.009816192583091781
ENSG00000143870.15,8107.98274822519,1.4789515753090046,0.4434244109925559,3.3352957993416217,0.0008520870860713039,0.009820592836797367
ENSG00000167874.9,153.15215292296045,-1.7945346604283345,0.5380670041168025,-3.335150913730403,0.0008525311866472301,0.00982126723432456
ENSG00000019144.22,3860.4606067311443,-1.0784596943601696,0.32338466124719306,-3.33491294918222,0.0008532610568133303,0.009825231635665612
ENSG00000140368.15,612.9131790491218,2.036656500482771,0.610747538760892,3.334694568912742,0.0008539313691576732,0.009828506960603296
ENSG00000065675.18,221.696894991506,1.8538839107736846,0.5559850771243074,3.3344130751897723,0.0008547961269963864,0.009834016328240722
ENSG00000213398.9,357.4272008543154,-1.1997505152907137,0.3598563128815292,-3.3339710110509913,0.0008561558016168194,0.009845211929111515
ENSG00000198734.14,100.5725130488604,3.0043004289957977,0.9014567043962936,3.3327173832577803,0.000860022551778015,0.00987393800416529
ENSG00000171631.18,683.548334602706,2.1033995236795087,0.6311390900370334,3.3327036098430973,0.0008600651249615853,0.00987393800416529
ENSG00000115758.16,4150.65969490601,2.5877335040219265,0.7764772424714271,3.3326585281308487,0.0008602044847568914,0.00987393800416529
ENSG00000198914.5,119.61730091989736,-3.2249492457159326,0.9677549425158999,-3.332402764414657,0.0008609955162128846,0.009878566123179453
ENSG00000232485.5,58.166015888814854,-1.2961995545269247,0.38905582149919815,-3.3316544385124858,0.0008633138301350258,0.00990070534325495
ENSG00000148225.19,374.7526818269416,-1.1929018465407566,0.3580940426032908,-3.331252979995245,0.0008645599330525898,0.009909985323411745
ENSG00000126785.15,1271.9879129677179,-1.5162019497101615,0.45516344540996057,-3.331115371851831,0.000864987444058506,0.009909985323411745
ENSG00000171700.16,1272.1571965539886,1.1789326387353254,0.35392563370181485,3.3310179497441696,0.000865290226503385,0.009909985323411745
ENSG00000123843.15,39.33335919247484,-2.5745703312861257,0.7731402737045515,-3.3300170989022546,0.0008684065107260884,0.009936739548384636
ENSG00000167371.23,89.2763497968406,-1.8670445598917766,0.5607497945114491,-3.3295501454769703,0.0008698639905186159,0.009948947329366712
ENSG00000110848.8,613.5653344263189,2.3486003639887425,0.7054205346165323,3.3293620595627336,0.0008704516947543873,0.00995120068091966
ENSG00000129667.15,1280.0222967609348,1.1813657640833504,0.3548755127711826,3.3289582447044572,0.0008717147221801617,0.009956702102534036
ENSG00000185245.10,62.04502844580852,1.9258903985776243,0.5785225672705752,3.328980592172621,0.0008716447807440085,0.009956702102534036
ENSG00000301157.1,15.686046647656244,-2.9522473191757035,0.8868823753842636,-3.3287924093615793,0.0008722339038458448,0.009958166635973783
ENSG00000229847.10,168.1546745773015,-2.1675108394025187,0.6513700655520267,-3.3276181298960745,0.0008759184379436493,0.00999575203085246
ENSG00000068976.16,133.9653966589577,-1.5854108775747755,0.47651794662704494,-3.3270748537318466,0.0008776279521038447,0.010006294345585063
ENSG00000168874.16,732.7002713611622,-2.7086725476370814,0.8141161225389413,-3.3271329146383763,0.0008774451057192626,0.010006294345585063
ENSG00000257108.3,90.41297134430872,-1.5804487596987868,0.47510938783874374,-3.326494487697231,0.000879457592906061,0.01002266861248782
ENSG00000246705.5,371.58505794988326,-1.3308490263988597,0.4001377345605544,-3.3259773109388093,0.0008810910045149866,0.01003679292307747
ENSG00000076344.18,268.50639734431417,-1.6619376731858273,0.4998196697929878,-3.3250745691424237,0.0008839488961794879,0.01006484681921669
ENSG00000226806.2,7.3983578459526935,6.445628834294483,1.9387979132621158,3.324549087970401,0.0008856164141511612,0.010077589379682787
ENSG00000197256.13,4613.155819965712,-1.1882334507892316,0.35743278232716347,-3.324354982363157,0.0008862331098165435,0.010077589379682787
ENSG00000251191.9,83.06759511059909,3.5475652998918723,1.0671621366865973,3.324298321627688,0.0008864132024876373,0.010077589379682787
ENSG00000134955.14,940.2730814399192,1.36389236113507,0.4102889899829008,3.324223643417562,0.000886650614419109,0.010077589379682787
ENSG00000161281.12,208.03296060498832,-1.7095425402328992,0.5144585816177217,-3.3229935340124377,0.0008905697873594788,0.010117619560139736
ENSG00000146216.14,36.23409467919918,2.5879255402654624,0.7789124010696835,3.322485990352001,0.0008921915145189958,0.010131524773211477
ENSG00000187688.16,671.9639508148713,1.4045871771971468,0.42277678689395715,3.322290203102972,0.0008928178343891514,0.010134119010573117
ENSG00000275004.5,51.31281332820526,2.517288019392735,0.7577417047947107,3.3220924801476057,0.0008934507601431847,0.01013678588490292
ENSG00000137563.15,1379.259438237768,1.6720241029943006,0.503458349027497,3.321077316969831,0.0008967069267103888,0.010164673845233785
ENSG00000184226.16,180.1541720520138,-1.997083296204195,0.6013220539743893,-3.321154251710269,0.0008964597715206081,0.010164673845233785
ENSG00000116663.13,313.827110343011,1.2892535043764821,0.38828024119580695,3.320420066717536,0.0008988209390787509,0.010184105044161416
ENSG00000010671.20,671.8507924832082,1.8908863572160002,0.569578972852191,3.319796634604164,0.0009008304451554449,0.010202335379526162
ENSG00000137960.8,205.83342431853936,-1.720275826655915,0.5182265733926351,-3.319543834647294,0.0009016464801270092,0.010207038886806689
ENSG00000150750.9,13.343396922386354,-4.693589415376122,1.4141528122487546,-3.3190114779126874,0.0009033671617492107,0.010221974667665102
ENSG00000126882.15,986.4613912281127,1.719941622955562,0.5183043357840312,3.3184009937980394,0.0009053441123084117,0.01023525072552488
ENSG00000231711.3,217.09375477942044,-1.6043546372268493,0.4835001974979166,-3.318208856023813,0.000905967147399498,0.010237750315622277
ENSG00000249740.5,81.13743623181483,-1.4824258198119329,0.44680733480686646,-3.3178188993981377,0.0009072328611353789,0.010245503550780377
ENSG00000089692.11,433.3448689028385,2.5859102642512215,0.779416930649809,3.317749669737502,0.0009074577366636775,0.010245503550780377
ENSG00000187862.13,52.93206389892538,2.9390246353156018,0.8859793805548803,3.3172607622932704,0.0009090473034438788,0.010258902909179902
ENSG00000185950.10,2102.499007685149,-1.3779288171579278,0.41550920089754523,-3.3162414073658324,0.0009123697967042361,0.010287282466513323
ENSG00000131042.17,532.9773664934268,1.7532249137944986,0.5286748713747919,3.316262997776549,0.0009122993082547857,0.010287282466513323
ENSG00000259920.1,18.474439236603367,-2.445341679930799,0.7374574823789098,-3.3159086976005057,0.0009134566670794047,0.010292088928314225
ENSG00000105376.7,158.57462396454332,-1.8072318369656655,0.5450259956568186,-3.3158635576414013,0.0009136042191872508,0.010292088928314225
ENSG00000269994.4,6.6055125300891655,-4.492496002629437,1.354927683851017,-3.3156721618239637,0.0009142300933407167,0.01029458651966463
ENSG00000224424.9,49.39121798317463,-1.2641658624809293,0.381328233128186,-3.315164607955928,0.0009158917449787123,0.010308740007226152
ENSG00000123388.4,190.88337244568,3.5874213899585254,1.0827699451522188,3.313188924406463,0.0009223865080498557,0.010377255630096234
ENSG00000287636.4,10.31796970270292,5.569745240869577,1.6812239987479345,3.3129108584088485,0.000923304026468007,0.010382991990360533
ENSG00000109424.6,8.615093201040787,-6.4516218128279705,1.947510669694782,-3.3127529996223757,0.0009238252802968717,0.010384269070803892
ENSG00000275743.1,10.123651883244841,3.2621608699610674,0.9849892703887783,3.31187452293108,0.0009267310174644084,0.010412336014925428
ENSG00000241106.10,172.48095338481647,1.9775244364284026,0.5973752093205154,3.3103557120787426,0.0009317747728357738,0.010450565935226771
ENSG00000248360.7,218.17950877657907,-2.3140867402199796,0.6991088989453964,-3.3100519013715495,0.0009327867326880128,0.010455810463869295
ENSG00000123643.16,795.2540062649609,1.4060314026625857,0.42478689212590853,3.3099689014081735,0.0009330633734197679,0.010455810463869295
ENSG00000123338.15,2488.0954284223967,1.7937407252512123,0.5419782171090545,3.309617745929231,0.0009342346237788368,0.010464331619292328
ENSG00000160211.22,2464.5078988870287,1.8677803614021609,0.5643913786146805,3.309370823464201,0.0009350590289502922,0.01046896198962325
ENSG00000172247.6,125.59102630568546,-1.9211197200369146,0.5805757873432393,-3.3089904228147544,0.000936330399570476,0.010469787828914457
ENSG00000281103.5,299.74393435592424,2.012264209597799,0.6081268050637038,3.30895496275157,0.0009364489953462565,0.010469787828914457
ENSG00000230749.6,8.811847701543364,-3.374479217550292,1.0198323173359052,-3.3088569171502633,0.0009367769801773017,0.010469787828914457
ENSG00000054356.16,8.187269354808809,4.081789302413407,1.233796273984153,3.308317092928612,0.0009385847218186546,0.010485390986597785
ENSG00000179277.9,295.20218504244707,-1.156654766089889,0.3497180817663352,-3.307391943384586,0.0009416903426433084,0.010515458424808938
ENSG00000005884.20,3457.252233804444,-1.286077238573391,0.388863747308262,-3.3072695705775974,0.0009421018462335203,0.010515458424808938
ENSG00000160200.20,165.21693582348854,2.632084821789741,0.795964615835636,3.30678621816181,0.0009437288465518946,0.010529004577539774
ENSG00000145850.10,41.744880485502016,3.914805516304062,1.1839739285468691,3.3064963863763737,0.0009447056899148077,0.01053528836594574
ENSG00000246090.10,160.0733520797038,-1.4138781801927682,0.427675866789348,-3.3059573616043547,0.0009465248997048453,0.010541729654736386
ENSG00000185164.18,1458.1660633713389,1.0301859452434052,0.3116064923538315,3.306047757418422,0.0009462195873307882,0.010541729654736386
ENSG00000175592.11,114.45545365459277,2.510302372285084,0.7593142759076573,3.306012348160263,0.0009463391714305756,0.010541729654736386
ENSG00000127920.7,2831.1956194621,-1.4135212229281509,0.42759456174262395,-3.3057511703784765,0.0009472216532462548,0.010543114674087382
ENSG00000308132.1,45.95764021903831,-2.309511237112211,0.6986502945871483,-3.305675607675746,0.0009474771107921173,0.010543114674087382
ENSG00000186260.19,2991.5248342605582,-1.0115246143655725,0.3060183926442869,-3.305437315793499,0.0009482831307527272,0.010547475818079789
ENSG00000169302.17,85.04437527754078,-2.6463132590398737,0.8006548548825095,-3.3051860522699283,0.0009491337150919712,0.010552328615062242
ENSG00000279587.1,10.169683429227105,-3.188537696742064,0.964922372918003,-3.3044499601555195,0.00095162962438922,0.010575461676622086
ENSG00000032389.15,824.4648932499379,1.2121172009490446,0.3668460274038713,3.3041579038679085,0.0009526215997544279,0.010581868629457059
ENSG00000115232.15,968.7912947648617,1.785956223297645,0.5406915437168884,3.3030962737467733,0.0009562355231592353,0.010617382306185214
ENSG00000141759.16,3452.726736721787,1.0275590512051695,0.3111755668256018,3.302184235374317,0.0009593503536369063,0.010647325863828166
ENSG00000274270.2,10.899928148759347,3.2324499320131843,0.9789236807747583,3.3020448840862624,0.00095982709858542,0.010647977364141652
ENSG00000255733.7,41.75977599934352,2.6274924136231395,0.7957493114802017,3.3019097543869025,0.0009602896102968867,0.010648470467510667
ENSG00000235419.6,7.868728687825718,4.977743515091483,1.507610581290956,3.3017435515934612,0.0009608587597190584,0.01065014511262147
ENSG00000276070.6,531.6685333103756,2.208063102842786,0.6687827566571857,3.3016148829546257,0.0009612995906893681,0.010650396639603694
ENSG00000106236.6,33.26468892643227,2.9783221180921333,0.9021798494525228,3.3012509865959574,0.0009625473483747333,0.010659584134979493
ENSG00000082074.21,2373.884899633053,2.0055918312209995,0.607633014271447,3.3006630385705873,0.0009645665228296604,0.010677302869619416
ENSG00000186615.13,160.38661515769104,-1.2507040866671473,0.37894364525110724,-3.3005015451264987,0.0009651218218546488,0.010678808829044205
ENSG00000170477.13,36.65330735161037,4.600108840600942,1.3941441160055883,3.299593483764703,0.0009682497290203194,0.010708766325608576
ENSG00000147443.15,944.2558451395332,1.7775286735359388,0.538791299748212,3.299104262386222,0.0009699387893503523,0.010722791190773795
ENSG00000105877.20,92.04281017839094,2.61309877581042,0.7923346838281681,3.297973481591419,0.0009738533123024293,0.01075345794911209
ENSG00000254080.2,17.727020659022976,-5.119369049721069,1.5522943033345091,-3.297937149369206,0.0009739793289859682,0.01075345794911209
ENSG00000165478.10,60.275941291945706,-3.184607656047671,0.9655930047408778,-3.298084845697777,0.0009734671449543159,0.01075345794911209
ENSG00000179603.20,15.452076216742384,2.370762258432873,0.7189871880915768,3.297363705083033,0.0009759702958804684,0.010770770973297839
ENSG00000130816.19,4192.649867658396,1.242980465100275,0.37698462010548994,3.2971649208194678,0.0009766613430622227,0.01077321900674702
ENSG00000140548.12,1438.3845600001857,1.0629080014809695,0.32238087637956775,3.2970566164399693,0.0009770380395581492,0.01077321900674702
ENSG00000203585.5,14.88845193269545,2.830724524818592,0.8587967674107988,3.2961518163988814,0.0009801903109643106,0.010803300480559046
ENSG00000165409.19,55.12717266333935,2.464640450730421,0.7478366099715822,3.2956937623367724,0.000981789733155525,0.010816248396714696
ENSG00000211964.3,727.5534336724838,2.151126503416483,0.6527549393853076,3.2954580250931165,0.0009826138163788376,0.010820647002587709
ENSG00000168970.22,239.3309875793971,-1.185633420618123,0.35986602708396037,-3.2946522633032616,0.0009854354128946289,0.01084702912784749
ENSG00000251151.3,30.640304288788478,3.875754247381097,1.1771128701950577,3.2925935528500774,0.000992678659473055,0.01092203807146358
ENSG00000153283.16,862.0112043529696,2.2216421737282426,0.6748958293541828,3.2918297566813575,0.0009953784685420542,0.010947014236716176
ENSG00000115919.17,2212.887796232136,2.685832035025361,0.8159547268359937,3.291643453602066,0.0009960380291105012,0.010949540198305385
ENSG00000257924.2,15.612250043977886,4.98084488419188,1.5134290564534267,3.291099019774342,0.0009979677837526609,0.010966021320088018
ENSG00000197471.14,1100.5044586856343,1.9103418993521923,0.5805178464666736,3.2907548165478513,0.0009991896030351725,0.010974712539417368
ENSG00000092470.14,361.2574611679969,1.3425281387314638,0.40806987366496633,3.2899467110226,0.001002063582064401,0.010996795130875639
ENSG00000104856.16,1423.1652220663054,1.1563275693784365,0.35152008964944864,3.2895063566113034,0.0010036328955854079,0.01100927367935225
ENSG00000160683.6,17.967365154384307,5.18671688011788,1.5772271511330314,3.288503419683019,0.00100721560876446,0.0110358568077826
ENSG00000103811.20,5675.781483232936,1.1430872433365704,0.3476052004196727,3.2884641597895885,0.0010073560943070373,0.0110358568077826
ENSG00000152253.11,167.39455665092908,2.2742369646554024,0.6918148668294593,3.2873490780533188,0.0010113538262079157,0.011070130342647968
ENSG00000102109.11,708.2210034573384,2.359436096224435,0.7180739560603128,3.2857842514848987,0.0010169887279165865,0.011122249844896254
ENSG00000073712.17,2505.388122094407,-1.04394423613348,0.31774471022620265,-3.2854810876010982,0.0010180837682482967,0.011129447064829342
ENSG00000142634.15,3993.1962758724053,1.178367506077181,0.35868678180887964,3.285227016547977,0.0010190023237171594,0.011134709647104148
ENSG00000304915.1,6.2937938230450445,4.2376791944546,1.2899708606020561,3.285096837363277,0.0010194732640176098,0.011135078691163182
ENSG00000147138.5,699.3300784547185,1.9976836553485164,0.6082727440819399,3.284190644385359,0.0010227571222232684,0.011161373890380836
ENSG00000165799.5,23.249475762798582,-3.287651307459971,1.0013950400679692,-3.283071291462382,0.00102682694331744,0.011200988896461891
ENSG00000177272.10,1213.069538419013,2.048659173407023,0.6241614147675583,3.282258603201156,0.0010297911573977437,0.011223710128403052
ENSG00000196843.20,4366.852923702709,-1.3638726461017021,0.41558969051033967,-3.2817768997755485,0.0010315518673442176,0.011238091365750456
ENSG00000196167.11,174.17129147137447,-1.7739185141456915,0.5407773622323145,-3.2803120804151322,0.0010369231689175249,0.011291778553013372
ENSG00000223985.3,10.798103685928346,-6.763289416073626,2.062692920839459,-3.278863929644532,0.0010422587801544776,0.011345031362955
ENSG00000166523.9,105.27288201354753,3.000796962505947,0.9152692562155915,3.27859473278223,0.0010432534132134245,0.011346160413304497
ENSG00000166770.13,472.6839178630213,-1.2928445519584832,0.3943496973130504,-3.2784215653452673,0.001043893699287314,0.011348278452644973
ENSG00000211787.1,33.56564886971022,2.342525860848671,0.7145612080835915,3.2782718042183947,0.0010444477337987717,0.011349457434978035
ENSG00000198010.14,27.94021325307329,-1.9430701475456682,0.592777506055614,-3.2779080307466506,0.0010457946306139715,0.011359247350263738
ENSG00000177679.17,203.47587865714576,-1.456607528657623,0.44438901198747355,-3.27777575359735,0.0010462847943722231,0.011359727194141047
ENSG00000164283.14,228.41481763389257,2.0599264422354806,0.6285814999633639,3.2771031956167036,0.001048780302583702,0.011381969785730497
ENSG00000247774.10,342.0443473875312,2.0423396177608106,0.6233327220050513,3.2764838835851458,0.0010510831125179862,0.011402103048954695
ENSG00000117091.12,567.6624832645265,2.152857720679789,0.6571032364785052,3.2762853706477095,0.00105182223977216,0.011405263631007532
ENSG00000117477.15,21.902246591422063,-1.946128030275712,0.5941529880610141,-3.2754662004255755,0.001054877362430972,0.011430800697791097
ENSG00000149599.18,127.24597068719463,-1.611412533676744,0.4919787390799202,-3.2753702663866044,0.0010552356881811827,0.011430800697791097
ENSG00000147576.19,105.24479907739011,-1.6555775204137215,0.5054746017891095,-3.275293188923565,0.001055523663821784,0.011430800697791097
ENSG00000185010.16,909.7758338572798,-1.5133017439122722,0.46219698410217325,-3.2741488931432357,0.0010598075257282258,0.01146744158361242
ENSG00000144057.18,128.34650450171102,1.1974566972052236,0.3657673184961687,3.273820914696529,0.0010610383302155676,0.011475884207609649
ENSG00000240143.1,9.57279418740152,3.1022969427309213,0.947747686574204,3.273336339067947,0.0010628592172146904,0.011484057104744644
ENSG00000181789.16,5721.464908426255,1.1034288894250415,0.33710396099776563,3.273259934885058,0.0010631465844681352,0.011484057104744644
ENSG00000104833.13,42.25615798542694,3.3958335563566884,1.037434851868903,3.273298125891194,0.001063002933551282,0.011484057104744644
ENSG00000277987.4,28.57329746824218,-2.834691064035029,0.8660543215817745,-3.2731100040673047,0.001063710705027256,0.011485279935459617
ENSG00000135119.16,180.5105177345638,2.4689078425463307,0.7544094780921117,3.272636299308109,0.0010654948577927508,0.011499669289338625
ENSG00000109101.9,14.515828629975035,-3.4055858847994833,1.0409901926683163,-3.2714870022647577,0.0010698350612479716,0.011536735328131705
ENSG00000167037.21,225.69900343475655,-1.7585838602003605,0.5376723419039044,-3.270735210171297,0.001072682969435321,0.01155343519375028
ENSG00000187994.15,600.4051118799728,1.0962040354429219,0.3351568986376405,3.2707189972780424,0.0010727444636339136,0.01155343519375028
ENSG00000158373.11,1059.9367960947843,1.5378011366491244,0.470271365295242,3.270029285503434,0.0010753635069892667,0.011576747204785973
ENSG00000146192.18,963.5372753837006,1.7768033139724897,0.5434231636842924,3.2696495709276436,0.0010768079208644612,0.011587399472893405
ENSG00000153253.21,193.26038262978807,-2.920021809771604,0.8931447394817444,-3.269371335564238,0.0010778674522943555,0.011593902819843552
ENSG00000104774.16,3150.9707587197054,1.112659516462364,0.3404214438600078,3.268476579636168,0.0010812812590701986,0.01162080799568651
ENSG00000280294.1,6.7333341532171715,-3.5917749694877807,1.0988929757848271,-3.26853938339404,0.0010810413148151516,0.01162080799568651
ENSG00000149527.19,794.5585871308347,-1.5345669721468338,0.46960233869222257,-3.2678009577643716,0.0010838656164572267,0.01164366980884944
ENSG00000125675.22,137.64173194512927,-2.0078865996877204,0.6147062030547648,-3.2664166876950085,0.0010891785154923848,0.011695811959572738
ENSG00000186994.14,1066.4006168982125,-1.7279746465290327,0.5290700679514688,-3.266060114153989,0.0010905509587586435,0.011705614610426214
ENSG00000159339.14,10.596964442826874,5.41568628904992,1.6593457705264156,3.263747909112295,0.0010994894660738986,0.011785671966315485
ENSG00000183654.10,14.459216417680297,-7.189062350034834,2.202765973098676,-3.2636523524656735,0.0010998603220891173,0.011785671966315485
ENSG00000136122.20,200.43975232939147,1.4428789545575809,0.44209992551541166,3.263694181525669,0.0010996979689809256,0.011785671966315485
ENSG00000292223.1,33.36048648233645,-3.463757467158625,1.061224328962716,-3.2639258002539795,0.0010987993773106473,0.011785671966315485
ENSG00000112799.11,357.7382854353152,1.3907365997838754,0.4262731693414186,3.262547820995932,0.0011041554209142736,0.011826721079103222
ENSG00000106952.10,313.46828650872226,1.7808375334465463,0.5460081625845277,3.2615584445055883,0.0011080158898309864,0.011863082274016418
ENSG00000205057.7,7.948246843495801,5.01676316738506,1.5390878575364788,3.259569064117676,0.0011158161005140287,0.011941576426971775
ENSG00000248752.4,7.167674840265013,-5.424809213356089,1.6645104967464857,-3.259101834418962,0.0011176554205293118,0.01195623738609916
ENSG00000166265.14,1528.187026444942,-1.3417186378384893,0.41171598036369483,-3.25884517927447,0.001118666974616222,0.011962034639147688
ENSG00000133805.18,772.5881479707032,1.135091919514786,0.3484292239044887,3.2577402859466713,0.0011230313603070444,0.012003664195711595
ENSG00000161653.13,176.1704173287519,-1.3359189742708975,0.4101653760673539,-3.2570252201188334,0.0011258642924199518,0.012028896557142867
ENSG00000204071.11,8.41818959265631,-3.4787721937526963,1.068446486607834,-3.2559161711479856,0.0011302711707972695,0.012070916977516668
ENSG00000101605.16,286.26975321146546,-1.8938459174124567,0.5817638926660581,-3.255351425702102,0.0011325213461586248,0.012084814079600475
ENSG00000157152.18,167.09040420140795,-2.5242728508347825,0.7760454207689267,-3.252738542460137,0.0011429861391726672,0.012191373513763402
ENSG00000131142.16,7.396109596533586,3.9244336688563966,1.2067486517399018,3.2520721387988383,0.0011456694036979832,0.012214878770025672
ENSG00000197576.16,105.89660590469092,-1.978740379761785,0.6085330194560692,-3.2516565518999467,0.0011473457047166593,0.012219735615070757
ENSG00000226819.2,14.3977855761824,-3.319656267715513,1.0211132539300978,-3.2510167260474776,0.0011499309228132552,0.01223470782580469
ENSG00000263612.1,8.514830279846237,-3.542477791674543,1.089635432615289,-3.2510669951068527,0.0011497276158230346,0.01223470782580469
ENSG00000135763.12,820.5798803991088,1.5814520828360739,0.4865200954341628,3.2505380511051882,0.0011518685297489787,0.012250205979639347
ENSG00000291140.2,126.94714556773579,-1.0499648699987638,0.32304530029423345,-3.2502093949128605,0.0011532006291797114,0.01225925426787831
ENSG00000107593.17,24.688101542946338,2.868584142810759,0.8829375393910609,3.2489094809460104,0.0011584833665885795,0.012305141714085782
ENSG00000304406.1,48.67580745898696,-1.6113853847004636,0.49596212117009014,-3.249008978546245,0.0011580782279128827,0.012305141714085782
ENSG00000107736.24,434.054757856205,-1.0944825543956407,0.3370005945278635,-3.2477169837905073,0.0011633492321846564,0.012342009997825953
ENSG00000129038.18,1878.9818175317332,1.2999121441885,0.40025590508025255,3.247702601484077,0.0011634080328522679,0.012342009997825953
ENSG00000226237.5,151.45424056639146,-1.6135371196093204,0.49694549719090336,-3.2469096283801813,0.0011666542803057827,0.012371295242992752
ENSG00000259070.10,94.37159173002894,-2.0715958957628926,0.638104919960428,-3.2464816223190422,0.0011684099139373232,0.012374456930518736
ENSG00000250049.8,12.045368601456367,-4.373983895343652,1.347266734879284,-3.2465611909697776,0.0011680833474752284,0.012374456930518736
ENSG00000047644.21,3382.548156736864,1.0399702822957475,0.3203183207183145,3.2466774924506723,0.001167606173501316,0.012374456930518736
ENSG00000239911.5,188.02526808322312,-1.7079289291673618,0.5262295184665021,-3.24559696716459,0.0011720464126256701,0.012399901090031775
ENSG00000131386.22,907.2934821403755,-1.7963130539844758,0.553438353148631,-3.245732869369932,0.0011714870885194781,0.012399901090031775
ENSG00000102683.10,51.4637358335404,-3.491616383881321,1.0760260593770261,-3.2449180514297398,0.0011748442806229576,0.012418551144831421
ENSG00000251634.2,28.2323047596728,-1.8047389347016738,0.5561808947326435,-3.2448776140885114,0.0011750111208450288,0.012418551144831421
ENSG00000281016.2,17.08852324879685,-1.7209290736930858,0.5304509606531189,-3.244275534111934,0.0011774978307329549,0.012439671193114513
ENSG00000178409.16,298.82885014078545,1.4394468873246902,0.443764396716234,3.243718734482314,0.0011798018509338376,0.012458844504616822
ENSG00000111981.7,32.12621315503359,2.522536112451435,0.7778883060454752,3.242799888939284,0.0011836131173943584,0.012488736418041302
ENSG00000185133.16,322.2567797348314,-1.8671621853570661,0.5759758818303323,-3.2417367536703283,0.0011880370754539782,0.0125250382238776
ENSG00000277270.3,9.401440726650897,-4.003058471202673,1.2348351550136758,-3.2417755964830297,0.0011878751727704036,0.0125250382238776
ENSG00000189233.14,259.57369095037234,2.199690942287523,0.6786713255286866,3.2411726553703426,0.0011903906211544134,0.012544658465628493
ENSG00000100450.15,465.85803042049105,2.0445278352528984,0.63088955876648,3.24070640707761,0.0011923391653359196,0.012559996228400002
ENSG00000128626.14,1420.7168673067274,1.0150842379927212,0.3133617588942129,3.239336674566603,0.0011980806070566446,0.012610045926586691
ENSG00000103599.22,85.1837456800228,-1.372917027482844,0.4238151077977137,-3.239424461805961,0.0011977118688780487,0.012610045926586691
ENSG00000128805.17,433.3946239145907,1.7159521774295603,0.5298913176343679,3.2383096690283764,0.001202402199251033,0.012650304178902545
ENSG00000236790.8,79.99338154436087,1.5696862516717247,0.48520838656759857,3.2350765055315844,0.001216101407673925,0.012783870802667166
ENSG00000130204.15,2875.116533195476,1.351802243790418,0.41789285997354503,3.234805791790735,0.0012172549627153468,0.012790718298400412
ENSG00000146151.16,65.04036710806976,-2.991986915810633,0.9250774831218526,-3.234309525850305,0.0012193722571712355,0.012807682788622078
ENSG00000293264.2,8.41635216804634,2.8911460374021702,0.8940214258467316,3.233866609700045,0.0012212648095532351,0.012822273686780895
ENSG00000274565.2,72.18672106303774,-1.5798564123429697,0.4886242017070305,-3.2332749929775697,0.00122379698227774,0.012843565280426992
ENSG00000267147.4,9.515969940665022,3.9513385537115453,1.2221883239044686,3.2330030294254377,0.0012249626368588376,0.012850503839963532
ENSG00000020181.20,5570.253561120497,-1.2905283559270702,0.3992411610393784,-3.2324531683239477,0.0012273225126560958,0.012866173157102189
ENSG00000237928.7,20.75812421464218,-1.8857639280996876,0.5833908156708535,-3.2324196361082707,0.0012274665608636613,0.012866173157102189
ENSG00000165025.17,2397.426976582933,1.4000611208878595,0.43375158588301177,3.227794817251627,0.0012474841869496275,0.013049145677944133
ENSG00000101188.6,52.11390170558693,2.6168264308881617,0.8109815538086402,3.2267397681225556,0.0012520927891812484,0.013091976778832339
ENSG00000299712.1,11.494781917041022,-2.996248019355254,0.9288638622402009,-3.2257127671314603,0.0012565939677688367,0.013133649960213394
ENSG00000108759.4,32.658818930307696,-2.839839859812228,0.8806406114161759,-3.224743241451725,0.0012608569464535447,0.013172800362230614
ENSG00000305219.1,9.748225800441022,6.820611314025832,2.1155912984915166,3.223973987267363,0.001264248832409073,0.01320282165243604
ENSG00000250934.4,10.555601566030434,-3.6210472174333863,1.1235377973600262,-3.2228975526606685,0.0012690093175714797,0.013247105052402935
ENSG00000254670.2,22.24589449995157,-3.724029562193585,1.1555988666266606,-3.222597105052983,0.0012703409850472564,0.013255573629716784
ENSG00000197748.15,109.85926156094924,-2.083248498529091,0.6464842467522874,-3.222427319760085,0.0012710940911419772,0.013258000653348607
ENSG00000143590.16,318.59126397243335,1.4490294803753656,0.4498396051811857,3.2212136585699866,0.0012764894679377257,0.013303381030213507
ENSG00000174255.8,12.189003457869076,4.195963310842069,1.302802477160655,3.2207210105915727,0.0012786855795249388,0.013311611461230327
ENSG00000234884.3,9.974358762181048,-2.496640245957017,0.7751755727189613,-3.2207416407613896,0.001278593545039455,0.013311611461230327
ENSG00000115705.24,390.19728410900336,-2.104937388927774,0.6535682649224753,-3.2206848188650294,0.0012788470513772766,0.013311611461230327
ENSG00000110324.14,2489.7518877438215,1.740920619495478,0.5406456415371955,3.2200770444492814,0.0012815614920148497,0.013334416978394706
ENSG00000196730.15,2061.339278420216,2.1130040390181777,0.656319817029679,3.2194731656603732,0.001284263800556981,0.01335707769048055
ENSG00000124479.13,64.49093152736842,-2.134438392014513,0.6631666472564779,-3.218555095984833,0.0012883821657052677,0.013394441690889335
ENSG00000162981.16,2433.7931034063377,2.6766337502135955,0.8317147134465781,3.2182113733707784,0.0012899272034625107,0.013405032965888866
ENSG00000289302.2,5.236711344257009,-4.251175906985171,1.321109055817011,-3.2178841619976057,0.0012913996117259806,0.01341486113795777
ENSG00000070190.15,814.4727177740526,1.8650736167338746,0.5798408046633765,3.216527022130899,0.0012975231383675506,0.013472976704997914
ENSG00000274105.1,12.379236933471415,-2.739376354785818,0.8519617596213089,-3.2153747792664444,0.0013027431764908958,0.013521667256886557
ENSG00000005379.18,1334.1198256629038,-1.2239830891953891,0.38103966819685364,-3.2122195964202134,0.0013171365519365147,0.013656161135823788
ENSG00000140092.18,3936.4367122964304,-1.4240326859285,0.4433007837561973,-3.212339653140963,0.0013165861999538241,0.013656161135823788
ENSG00000095380.13,271.3669781302268,1.2187103581938474,0.37944604552573236,3.211814624409361,0.0013189945502040125,0.013666770039280856
ENSG00000106511.8,614.6558072276292,-1.9499168754073963,0.6071407702269433,-3.2116388340689697,0.0013198018230286838,0.013666770039280856
ENSG00000226005.7,53.06217503048785,-2.211035800540081,0.6884512832593535,-3.2116082202248424,0.0013199424559943037,0.013666770039280856
ENSG00000061656.13,304.7514665318766,1.931404961113462,0.6014770057021807,3.211103571380401,0.0013222626904319515,0.013685230795608384
ENSG00000197757.9,606.7154757119504,-1.0892422584994754,0.3393620020597524,-3.209676545660199,0.0013288441393037474,0.013747761605282594
ENSG00000289306.1,7.434960478485454,-2.7879815478720733,0.8686875957745738,-3.2094179327910655,0.0013300400932670861,0.013754547793587474
ENSG00000273983.2,55.210961000612805,3.2751974657006246,1.0208684856263348,3.208246225458893,0.0013354711012314984,0.013805107313095576
ENSG00000168995.15,84.38177664841444,1.625796422231562,0.5069413348187802,3.207070149078979,0.0013409429291641917,0.013856047605980174
ENSG00000131686.15,14.217863498818824,-3.457629057747353,1.0784742817481672,-3.2060375627526914,0.0013457641981795873,0.01388012828373215
ENSG00000036530.11,46.469068831829006,-1.4072446543232071,0.4389585913057263,-3.205871082593957,0.001346543009269449,0.01388012828373215
ENSG00000166250.15,1946.916192290159,-1.2149675425248077,0.3789489202651607,-3.2061512186778693,0.0013452327429317504,0.01388012828373215
ENSG00000147889.19,1237.6310868296866,2.44525794573288,0.7626793454969416,3.2061415589268574,0.0013452779044097062,0.01388012828373215
ENSG00000180535.6,404.3243787329466,2.1408895559519068,0.6677920788836661,3.2059223576457905,0.0013463030950711904,0.01388012828373215
ENSG00000101306.13,8.161616579519013,4.319353866843475,1.3474715049354404,3.2055252011065143,0.0013481624074711664,0.01388986512345805
ENSG00000167703.17,2363.957348318409,1.0360495964761607,0.3232966239349332,3.204640938918918,0.0013523106461009082,0.013922677634129438
ENSG00000184207.10,1120.4961330033102,1.0644494012614072,0.3322447899019138,3.2038106649487466,0.0013562163309660557,0.01395160992166252
ENSG00000276168.1,3983.423013921723,1.7247748191859948,0.5383422129381911,3.2038632262783784,0.0013559687694720869,0.01395160992166252
ENSG00000247675.9,12.991278067990068,-2.6848764289646696,0.838249691045395,-3.2029554649955387,0.0013602501464735927,0.013981812542707377
ENSG00000164070.14,475.48244040888454,-2.062972791917197,0.6441920960661935,-3.2024186644246218,0.0013627877831117918,0.013996599848242117
ENSG00000182759.4,11.56063739095551,4.539836280311594,1.4175821484242328,3.2025207747981455,0.001362304737009265,0.013996599848242117
ENSG00000309029.1,5.893295540939611,6.108950266914051,1.9077731444952846,3.202136629578261,0.001364122805745429,0.013999021750661493
ENSG00000171611.11,13.419693211573986,2.6209758821174542,0.8184814999453809,3.202242057141619,0.0013636236192575626,0.013999021750661493
ENSG00000110944.10,71.46493234583902,2.573047010281584,0.803581408389581,3.2019742908663154,0.0013648917890958542,0.013999892850274922
ENSG00000134516.22,1974.1388965977023,1.8004789453164496,0.5623588567260666,3.2016548219733827,0.0013664062512576442,0.013999892850274922
ENSG00000267078.1,14.882173406432091,-2.675353971564126,0.8355991711184276,-3.201719274066817,0.001366100587348689,0.013999892850274922
ENSG00000235029.1,13.604076396945832,3.9808294783236535,1.243413255161313,3.2015337312832526,0.0013669806941831548,0.014000146868330976
ENSG00000197361.9,127.52829475208276,-1.2114195689182643,0.3784181297603535,-3.201272543906493,0.0013682205011769132,0.014007212373584066
ENSG00000117425.16,361.2735685866342,-1.2053383725708988,0.37653556323113413,-3.20112757006968,0.0013689091120372295,0.014008631576014575
ENSG00000166793.13,107.66500310131374,-1.9097816330042277,0.5966549630850535,-3.2008141240115475,0.0013703990415102599,0.014018246580846517
ENSG00000146374.16,743.3272168527096,-1.9386453676236155,0.6057374759562111,-3.2004712347759057,0.0013720306386557077,0.014029302447691502
ENSG00000211786.3,32.098837477299895,3.4816722441697694,1.0882658391317077,3.1992846958677705,0.0013776904783008301,0.01407030655948719
ENSG00000211706.2,37.20975477757167,3.0476290666392285,0.952559758289742,3.199409842917409,0.0013770925075146125,0.01407030655948719
ENSG00000117148.10,6.47167652483178,4.87250105357211,1.5229977631774394,3.199283131845566,0.001377697952941033,0.01407030655948719
ENSG00000182158.18,6456.466806422598,1.27896641421935,0.39989815122097255,3.19823037519528,0.0013827376908254415,0.014110461427489913
ENSG00000232316.3,12.043296947961778,-2.5607125972849896,0.800653314844419,-3.198278892759697,0.0013825050551836034,0.014110461427489913
ENSG00000289927.2,9.201058203136869,3.509872057484957,1.0975621595018485,3.197879980736567,0.0013844188604876467,0.014121959469555806
ENSG00000160185.16,268.7470096026974,2.147729968196298,0.6717298140067037,3.19731225771507,0.001387146760159082,0.014143126668842277
ENSG00000286810.2,6.9959626094156935,-3.627579549435613,1.1346053256184967,-3.1972171005438783,0.0013876044735360547,0.014143126668842277
ENSG00000260719.2,76.64269424994875,2.536653646152998,0.7934951339711804,3.196810588437873,0.0013895613971580151,0.01415740733880472
ENSG00000132321.19,183.75855607719086,-1.8354865223423253,0.5743003819169435,-3.196039181126258,0.0013932819020322726,0.014189637475675336
ENSG00000211640.4,2364.3389740373573,2.3997375857500294,0.7509150462341114,3.195751100986552,0.0013946736695115327,0.014194974175361634
ENSG00000174871.12,111.11645764286996,2.8212280047610916,0.8828200312317034,3.195700035062568,0.001394920511991291,0.014194974175361634
ENSG00000131242.20,2421.800523912783,1.9021529289954144,0.5952587121311617,3.195506239942753,0.0013958576454950896,0.014198837894730601
ENSG00000228486.12,173.80693082027867,-1.111316289574958,0.3478451997673,-3.194858777175599,0.0013989927874889802,0.014223800346564985
ENSG00000302504.1,6.562987786557841,6.273142584917366,1.9636211881052625,3.1946806354083233,0.0013998565232406582,0.014223800346564985
ENSG00000120526.14,1083.866160635631,1.0329824717650844,0.32334724014096233,3.194653745350536,0.001399986944715104,0.014223800346564985
ENSG00000290722.2,6.086361633375036,-4.36106748554633,1.3656867792760494,-3.193314566505602,0.001406496387400781,0.014284238231054744
ENSG00000287338.2,35.114666640332686,-3.9373804338319984,1.233631448839569,-3.1916991395896606,0.0014143857408699268,0.01435863659055317
ENSG00000153044.12,242.31954729330187,1.2256474422808545,0.3840446540510454,3.191419095025203,0.0014157575530528495,0.014360115318869791
ENSG00000105519.19,654.7526049849719,1.7579363177255518,0.5508485555141402,3.191324185437436,0.0014162227506183862,0.014360115318869791
ENSG00000064547.16,802.5637765343248,1.219520271858483,0.38212203637721204,3.191441884431477,0.0014156458721825236,0.014360115318869791
ENSG00000155368.20,11144.78587874196,1.9911642720624618,0.6239683465876084,3.1911302599752824,0.0014171737108239035,0.014364039629285971
ENSG00000277619.1,11.592427461244421,6.336926184640482,1.9866716185857793,3.189719994666984,0.0014241070135883513,0.01442857189463361
ENSG00000211796.1,17.583719825226623,2.417798597223497,0.758129902674937,3.1891613675871273,0.001426862034320416,0.01444611415755513
ENSG00000274641.2,14.894972321858296,3.842635588281063,1.2049131959527746,3.189138936471297,0.0014269727619806332,0.01444611415755513
ENSG00000271858.5,8.466889157012305,-3.12441761510807,0.9797801709542289,-3.188896558362814,0.0014281697285670053,0.014452487547211042
ENSG00000289839.2,11.054985171172053,3.228364689201697,1.0124410943759994,3.1886938481013,0.0014291715090655086,0.014456881456476396
ENSG00000073849.18,5019.90495488365,1.4822584062249002,0.4651018540471074,3.1869544129462257,0.0014377943462894698,0.014538332590051243
ENSG00000255833.3,118.49965318313039,2.3507334153497323,0.7378555838678917,3.1858990658131496,0.0014430493274396282,0.014585678340958242
ENSG00000157796.20,1171.972488665528,-1.1372128502124113,0.3569864730309704,-3.185590872833303,0.001444587275844299,0.014595431377639882
ENSG00000170161.8,61.044593081330916,-1.2781717601329452,0.40131976848993245,-3.1849210043711302,0.0014479352736229726,0.014617661258204809
ENSG00000287647.2,23.799407395008053,-3.8527827665368366,1.2096629316602274,-3.185005232200514,0.001447513910798449,0.014617661258204809
ENSG00000166173.12,960.5663814513226,-1.1104026035648507,0.34874983415593414,-3.183951631840386,0.001452792855023693,0.01466089017841065
ENSG00000100426.10,1194.240438559916,1.2685866694519783,0.3985531442951542,3.182979955397136,0.0014576770508399448,0.014704353331463062
ENSG00000102962.7,383.7032622473026,2.774571654112744,0.8717887589021969,3.1826192134051294,0.0014594941931337752,0.014716855341769749
ENSG00000172602.12,560.6044583792357,2.4185029436241083,0.7599754810745948,3.182343383242284,0.0014608850227196774,0.014724938331870495
ENSG00000163710.11,1040.1563711100093,-2.4760860573323686,0.7780975206690981,-3.182231007757413,0.0014614520082826985,0.014724938331870495
ENSG00000303828.1,5.775065487104517,6.085063979087715,1.9123282332371634,3.1820185851604568,0.0014625243311792745,0.014729915871675485
ENSG00000139330.6,59.61595091409503,-2.104224915455051,0.6615602796184784,-3.1807002026611344,0.0014691958423473518,0.014791259802541262
ENSG00000293495.2,639.4334463655624,1.3778488624182326,0.4333163576159432,3.179775787830855,0.0014738904429485496,0.014826802319250595
ENSG00000127080.12,234.80149048563771,1.0764550213031467,0.3385215570894631,3.179871410725745,0.001473404186018807,0.014826802319250595
ENSG00000119508.19,145.87284880856217,1.7854775707092891,0.5615404528835385,3.1796063160557217,0.0014747525959397446,0.014829618385780194
ENSG00000187758.10,18.259837775298113,-2.247944658877027,0.7070296694591003,-3.179420547650815,0.0014756981885868789,0.014833270939817044
ENSG00000167766.24,264.4641310377322,-1.2698624726448968,0.39953451285413477,-3.1783548899779483,0.0014811333701948285,0.014882030797724844
ENSG00000097021.23,908.4451473418092,1.6229055453548935,0.5107879694441485,3.1772587500856324,0.0014867432601778472,0.01493250693217269
ENSG00000175166.19,7368.5068264108095,1.1288850275871407,0.35541918637471803,3.176207337318471,0.0014921426323477312,0.014974927103439346
ENSG00000149575.10,140.25687368453964,-3.0516399925876927,0.9608702817344796,-3.1759125561455983,0.001493659676161572,0.014984247976176212
ENSG00000174123.12,372.78566755321526,2.235467355548853,0.704032990420315,3.175230970659849,0.0014971727889958781,0.015013577995477957
ENSG00000154133.17,997.6035354203442,-1.295361999055492,0.40802996129368807,-3.1746737297144914,0.001500050644140372,0.01503219975784901
ENSG00000197181.14,42.28640357441982,-1.9401509979651348,0.6111760448997764,-3.174455239460981,0.0015011804211076927,0.015036007277245004
ENSG00000155629.17,1483.156656758658,1.7029443923366039,0.5364835619099306,3.174271335125285,0.0015021319675612894,0.015039623956664153
ENSG00000100298.17,66.22654431963808,2.3640045757382278,0.7447745421037167,3.174121082416131,0.0015029098082657909,0.015041499303079747
ENSG00000258604.1,7.876098585635359,-2.8354506865970577,0.8934875760782212,-3.173464032978144,0.0015063156376035956,0.015069664416889702
ENSG00000133433.13,197.94428031620643,-1.5329407145588942,0.4830768506663265,-3.173285394331047,0.0015072428433002343,0.015073020204829318
ENSG00000150628.8,15.272007354436056,-2.066267729110325,0.651498503975816,-3.171561740358234,0.0015162163437836683,0.015150861707537785
ENSG00000013293.7,12.251391274293999,-4.670937462954058,1.4729625692123025,-3.1711175562675287,0.0015185367684959002,0.015165926547357007
ENSG00000185947.17,914.4219933951711,1.1148801207226389,0.35159389438190536,3.1709314027838134,0.0015195102096052405,0.015165926547357007
ENSG00000128228.7,1339.4998710697132,1.0918512481825633,0.3443282503429129,3.170960405064644,0.0015193585119484259,0.015165926547357007
ENSG00000134463.17,1009.7952259021765,-1.6537560116059777,0.5216179802099112,-3.170435211877604,0.0015221077192751524,0.015185901182004469
ENSG00000187037.11,153.82296809514932,1.782953101168059,0.5624550992022468,3.1699474388211515,0.001524665148300399,0.015205460451197911
ENSG00000128573.30,163.44658548407142,-1.9404338738986007,0.6121632802262932,-3.1697978898396144,0.0015254500367110186,0.015207333810202096
ENSG00000015285.14,812.0543218019383,1.7497776419341942,0.5520493278957587,3.1696037899435643,0.0015264692998046552,0.015211541289250537
ENSG00000171551.14,364.8437773881453,2.918257721277639,0.9207432509726892,3.1694587152224476,0.001527231530059275,0.01521318510056308
ENSG00000148541.15,338.7153943596464,-1.6828471101287368,0.5309995388410329,-3.169206349598236,0.0015285583077937475,0.015214501234003338
ENSG00000147113.19,1922.5623055895526,-1.380294052563611,0.4355250266744499,-3.1692646071413146,0.0015282519325161518,0.015214501234003338
ENSG00000104427.15,648.6978741340444,-1.4055172457365739,0.4436525230477668,-3.1680587232572677,0.0015346051978823339,0.015268722263773798
ENSG00000289089.2,6.916749676264708,6.339551817302136,2.001560836563623,3.1673040866377997,0.001538593407667278,0.015299130764582931
ENSG00000196503.7,160.11371922692982,2.743772034501231,0.8662938740691436,3.1672531881279764,0.0015388627466083574,0.015299130764582931
ENSG00000181649.10,329.39850089706067,1.3399169950433794,0.4230781916973364,3.1670670371067846,0.0015398481692589705,0.015302954630977462
ENSG00000272666.2,23.65456512358066,2.9851323080528114,0.9428086002870611,3.1662124286349473,0.001544379649995824,0.015342002365461634
ENSG00000245954.11,79.38485492740641,2.401976155858475,0.7587819345445821,3.1655684545259124,0.001547802372133455,0.015370009442733423
ENSG00000100968.15,1644.7105285775945,-1.2874583475244463,0.40679526065111543,-3.1648804006805387,0.001551467096352081,0.01540039688666557
ENSG00000013297.14,791.6046935371123,-2.394995454355366,0.7567926735326127,-3.1646652222144667,0.001552614822760464,0.015402596340924016
ENSG00000110446.14,2194.7363272053403,1.3543657932190112,0.4279806519485468,3.1645491146684765,0.0015532344459585855,0.015402596340924016
ENSG00000140876.13,63.85072786510799,-1.3147617640002482,0.4154723480527748,-3.164498841288091,0.0015535028071074475,0.015402596340924016
ENSG00000145536.17,187.03496344576837,1.8826298103655335,0.5952365585227319,3.162826246825087,0.0015624555559794065,0.015485332866284616
ENSG00000302621.1,5.701790881998601,3.589780517213498,1.1354328440470443,3.161596510118887,0.0015690681378533907,0.015538800467948331
ENSG00000174099.14,2729.911781874139,-1.3880792652855012,0.43947892454895493,-3.1584660554772035,0.0015860177845244733,0.015694428511896993
ENSG00000286015.1,17.81220091279741,4.7499400805615135,1.5048835144875556,3.1563506642432504,0.0015975667007491659,0.01579030711477765
ENSG00000110328.8,1196.924239452611,1.4795225174908893,0.468828597719065,3.155785557214366,0.0016006649616417197,0.015814793342892257
ENSG00000172172.10,1537.0047451950481,1.1123537257625349,0.35251251860202765,3.1555013426866045,0.0016022252883353748,0.015820449318325748
ENSG00000196427.14,12.917583511313566,-3.8580440850635687,1.2226585526670426,-3.155455034153105,0.0016024796529889064,0.015820449318325748
ENSG00000155324.12,1822.6090624928286,-1.1150737427179098,0.3533952166348038,-3.155316456561492,0.001603241057470187,0.01582183377559982
ENSG00000185811.23,1707.939881948419,1.861850954536349,0.5904603346656591,3.1532193531519765,0.0016148041647415935,0.015923606999664393
ENSG00000141401.14,2161.552821528238,1.6080334204630267,0.510066415818836,3.152596153349103,0.0016182551587917726,0.015949995638825862
ENSG00000085117.15,4098.030928316848,1.0040193693404522,0.3184916985950134,3.1524192742528587,0.0016192358698932747,0.015949995638825862
ENSG00000272459.2,24.195943208039214,-1.958092636921799,0.6211440284743953,-3.1523971046314503,0.0016193588285502603,0.015949995638825862
ENSG00000254251.2,7.360572202405815,-6.208108774319682,1.969952251956313,-3.151400633266393,0.0016248944076219397,0.015997058762678148
ENSG00000266714.11,2911.7807038025285,-1.346781754487689,0.4273718934471532,-3.1513110130491664,0.001625393116792079,0.015997058762678148
ENSG00000224596.10,87.57115609507824,-1.3578933371390802,0.4309510433102801,-3.1509224962275164,0.001627556723866326,0.01601216582217041
ENSG00000111537.6,133.7445111942002,3.129078458901767,0.9931325985389966,3.150715688423654,0.0016287094942391508,0.016017320280990507
ENSG00000275155.1,11.050446369208904,-2.363237176144544,0.7502160158158311,-3.150075613321337,0.001632282109658521,0.01604006852434884
ENSG00000205090.10,66.74232022483842,-1.4998745816178807,0.4761781093583766,-3.149818423276278,0.001633719660483336,0.016048003652977653
ENSG00000063180.11,441.99620050797716,-1.8239569375711868,0.5792073134219041,-3.149057160199541,0.0016379815331532366,0.01608366523937783
ENSG00000130876.13,126.2527279830923,-3.6318440921009225,1.1535529144664622,-3.148398349615988,0.0016416780893713755,0.016113750525771988
ENSG00000167103.13,109.05672416473452,-1.3474643271925417,0.4281878362960835,-3.146900058741502,0.0016501135307756775,0.016190308837591403
ENSG00000232284.10,37.8034667737272,-2.380029272301779,0.7566038549190174,-3.1456742611449204,0.0016570444660786645,0.01624579661104298
ENSG00000142224.18,6.229396021872865,4.6524282635861285,1.4792318617643114,3.145164989913804,0.0016599318682012127,0.01626158639036657
ENSG00000249252.6,9.747490281128677,-2.7870829602600313,0.8862908486898048,-3.1446595261365378,0.0016628022600849786,0.01628344343199711
ENSG00000295453.1,60.82448416341745,-1.742511669456129,0.5541670562281775,-3.1443797495220505,0.0016643929984347116,0.016292757134177764
ENSG00000035720.10,126.56954341040476,2.6924199115026015,0.856295103182198,3.144266388417875,0.0016650379392064612,0.016292808816568485
ENSG00000167664.11,47.876635610263534,3.5554049326480017,1.1309278258071782,3.1437947245752826,0.001667723826653269,0.016312823958788563
ENSG00000255836.1,40.94942197208072,2.18033350609662,0.69361492800295,3.143435093552869,0.0016697744214895021,0.016320347002977402
ENSG00000168427.11,90.93708359050305,-2.1502930238165487,0.6840374450204206,-3.1435311611520853,0.0016692264227723711,0.016320347002977402
ENSG00000163918.14,732.5434146237136,1.6602263623949518,0.5282193112880685,3.143062600923226,0.0016719007978511194,0.01633486199542227
ENSG00000149177.16,1891.1100218601093,1.0340929195615693,0.32903368871284516,3.142817757071814,0.001673299847034736,0.016342262424778282
ENSG00000134352.23,12166.260510840748,-1.271585631779071,0.40463728099815205,-3.1425320688255574,0.0016749336445049795,0.016345683854094382
ENSG00000123983.17,13577.10247030628,2.275618659744037,0.7242774732560682,3.14191555553115,0.0016784643702089362,0.016373866707618468
ENSG00000295496.1,15.786159258404016,4.640886669809612,1.4777544876178454,3.1404991212652424,0.0016866021348599578,0.016442330886164012
ENSG00000283554.2,5.982220901133529,6.11645850928098,1.9476256068724922,3.140469342618072,0.0016867736094203826,0.016442330886164012
ENSG00000053438.12,157.7793249423236,-2.1268605851264666,0.6773801258337719,-3.1398331660654524,0.0016904407417313858,0.01646547462051248
ENSG00000269044.2,263.83797925422635,-1.0314207534089537,0.32851650196990606,-3.1396314864677253,0.001691604819793038,0.016470514665500178
ENSG00000188013.7,59.718556108329935,-1.4417853692660327,0.45933979330985786,-3.1388209562184493,0.0016962905741476203,0.01650982698284831
ENSG00000105559.15,2162.6875764423835,-1.169035076336263,0.3726121047669547,-3.1374049886742683,0.0017045050769440853,0.016583441105745913
ENSG00000204314.14,75.73160871866952,-1.3643241591872195,0.4349052798627526,-3.1370604643332287,0.0017065093047353521,0.016596601184006934
ENSG00000259725.2,353.94570014186087,-2.3315298947371463,0.7432846716673202,-3.1367926497220897,0.0017080687802455848,0.016605427443372248
ENSG00000120217.15,493.39780761837864,2.2345087379233304,0.7124834658949911,3.136225393127455,0.0017113762255972606,0.016613563510136497
ENSG00000233355.8,28.665099500731838,2.8171139169160555,0.8982886276358634,3.1360899272767155,0.0017121669433515882,0.016613563510136497
ENSG00000153823.21,732.6689688182161,-1.0001436323430606,0.31890990080207676,-3.136132273810383,0.0017119197294209725,0.016613563510136497
ENSG00000242125.3,134.81556594454196,1.2830252865259213,0.40907534929695677,3.136403326993299,0.0017103381312047613,0.016613563510136497
ENSG00000148935.14,52.38325014649725,-1.6857042731330838,0.5375516617988996,-3.1358925902897,0.001713319405826276,0.016618415303046866
ENSG00000175093.7,56.4866636429304,2.4513195551134297,0.7817993015913064,3.13548445249812,0.001715705224438075,0.01662514412063447
ENSG00000163462.20,163.82884246478858,1.2339729607710912,0.39355668235809627,3.1354389750859375,0.001715971257239528,0.01662514412063447
ENSG00000186665.12,668.1306809490603,-1.117744673828618,0.35647123992907,-3.1355816364064175,0.001715136847206341,0.01662514412063447
ENSG00000164400.7,5.92732062584297,4.561022558914063,1.4550431817424787,3.1346303780840623,0.0017207077092080683,0.016664694319862627
ENSG00000151572.20,23.463895821827276,-1.9471500834766196,0.6214076476945339,-3.133450466373697,0.0017276407559921624,0.016720478433112057
ENSG00000164879.9,122.47948653105077,-1.7288053566893418,0.5517299475057718,-3.1334267144729466,0.0017277805832496143,0.016720478433112057
ENSG00000242574.11,2345.0571662536054,1.6277823904985453,0.5195317697308842,3.133171993200207,0.0017292807798254563,0.01672726064364913
ENSG00000036672.18,46.64473451788783,-1.7538616890281598,0.5597875020487302,-3.1330847555712023,0.0017297948465066868,0.01672726064364913
ENSG00000304289.1,67.80374453396564,-1.3146704726722354,0.41980893254173,-3.131592423992917,0.0017386105263648586,0.016806128545365964
ENSG00000179889.23,6135.589742622913,1.1244398412762857,0.359080575561278,3.131441569955926,0.001739503964693854,0.01680838599571971
ENSG00000109107.16,785.3346178293164,-1.6369022060217224,0.5229042182172717,-3.1304054337185967,0.0017456519348494012,0.016861395689248805
ENSG00000146038.14,387.0810562095726,-2.787051886763428,0.8904822800725981,-3.1298229612566897,0.0017491168329904648,0.01688845900420778
ENSG00000144837.11,158.86837554694296,1.6605684744190174,0.5306552535147273,3.1292792513038443,0.001752356853377302,0.01691333134231651
ENSG00000078596.13,3059.0326320261393,-1.4902212924384022,0.4764491511931623,-3.127765657062186,0.0017614055932454052,0.0169877932092214
ENSG00000204287.16,43154.15754152988,1.5160285351629017,0.48472896242138647,3.1275798491384177,0.0017625193666423902,0.01699210097946568
ENSG00000092758.20,1916.8867591732842,2.8018085909058343,0.8961642847651808,3.1264452718510016,0.0017693343305423394,0.017051348745079048
ENSG00000122591.15,1752.275151811223,-1.1608433712899622,0.37133417557922405,-3.1261420241733084,0.001771159919376603,0.01706176914565473
ENSG00000006625.20,1290.2619917092825,1.3445747624494513,0.43013563691869616,3.1259320247943125,0.0017724251564289748,0.01706176914565473
ENSG00000241351.3,7279.71942199281,2.8671297626120924,0.9172803445375457,3.125685380359457,0.0017739122393227035,0.017063186800524387
ENSG00000203392.3,27.96258457791406,-1.8340232793389606,0.5867483709753927,-3.1257407264550836,0.0017735784436663932,0.017063186800524387
ENSG00000101751.13,1249.8035890302895,-1.1960285618727164,0.3826741979820924,-3.1254486667237638,0.001775340525403942,0.01707047886846501
ENSG00000134962.9,211.9994142759721,-2.820723232616224,0.902641892172723,-3.124963794696636,0.001778269454135451,0.017085741707387428
ENSG00000173212.7,119.32395512922126,5.530083534637732,1.7695935014107362,3.125058681685426,0.0017776959283471955,0.017085741707387428
ENSG00000158286.15,457.37613071662753,-1.0064805401585908,0.3221147466555301,-3.124602492151415,0.0017804548337084056,0.017087402060808894
ENSG00000169962.6,209.90662585831882,2.642751792831874,0.8457424373264321,3.1247714152622668,0.0017794327759303714,0.017087402060808894
ENSG00000132793.14,778.7140725814791,-1.3085402586530654,0.4187790803327981,-3.1246552660013154,0.001780135471179309,0.017087402060808894
ENSG00000288928.1,6.28474058660838,6.21109228440029,1.9884521278422504,3.123581502130603,0.0017866437603441916,0.017128211514924267
ENSG00000017483.18,294.8889713155295,1.8083808112534483,0.5789471164503224,3.123568215247549,0.0017867244315163823,0.017128211514924267
ENSG00000211721.2,27.460041517991144,2.571466394764753,0.8233475074923216,3.1231847687214067,0.0017890539661518023,0.017144090884820374
ENSG00000251015.2,11.167594820439373,-2.2635454963684647,0.7248037779712689,-3.122976956196538,0.0017903176459973587,0.01714974831184608
ENSG00000115267.11,2022.6668985010913,1.484269106250423,0.47531722918918196,3.122691573335891,0.001792054357534522,0.017150581871865116
ENSG00000023445.19,3113.864025409046,1.887433230182647,0.6044000091020523,3.122821313300073,0.0017912646266759643,0.017150581871865116
ENSG00000187498.19,15839.801036733912,1.2959778609130999,0.41502757226682785,3.12263075398734,0.001792424676805188,0.017150581871865116
ENSG00000113648.19,5899.53139511122,1.0293870807195962,0.3297553526480554,3.1216690569334014,0.0017982896531962436,0.017200238736973912
ENSG00000135245.12,1501.336517532362,1.7841818202872841,0.5718763175992205,3.1198735904599313,0.001809286660085222,0.01729243546680326
ENSG00000102678.8,72.673827063529,2.4862248780775986,0.7971654519516161,3.1188316954665263,0.001815696440603378,0.01734718831155613
ENSG00000171840.15,188.62815409178904,1.4155172336150061,0.45390247900177544,3.11854924592617,0.0018174376735752029,0.01735731345468091
ENSG00000237976.3,9.203132630274055,2.811875481442618,0.9018261074337595,3.1179796839593656,0.001820953553101138,0.01738437329499216
ENSG00000154814.16,798.0037695939355,1.1786416698493045,0.3780677154942516,3.1175411746238493,0.0018236647081767417,0.01739721489961415
ENSG00000288803.1,19.762045521398054,2.5289854737147626,0.8111868901252689,3.1176360275302524,0.0018230779504960746,0.01739721489961415
ENSG00000165410.16,1281.3245750024764,-1.0439607939727094,0.33500119707608567,-3.1162897419008457,0.0018314223048673695,0.017443149145569468
ENSG00000214212.11,97.22362267020654,1.5906604056018099,0.5104487242890635,3.116200178220115,0.0018319786687206088,0.017443149145569468
ENSG00000205056.9,33.737174293929904,2.8516746010601817,0.9151269721643764,3.116151843187023,0.001832278987372192,0.017443149145569468
ENSG00000211697.4,22.585561846624795,2.656837358372975,0.8525259569139424,3.116429871520226,0.0018305521401204364,0.017443149145569468
ENSG00000272983.1,28.94140307393835,-1.8952416830750356,0.6082091285906774,-3.116102001735207,0.001832588713185344,0.017443149145569468
ENSG00000187801.17,137.33094908548802,1.6695076299856686,0.535825112413158,3.1157696631029927,0.0018346551691739712,0.017456295036992985
ENSG00000144045.16,25.244278722544948,2.694740796807028,0.8649072767013946,3.115641259354759,0.0018354541470489017,0.017457375869859064
ENSG00000187151.9,12.292647981573143,-3.1737130262881257,1.0187501137324986,-3.1153007823088923,0.0018375742752496016,0.017471016933513474
ENSG00000135917.18,942.0694174110391,-3.0083436226754556,0.9658843297075793,-3.114600299588905,0.001841943213806155,0.017499491084989396
ENSG00000138018.20,3225.464177742634,2.005587596798829,0.6439254836170476,3.1146268439836784,0.001841777481531754,0.017499491084989396
ENSG00000234147.5,9.077317984277396,2.4978900412213165,0.8021337829587725,3.1140566502604234,0.0018453405520374151,0.01752523087283557
ENSG00000253683.1,274.36140844683956,1.1807838801871176,0.3794288815828048,3.1120031644966613,0.0018582250718074448,0.017608857027946904
ENSG00000169550.15,632.0104201338676,-2.7499320279169326,0.8836445850409437,-3.1120340400088735,0.0018580307340970326,0.017608857027946904
ENSG00000162998.7,2204.8870945491194,-1.4424497757365269,0.46346852375614594,-3.1122928565812855,0.0018564024160593938,0.017608857027946904
ENSG00000293013.2,20.86541130340091,-1.9144983469253183,0.6151328083898017,-3.1123333381238307,0.0018561478491645488,0.017608857027946904
ENSG00000132622.13,950.7582557983618,-1.34567608081365,0.4326988460187932,-3.1099599483452374,0.0018711271374376355,0.017723867355029385
ENSG00000287566.2,29.582122324085333,3.712325426053407,1.1939677195500482,3.109234332945294,0.0018757288649138635,0.017760851270714133
ENSG00000168079.19,1442.9888367613862,-2.7872922689853246,0.8965292059140872,-3.1089810020672384,0.0018773378922849959,0.0177694810309889
ENSG00000164946.22,762.3528626094819,-1.8871830653830266,0.6071166191008258,-3.10843585237059,0.001880804703251643,0.017791369606752316
ENSG00000154330.15,871.8671119088476,-2.300346300606927,0.7400424609307955,-3.108397723170701,0.001881047401004436,0.017791369606752316
ENSG00000204681.13,1399.1071712657124,-1.159484461458525,0.3730614340686903,-3.108025530307252,0.001883417972608239,0.017800571124417238
ENSG00000131944.12,201.85777066648424,1.169554069005543,0.3763220587224017,3.1078541422103507,0.0018845105005268854,0.017804290415029782
ENSG00000308261.1,37.86131487593935,-1.7166731439000162,0.552474863224171,-3.1072420813532333,0.0018884168873721002,0.017827971289197466
ENSG00000295480.1,20.95782147256491,-2.321594463287048,0.7472921182458199,-3.106675965935138,0.0018920366539840268,0.017855526348138997
ENSG00000286322.3,16.367220414031163,-3.9267201247751653,1.264164854322564,-3.1061772610973284,0.0018952306729818832,0.017874634418674287
ENSG00000270171.1,8.793813680220499,-2.81304124129827,0.9056387012048234,-3.1061407132401904,0.0018954649430662027,0.017874634418674287
ENSG00000186452.12,7.855666586879446,-3.955925852413358,1.2741285500185988,-3.104809049570086,0.001904019007016304,0.017948655857776566
ENSG00000185668.8,76.15359157206217,2.1164690522920098,0.6817922712741419,3.1042725790022905,0.001907475082244315,0.01796793558426218
ENSG00000116183.12,115.49196245237738,-3.2491536154990635,1.0466708206983022,-3.104274573481796,0.0019074622226544601,0.01796793558426218
ENSG00000108518.10,12067.934006710404,1.0075160378172812,0.3245716589955967,3.1041405184146087,0.0019083267322056925,0.017969312456935747
ENSG00000211650.2,1604.300889249116,3.5015850360133522,1.1282866262550482,3.1034534616754574,0.001912763152530053,0.018004430989686983
ENSG00000197753.12,95.09453998319852,2.3416911711963095,0.7546229860122904,3.103127276271665,0.001914872690752317,0.018010975740824324
ENSG00000236849.7,8.05197823123058,-3.7667394967260597,1.214154021036831,-3.102357222775937,0.0019198613346778687,0.018051232209516425
ENSG00000164924.20,25700.828647749146,1.1269129581587747,0.3633187452382199,3.1017198339708107,0.0019239995603569859,0.018083465978543465
ENSG00000280355.1,30.829431879824575,-1.6119078597068481,0.5197647480227257,-3.1012258254120204,0.001927212527072835,0.018100306149362897
ENSG00000204482.13,705.292516227558,1.5276870038646877,0.4927647180708465,3.100236173250226,0.0019336639206339956,0.018147514267674466
ENSG00000301948.1,12.481166904121991,2.9465283038150494,0.9505139184265727,3.09993178079135,0.0019356521931916156,0.018155903544623108
ENSG00000167900.15,62.85345980730351,1.4226677305639621,0.4590425220662843,3.0992068537792963,0.001940394932283329,0.018190577593002823
ENSG00000249931.5,19.490118170316475,-2.2009653558941755,0.7102446169867451,-3.0988835441399067,0.0019425135812637176,0.018199980864286786
ENSG00000129467.16,1081.4690145160246,-1.307624228140032,0.4219727472191345,-3.098835734671202,0.0019428270570451011,0.018199980864286786
ENSG00000172167.10,305.5411939135964,1.1360188428378688,0.36662647156325,3.0985728826236265,0.0019445513477718657,0.018209436536432793
ENSG00000161929.16,130.19226957254946,1.8343353382783336,0.5922449292042433,3.0972579887564384,0.0019531980713779914,0.01826282027440428
ENSG00000107562.19,17855.12785090039,-1.6500325835416483,0.5327751824862687,-3.097052261033527,0.001954554123042914,0.01826282027440428
ENSG00000184432.13,5177.752893332985,1.0546004807325946,0.3404887941689891,3.097313329522329,0.0019528334408771895,0.01826282027440428
ENSG00000164035.12,1829.4658825032084,-1.5748853236021747,0.5085026165218959,-3.0971036774092213,0.0019542151316665627,0.01826282027440428
ENSG00000078399.20,44.53572501325104,-1.654708968718317,0.5344333286891675,-3.0961934443289834,0.0019602243428421427,0.01830237325386078
ENSG00000274213.3,27.916533485228484,2.046931471507644,0.6611787880321053,3.0958819438234153,0.001962284711530532,0.01831489699061714
ENSG00000272784.1,6.337393502772522,-4.421313080938483,1.4282540426795445,-3.0956069080285373,0.0019641055428240213,0.018325176659806097
ENSG00000295724.1,12.525824892277285,7.188339771316618,2.3226090301168987,3.0949417995480815,0.0019685152015442597,0.018359593811253697
ENSG00000277632.2,113.06045757470986,1.7747554309504106,0.5736128568931016,3.093995208829766,0.001974806755663389,0.018411531066435644
ENSG00000138738.13,325.54705142065393,-1.1977597490120622,0.3871397424468331,-3.0938692613728587,0.0019756452605471176,0.018412609012585304
ENSG00000131979.22,908.4992669550168,1.5926590823512514,0.5148322167716649,3.0935497633350657,0.0019777738095806945,0.018422768263052277
ENSG00000163563.10,762.7764726375693,1.5645678077895835,0.5057616297477564,3.093488544336383,0.001978181900963762,0.018422768263052277
ENSG00000101213.9,502.9165208209137,2.3619375014846105,0.763935354659807,3.0918028431036815,0.0019894493492507103,0.018520929961536856
ENSG00000211791.2,28.830676820472085,2.660665650072747,0.8607012783097778,3.0912765173274646,0.0019929794284840527,0.018547014622914616
ENSG00000066735.18,863.8228733743397,-1.2476608812681003,0.4037845050024049,-3.0899176808695747,0.0020021197737286134,0.018625271277078713
ENSG00000310167.1,5.714516965914588,-4.299913533087807,1.391920229525598,-3.0891953733248974,0.0020069940911397106,0.018663799377663225
ENSG00000163823.6,892.1242385564788,1.7411625978303065,0.5638194896655329,3.0881561026973245,0.002014026466591469,0.018715530146133277
ENSG00000214942.7,11.725361073824427,-2.8685470346623108,0.9289654792078751,-3.0878941132541424,0.002015802821299779,0.018725205565764652
ENSG00000178075.22,637.0945638496182,-2.0527359390849624,0.6648107031928937,-3.087699895964769,0.0020171205915060137,0.018730615598341115
ENSG00000241697.7,36.317646057687845,4.387330484422004,1.421447218511685,3.086523669176914,0.00202511823165454,0.01878535375354172
ENSG00000172461.13,29.445502867590903,-2.8825126306937863,0.9339075229922417,-3.0865075606824646,0.0020252279614944666,0.01878535375354172
ENSG00000145777.15,54.76669168871133,-2.1901557146331476,0.7097567668204595,-3.085783492342766,0.0020301658978787076,0.018810335382703002
ENSG00000165124.20,3708.1024855409087,-1.8672587822562132,0.6051114893663545,-3.0858094996866154,0.0020299883442187116,0.018810335382703002
ENSG00000308294.1,13.734635203146295,-2.282462792072297,0.7396930655700078,-3.085689049029316,0.002030810787750124,0.018810335382703002
ENSG00000224418.2,15.34035813826318,-1.7033674208652212,0.5520532479238058,-3.0855129052701806,0.0020320140572537304,0.018814042185499733
ENSG00000166257.12,99.45210349467702,-2.2897305013471856,0.7423041832671882,-3.084625619741402,0.002038085216606304,0.01886339700297208
ENSG00000074527.15,5652.430133369453,-2.3658625539288485,0.7670975184817934,-3.084174432751735,0.002041178796071404,0.01888516713212304
ENSG00000167074.17,1948.5399145832823,-1.2990642072398513,0.4212549494786919,-3.0837957128989437,0.0020437788273900293,0.018902356758333853
ENSG00000122884.15,2659.8566993784584,1.2350930600749561,0.400620587811739,3.082949547903303,0.002049598999788854,0.018949305308029726
ENSG00000176723.12,82.21712937968064,-1.0676307158810034,0.3463144436419955,-3.0828362359170693,0.0020503795465062024,0.018949643479339435
ENSG00000126264.12,71.26155568378326,1.5357586249568083,0.4984166643465175,3.0812746338856214,0.00206116441596235,0.01903550356743184
ENSG00000171903.19,88.36113461923696,-2.9491374879099372,0.9572540361150154,-3.0808305597528918,0.002064240808569331,0.0190570053044833
ENSG00000077157.25,4028.4708943805836,-1.3922262140723052,0.4521138469214671,-3.079370878711744,0.0020743826786410236,0.019136762480139628
ENSG00000287232.1,24.980945010496615,-2.14324351128072,0.6960458650727076,-3.079169949607905,0.0020757823082666305,0.019142741192563123
ENSG00000184271.19,643.3924228497631,-1.193162598391464,0.38754990356271873,-3.078732796532279,0.0020788304171413742,0.019157631919374182
ENSG00000289589.3,13.454587686301528,2.420562464299853,0.7863031282195785,3.078408793540881,0.0020810922203224045,0.01916395514961387
ENSG00000152763.19,224.2031411375491,-1.1486933624342122,0.3731805588246863,-3.0781168398803116,0.002083132226397993,0.019168880396887022
ENSG00000086289.14,569.0959910886983,-1.233068000505706,0.4006352952960199,-3.0777817505934455,0.002085475900387922,0.019183516308696556
ENSG00000232931.7,1180.5215997798264,-1.5138297824249864,0.4918963623692234,-3.077538071502727,0.002087181753870808,0.01919227669777738
ENSG00000124785.11,892.9876769647311,-1.518237745295082,0.4933985749719597,-3.077102006995794,0.0020902375788136606,0.01921343968602048
ENSG00000126368.7,780.9260093893952,-1.6166768838792676,0.5254782525710513,-3.0765819060431476,0.002093887674791419,0.01923310961579958
ENSG00000156564.11,73.42088531681526,3.3679601775844845,1.094693873938043,3.0766228420267043,0.002093600172073796,0.01923310961579958
ENSG00000198046.15,391.6139173411273,-1.099283372314195,0.357369515734016,-3.0760412511859934,0.0020976882156558403,0.019261073014048273
ENSG00000173369.20,9486.059210438185,1.7990377493259668,0.5852310186949772,3.0740642444716806,0.002111639541451599,0.019349618096203593
ENSG00000256128.8,24.245006504018836,2.0424960371022665,0.6644367952187128,3.074026080132931,0.002111909694497727,0.019349618096203593
ENSG00000181652.20,64.33885180030059,1.8585940249473618,0.6046328589352763,3.0739216327412953,0.0021126492059810056,0.019349618096203593
ENSG00000300362.1,8.853373001643664,-3.334859411549865,1.0848659398146507,-3.073982958778875,0.00211221497479509,0.019349618096203593
ENSG00000162676.15,253.16522489906964,1.92700961337906,0.6269285048659071,3.0737310529391633,0.002113999166683613,0.019355022564557265
ENSG00000124203.7,358.9152394760688,2.155977565776696,0.7020051855787044,3.0711704273229783,0.002132214087200141,0.019507767605989507
ENSG00000276365.1,24.203954325543922,-3.272950569909811,1.065835167899862,-3.0707849285540867,0.002134968749202261,0.01951194438856505
ENSG00000189184.13,2601.727517098361,-1.279427809072404,0.4166245256796181,-3.070937331366509,0.0021338793332673894,0.01951194438856505
ENSG00000274286.2,236.23057349270357,-2.7352244338097274,0.8906989610906062,-3.07087417106742,0.002134330758059737,0.01951194438856505
ENSG00000157766.20,57.65189735432348,2.79833325021186,0.9113082530860834,3.070676953418884,0.002135740892881323,0.019512000101355873
ENSG00000284730.2,46.14149546903943,-1.4718807717494402,0.4794985320157802,-3.0696251885521955,0.002143275600995144,0.019566800298547425
ENSG00000137285.12,315.3494976258494,-1.7901814338107387,0.5832391675137875,-3.069377938799729,0.0021450504009471088,0.019575986658016412
ENSG00000266904.9,113.77845024009028,-1.429678911252772,0.4658770945660662,-3.0687898759745287,0.00214927702907016,0.019607534100088128
ENSG00000243836.8,205.93206338320232,-1.6534685091004433,0.5388220241114263,-3.0686728365032687,0.0021501191461900794,0.019608193617116906
ENSG00000121691.9,5938.784693109586,-1.0620979713211065,0.3461393900948536,-3.06841117108936,0.0021520029636810955,0.019618349136693337
ENSG00000179918.19,5702.23506613759,1.3128495819107167,0.4279116228411078,3.068039080579506,0.002154684374591857,0.019635765905269834
ENSG00000185522.11,188.27996486768563,-1.4946154506417095,0.48737310283421487,-3.0666761090222057,0.0021645325928841227,0.019704363714564504
ENSG00000117090.18,393.40514266415835,2.3581745494741235,0.7690358868239089,3.0664037789098524,0.002166505266993327,0.01970947578037574
ENSG00000198944.6,142.59147860850263,-2.01368730899893,0.6566974940475083,-3.066384944744819,0.0021666417567057466,0.01970947578037574
ENSG00000101916.12,307.7108574983652,2.465565518616988,0.8042949974755479,3.06549901013396,0.0021730709685938445,0.019760903477705753
ENSG00000273007.2,32.264423927855574,-1.6591911693583148,0.5413494603735173,-3.064917009824883,0.002177304047797726,0.01978526985424755
ENSG00000308206.1,16.649166964820843,4.44805679585693,1.451261148662659,3.0649596042420244,0.0021769939884555066,0.01978526985424755
ENSG00000104413.20,3613.030744976195,1.3835793265014888,0.45147650676467177,3.0645654995790683,0.0021798643570966514,0.01978720898620895
ENSG00000272491.1,10.695289083620757,-3.0322887258654707,0.9894489851916574,-3.0646236150094315,0.0021794408690711297,0.01978720898620895
ENSG00000168461.15,3922.568436938637,1.248239601824606,0.40730620120241634,3.0646221396572266,0.0021794516190520577,0.01978720898620895
ENSG00000267074.1,48.85652850987319,1.745490136546858,0.5696139646196876,3.0643387363444714,0.002181517505722276,0.019788259397525678
ENSG00000065618.23,5249.80760073937,-2.5743754707902764,0.8402065953012309,-3.0639791274993637,0.002184141481426264,0.019797960026123974
ENSG00000267280.7,172.8438038621442,-1.5437493921137193,0.5038297439107762,-3.0640298846411578,0.002183770944000569,0.019797960026123974
ENSG00000254040.3,9.790915339968507,-3.5090566924134223,1.1454086669105779,-3.0635848966274453,0.0021870214094439166,0.019817012564904306
ENSG00000160410.17,1737.7744067708618,1.0040175239125573,0.3277485945000097,3.0633770541234995,0.002188541137516934,0.019823730908141476
ENSG00000057657.19,869.3148914003548,1.4406772199727167,0.47037499486625234,3.062826969325533,0.002192567986702651,0.01985314581916218
ENSG00000137825.13,32.32660648006186,2.669144231732588,0.8717214547350459,3.061923298129512,0.002199197979883096,0.019895002693900283
ENSG00000277449.2,56.03484245445998,-1.460050835410691,0.47683042854509916,-3.061991743827224,0.002198695169717444,0.019895002693900283
ENSG00000197275.16,97.33875555558633,1.5799413188833005,0.5160040783147615,3.0618775805867555,0.002199533885046649,0.019895002693900283
ENSG00000165731.24,420.8980170912013,2.6542388152898457,0.866938670657574,3.0616223559119846,0.002201409987517006,0.01990490372454585
ENSG00000229769.2,10.109983076734716,3.01178559303341,0.984204144197684,3.0601228523464465,0.0022124621737559668,0.019997737412256293
ENSG00000146143.21,511.58356220189285,1.1566783703419012,0.37808383163872483,3.0593172030883258,0.002218421241402328,0.0200302755901307
ENSG00000233030.2,45.624088885042354,1.4898111149788613,0.48703561447176946,3.058936699310347,0.0022212407876085988,0.020048626541877612
ENSG00000204475.11,49.06994381177583,2.6225299339116495,0.8574136807349781,3.0586518419715527,0.002223353739498731,0.02006058912460934
ENSG00000157111.15,16.336528242069996,2.400232963291402,0.7848058493302189,3.058378024755863,0.0022253865364686124,0.02007182027988386
ENSG00000148908.17,1500.742376162156,1.0666552473785593,0.348778377448007,3.0582608221966616,0.002226257159249979,0.02007256499230308
ENSG00000170099.8,55.18341406135272,-7.704366277785189,2.5193516715615374,-3.0580749661717097,0.0022276384046271613,0.02007791146647503
ENSG00000241218.1,9.834655632765465,-3.450282354183568,1.1285205601799913,-3.057350017294565,0.002233033590911742,0.02011941938242412
ENSG00000196839.16,257.8734290128644,1.3509873512090216,0.4419818398804774,3.0566580553951295,0.002238194449043212,0.020158787415692946
ENSG00000156299.17,1197.688753425739,1.3012355491760883,0.42575446248169074,3.056305133224639,0.002240830854381143,0.020171158961968676
ENSG00000296775.1,22.546430482984682,-2.579757000549966,0.844088905244115,-3.0562621834294657,0.0022411518928338644,0.020171158961968676
ENSG00000157551.21,127.13373372844787,1.3037825722852938,0.42661392315818697,3.0561181937839743,0.0022422284851724024,0.020173720150415495
ENSG00000243650.3,7.0990175626192755,2.9899351881551,0.9786048873155381,3.055303756306538,0.0022483268566184504,0.020221445397220532
ENSG00000203943.10,49.76565106141243,-1.760276004335676,0.5764205019053309,-3.0538053357178767,0.002259586495832998,0.02029405064716583
ENSG00000249816.9,63.44320320572979,3.808166875766662,1.2471552247365603,3.05348267820557,0.0022620178035070914,0.02030529751810491
ENSG00000185561.11,546.055538393233,-1.4473341963827073,0.47407803415348904,-3.052945068351582,0.002266074156889029,0.02033081185280749
ENSG00000302075.1,6.027445883841379,3.5274133074643284,1.1554641906986607,3.05281058111498,0.0022670899263822217,0.02033276320946534
ENSG00000177822.11,28.498602941216976,-1.9017117356655373,0.6230363297007575,-3.0523288049332913,0.002270732161422539,0.02034729094693683
ENSG00000034971.19,67.54692374936499,-3.5159855166091103,1.1518668673269565,-3.0524235190203632,0.002270015698458235,0.02034729094693683
ENSG00000244716.3,1786.74678744714,-1.1085206222836745,0.36317797038335625,-3.052279358006115,0.002271106284093338,0.02034729094693683
ENSG00000280172.1,6.6366779672040845,-3.3613931347743913,1.1016256503919564,-3.051302530563276,0.002278508689564862,0.020406432781964346
ENSG00000076003.7,1909.7217291247764,1.4530002308535441,0.47627310508748144,3.0507711129030857,0.0022825450530833623,0.02043539720459976
ENSG00000299088.1,5.2913154499964214,-4.9739779544279,1.6311673798865325,-3.0493363316117206,0.002293475620467743,0.020511628345833522
ENSG00000158825.8,54.52201150469723,1.4222922132296527,0.4664645931397964,3.049089328851592,0.002295362187396626,0.020514094833396303
ENSG00000236028.2,9.3423796313611,-4.253496161132595,1.3949925351501575,-3.049117507051568,0.002295146895077524,0.020514094833396303
ENSG00000263272.1,105.68473840588459,-1.315786696147535,0.43156616521977065,-3.048864350794238,0.002297081770112844,0.02052226228219721
ENSG00000271474.2,64.0280057917137,-1.6990221388871598,0.5572995575733042,-3.0486694557687306,0.002298572371908461,0.020528378991893553
ENSG00000205784.6,11.7715715820639,2.1499641711860398,0.7053265570849131,3.0481826461657096,0.002302299474411266,0.020547256451551983
ENSG00000179091.7,4984.854903414446,1.013142956319409,0.33236721863435714,3.0482637863091573,0.0023016778665994235,0.020547256451551983
ENSG00000286508.2,48.691243874389016,-1.3983224313421565,0.4587579524648756,-3.0480614533853077,0.002303228208459598,0.02054834525312589
ENSG00000164919.13,4055.068518223032,1.0686107375896823,0.3506242691635951,3.04773751154997,0.0023057123497312506,0.020563305063026848
ENSG00000116882.17,53.163981810599765,3.569727493465296,1.171467808124956,3.047226282025606,0.0023096376954885554,0.02059110316478439
ENSG00000005844.21,1824.033357553108,1.925410203336125,0.6320304065858203,3.046388564969592,0.002316083126781144,0.02064134126040676
ENSG00000275719.1,11.70024492321077,-2.924720696083679,0.9601318956732598,-3.046165541696558,0.002317801851977432,0.02064943370819069
ENSG00000051523.14,8166.853987711633,1.0835372491920983,0.355734173142428,3.0459183598261568,0.00231970811971946,0.020651969771888976
ENSG00000166897.18,44.330445309232694,3.677409984347919,1.2076258232695058,3.045156797319687,0.0023255903237593845,0.020697103821270192
ENSG00000153930.13,21.21632398047771,-3.178270160695866,1.044123266255186,-3.0439606734317226,0.0023348566010128655,0.0207676231695603
ENSG00000197580.15,53.555350929221774,-1.7241269320012171,0.5664159783455671,-3.043923543677536,0.002335144782600632,0.0207676231695603
ENSG00000166405.17,558.1557576482747,-1.8605787056845675,0.6114397358943814,-3.0429469929084876,0.0023427359592018957,0.020813333664747642
ENSG00000302100.1,7.368659542181613,6.426108890877798,2.1118009173574177,3.0429520311597598,0.0023426967366410884,0.020813333664747642
ENSG00000179930.6,19.705806991905117,-2.1232934509532333,0.6978208209346599,-3.042748779134016,0.002344279521845347,0.020819785111897783
ENSG00000255176.1,12.968089648823334,-3.0905485712281893,1.0158413330060867,-3.0423536341867585,0.0023473594381757733,0.020839871819370904
ENSG00000111012.13,155.92858278675845,1.2424939430893958,0.4086936107359439,3.040159939990274,0.002364525445814945,0.020966724044204164
ENSG00000146966.15,526.1666397635923,-1.516612193371719,0.49884425321776016,-3.040251909466567,0.002363803467835216,0.020966724044204164
ENSG00000164934.17,1716.4203319335204,1.0937593571062958,0.35978922072004793,3.0400003505312077,0.0023657787327500458,0.020966858073025892
ENSG00000100307.15,2837.5511766022205,-1.3571382667283145,0.44649998990503753,-3.039503465648349,0.002369684761824629,0.020986870851333495
ENSG00000214021.20,725.0337401859791,-1.0642175596493635,0.3501167821743853,-3.039607393396243,0.0023688672942389927,0.020986870851333495
ENSG00000104312.10,833.4587262189665,1.180992941961323,0.38861024774304703,3.039016466550329,0.0023735188070060126,0.021006218739836744
ENSG00000105639.22,1342.7229410821608,1.7996746457646835,0.592240523518001,3.038756340201673,0.002375569055194976,0.02100989367183524
ENSG00000163508.14,424.2645527690411,2.304851086594192,0.7584854599774589,3.0387544761407677,0.0023755837530872554,0.02100989367183524
ENSG00000092929.15,1285.0487895096019,1.066586885909392,0.3510988865264437,3.0378532283640833,0.0023826997404812313,0.021058204403121946
ENSG00000072133.14,278.36541424391027,-1.9350709031892606,0.6369766296377607,-3.0378993720534253,0.0023823349300220965,0.021058204403121946
ENSG00000305378.1,9.158473027792887,-5.7768791965618,1.9018911243130807,-3.037439484685684,0.0023859730699732017,0.021079819654973093
ENSG00000183346.11,49.62965109680843,-2.4515033921493643,0.807174212139629,-3.037142856250332,0.0023883223763988266,0.021093259101683255
ENSG00000173200.15,451.5877343655413,2.3035317276851983,0.7587340171372863,3.0360201014532793,0.002397233818896334,0.021164624818408497
ENSG00000143727.18,3978.6940756503345,1.02735583810324,0.33843700007686983,3.035589601225323,0.002400658817337145,0.021187519312679978
ENSG00000291176.2,79.71488382603214,-1.46565943962876,0.4829027209575407,-3.0351028810161296,0.002404536488530565,0.021214391721289232
ENSG00000295072.1,50.2739724993375,5.671512673169061,1.8691620610835047,3.034254113782639,0.002411312286123319,0.021266805830971975
ENSG00000180861.9,20.43283645287203,5.037856673756133,1.6608165364274856,3.03336133959315,0.0024184582516835512,0.021307696343352382
ENSG00000184185.12,117.22620224741831,-1.436968398627082,0.4737206215951766,-3.033366784389344,0.002418414611625732,0.021307696343352382
ENSG00000169760.19,106.50293804633537,-2.546246949559582,0.8394884723423408,-3.0330934056247894,0.00242060663387189,0.02131188094412406
ENSG00000165501.19,254.5491784543841,1.0161893546275647,0.3351394435757107,3.0321389323366805,0.0024282741153538595,0.02136461830472475
ENSG00000120280.8,330.1578575349161,1.8668197632848977,0.6159280507377805,3.0309055758197,0.002438214842637058,0.021437269677876597
ENSG00000255389.1,84.4687614233826,-1.7529706981822555,0.5786344167334209,-3.0294960816163408,0.002449620813651411,0.02153012137491894
ENSG00000232591.4,8.28394440463222,2.5163125272300775,0.8307585753871198,3.0289335575711838,0.0024541865117370895,0.021547943688540298
ENSG00000237863.4,6.960788309791244,-4.5787809826268235,1.5116381418059823,-3.0290192182875653,0.0024534907485981782,0.021547943688540298
ENSG00000188766.15,148.1583600936139,1.564489581287977,0.5165026777149526,3.0290057511597013,0.0024536001208647637,0.021547943688540298
ENSG00000290058.2,11.326412691153735,3.1050948159966523,1.02536269720418,3.028289233130095,0.0024594257058248308,0.021576927744595097
ENSG00000303324.1,16.219624448211032,4.476172622945992,1.4781554290274719,3.028215122066707,0.0024600289808136377,0.021576927744595097
ENSG00000167700.11,1409.3587910007575,1.064139356599686,0.3514762270655456,3.027628256636652,0.0024648109356733405,0.021611428345106938
ENSG00000277157.2,10.409208348468281,3.297200233586864,1.0894686523773205,3.026429651180941,0.0024746039668846814,0.021682365889411668
ENSG00000188883.7,606.606517601566,2.368510566705465,0.7826037190288515,3.0264494138164797,0.0024744422109108126,0.021682365889411668
ENSG00000298408.1,14.753688561061331,-3.817875619318486,1.2618098503481292,-3.02571391265106,0.0024804687677316907,0.02172627922382871
ENSG00000275409.1,8.48298944624148,-3.1144372556210023,1.0295425791239654,-3.0250689177625536,0.0024857647823190664,0.02175770267025737
ENSG00000168993.17,432.50806846926196,-1.735927193282332,0.5743611939291373,-3.022361558598794,0.002508107784575476,0.021945727715878376
ENSG00000163285.10,10.521808670408793,-6.726142712599757,2.2255717434030626,-3.022208891956451,0.0025093731505647435,0.021949259449874515
ENSG00000255002.3,6.123079830039917,6.151709953019718,2.0355960974499223,3.0220680618941183,0.0025105409277486877,0.021951935451660427
ENSG00000204022.10,6.477975575826645,-3.4941202796803377,1.156726917771951,-3.0206959188004343,0.002521944923720056,0.022036788917572315
ENSG00000197565.19,440.7662683442243,-3.2220505652969877,1.0670184540335093,-3.019676513669557,0.0025304479415539888,0.022090114239425154
ENSG00000293492.2,79.52597981213715,-1.5885734277151053,0.5260769698491371,-3.0196597052531304,0.0025305883626756593,0.022090114239425154
ENSG00000239264.11,746.8832750551911,1.2165716694703437,0.4028851635919791,3.0196487222905612,0.002530680120554458,0.022090114239425154
ENSG00000293240.2,9.547631728758587,3.988101966698897,1.320785262873169,3.019493084003211,0.002531980737961373,0.022093895641183327
ENSG00000131044.19,38.64433097924089,-2.142869133442033,0.7097352189258116,-3.0192515128180877,0.002534000678997518,0.022096381819495307
ENSG00000113971.23,428.70511144577205,-1.2385624041349017,0.41022037276528034,-3.019261076152309,0.002533920685442063,0.022096381819495307
ENSG00000129951.21,295.6586246869296,-2.2323468269780626,0.7394772855360748,-3.0188173060106243,0.002537635083462452,0.022120500756629746
ENSG00000287617.1,6.171567770297563,-3.9491821807609107,1.3085428489320539,-3.017999895061879,0.002544489927758995,0.022172666079353184
ENSG00000205930.12,119.36989518726587,-1.0811278247298548,0.3582514561693354,-3.0177904544757417,0.002546249029175695,0.02218040664231673
ENSG00000064309.18,601.4475878903077,-1.1023061912738352,0.3653345196512551,-3.0172516747831173,0.0025507793774191246,0.0222122740246983
ENSG00000170476.17,1766.2316599053115,2.1611514630856243,0.7163054723036578,3.0170807660247276,0.002552218009177181,0.02221720605323034
ENSG00000109794.16,311.0134058564177,-1.8457725888977699,0.6118719638460957,-3.0165993834651945,0.0025562740567829285,0.022244911684427045
ENSG00000211815.3,9.70947587637413,3.015311745787193,0.9996307685415575,3.016425504975678,0.002557740576000374,0.02225007179347866
ENSG00000122971.11,1251.207026350399,-1.2221165165664398,0.4051906652313834,-3.016151706921857,0.0025600513926736313,0.022262570509658606
ENSG00000158869.13,2011.624729938257,1.5308703475352627,0.5076040248316854,3.0158751165199655,0.0025623877147757227,0.022268382451318
ENSG00000198431.19,3904.291253792857,1.0593219526711704,0.3512497233825378,3.015865585515317,0.0025624682566374726,0.022268382451318
ENSG00000184599.15,281.4971018530656,3.298807450794458,1.09412770841225,3.0150113423062304,0.002569696458281812,0.022315969481382897
ENSG00000304314.1,6.3881101206599435,3.795439763889196,1.258937410566731,3.0147962337385916,0.002571519541427411,0.022318648470369597
ENSG00000105784.18,172.5145215273801,-2.055188993080313,0.6817322021522014,-3.0146573487245623,0.0025726972447375684,0.022319200109233855
ENSG00000088538.15,166.24035847007713,2.6815381070490045,0.8896298814930269,3.0142176683057187,0.00257642885597799,0.022343963020298053
ENSG00000128710.7,63.98679462649142,-2.000992959078743,0.664043156645189,-3.0133477606906687,0.0025838264350446023,0.02240049119367633
ENSG00000282600.2,18.921388983094275,3.1650172056470094,1.0503860706545922,3.013194190279576,0.0025851343926431344,0.02240420487070884
ENSG00000265929.1,8.104373923086085,2.956904813538966,0.9814664198938646,3.0127417032349664,0.0025889917407337397,0.0224300029347718
ENSG00000230943.5,138.42035940062357,2.5611622810936217,0.850204923207885,3.0124058461460916,0.002591858247259972,0.022444398954216467
ENSG00000245105.5,73.60000733620704,-1.3022832214390587,0.4323278668052147,-3.0122583377809473,0.0025931181332409124,0.022444398954216467
ENSG00000100600.17,7007.246302584245,1.1170436681183717,0.3708478978598619,3.0121342862255798,0.002594178105343853,0.022444398954216467
ENSG00000143621.19,6578.65684835496,1.1304980116554095,0.3753914090675457,3.0115180698021633,0.002599449308030567,0.02248236785223992
ENSG00000211816.2,8.602766438672404,4.005721076365853,1.3305428489416906,3.0105915638507916,0.002607393204150446,0.02254341897587102
ENSG00000290950.2,11.047667357962645,3.176762602584235,1.0553358872752068,3.01019101206383,0.0026108344167593838,0.022565511852486685
ENSG00000183763.11,215.97736494417381,1.459257351833734,0.48483440721505094,3.0098056782229823,0.002614148807294136,0.022586493985952825
ENSG00000233593.13,125.5795571205555,-1.1157533433989724,0.3707331264869538,-3.0095863133995824,0.0026160373583047677,0.022595146677986004
ENSG00000310501.1,10.743825202821773,-2.714005738535242,0.9018268149751597,-3.0094533600777864,0.002617182584229945,0.02259737545861726
ENSG00000133169.8,39.977847793944406,-2.986956651816921,0.9929010155036576,-3.008312616441188,0.002627027511327354,0.022667011429884493
ENSG00000282431.1,4.566626704048447,4.994775636934325,1.6604316288300427,3.008118822967553,0.0026287033617893533,0.02267379049378145
ENSG00000235584.4,228.0020768646408,-3.0186740397438983,1.0036367324634154,-3.00773570964725,0.0026320192525637145,0.022694706290470677
ENSG00000149295.16,88.1439826819188,-2.3495856112956943,0.7812237612122293,-3.007570593666825,0.0026334495294535742,0.022699354641188493
ENSG00000213967.13,143.9557613837753,1.2223011751930135,0.4064700334138364,3.0071126398352734,0.00263742016151831,0.022725889355220866
ENSG00000178053.22,306.77100807745455,-1.1381908564537533,0.3786276970541134,-3.006095077854495,0.0026462624033240334,0.02279436918331635
ENSG00000103723.18,81.59578062948322,-2.5626633993703374,0.8525530852898299,-3.005869597550218,0.002648225408534764,0.02280356638971906
ENSG00000012124.19,588.1423718747463,2.350525252356792,0.7820222415182385,3.0057012800472536,0.0026496916285916024,0.02280848106517631
ENSG00000144580.17,2073.716716509137,1.002225147245995,0.3334797102928757,3.005355697250065,0.002652704339171239,0.022826700075348184
ENSG00000197776.10,247.85243234449908,-1.4011009958202132,0.46624474807540167,-3.00507620000821,0.002655143220955098,0.022839017933801015
ENSG00000219607.4,187.90466528745682,-1.3677129539860928,0.45518344611370953,-3.004751085882908,0.002657982732248003,0.022848963271376605
ENSG00000010610.12,3310.5720079073117,1.488408688527636,0.4953741891857389,3.0046149375973283,0.002659172660817793,0.022851480041730772
ENSG00000298580.1,16.957538692926885,-2.3623402957519297,0.7863203124245791,-3.004297686864749,0.002661947304207452,0.022867608696616533
ENSG00000295333.1,26.932595619781573,-4.421554565337927,1.4718657493471952,-3.004047459694598,0.002664137632480872,0.022878708576170022
ENSG00000281958.1,8.658511373133681,3.43363414491073,1.143148436816897,3.0036642961886066,0.002667494792671977,0.022899817952190066
ENSG00000150760.15,2736.7460581504533,-1.0123902225163375,0.33711177774306,-3.0031291973665826,0.0026721896333498844,0.02290718628055881
ENSG00000253266.1,7.44162565265459,-3.0750767067584777,1.0238532090258656,-3.003435140555185,0.0026695044306676266,0.02290718628055881
ENSG00000211651.3,4506.569211458554,2.732000075104504,0.9096620294725613,3.0033133038306192,0.002670573471810113,0.02290718628055881
ENSG00000095383.21,1223.7579837917674,1.1844147321455498,0.3944034052194548,3.003054021520213,0.00267284981452714,0.02290718628055881
ENSG00000165164.15,16.38823412591969,4.429382110566424,1.4750357278579307,3.002898185387577,0.0026742188150658984,0.022911210036509755
ENSG00000105122.15,1253.3091489990727,1.7736205111391234,0.5907290733578371,3.0024263086586633,0.0026783681008565614,0.022939043005015963
ENSG00000172465.16,1374.771168700201,-1.3301923644391176,0.443121166952813,-3.0018705122717977,0.0026832628509819295,0.02295072636708125
ENSG00000159166.17,1368.257953756052,1.6121818467093219,0.5370336161932172,3.0020129058909437,0.0026820080501875967,0.02295072636708125
ENSG00000149043.18,578.8767090884388,-2.0243822199696604,0.6743701433240309,-3.001885893096185,0.002683127286268196,0.02295072636708125
ENSG00000280422.1,9.962510354771364,-2.8688356316456267,0.9556853307503471,-3.00186216041758,0.002683336465830472,0.02295072636708125
ENSG00000286276.2,11.05667737433862,2.2566299473643476,0.7518225809666922,3.0015458493715053,0.00268612585117999,0.022966871955490274
ENSG00000004864.16,1181.0324573381463,1.1915778302200482,0.3970210018497457,3.0012967189856767,0.00268832466975065,0.02297795894738886
ENSG00000166762.20,96.66804623667882,-1.2498772599990802,0.41664823096224773,-2.9998381539086165,0.0027012309662620532,0.023080527991164293
ENSG00000134285.13,1142.1493202026736,1.442671194880172,0.4809858960560296,2.999404362393438,0.00270508033396878,0.023105667735251106
ENSG00000158715.8,735.8450300652435,1.6957591111833643,0.5654106289634768,2.99916383654136,0.0027072168654026646,0.023108418491511816
ENSG00000144959.13,1121.6055147046504,1.2719134026332422,0.4241479684549523,2.998749250801443,0.0027109031472986526,0.023132132015023107
ENSG00000123095.8,2493.0583530531176,-1.309043179457444,0.4365778438095146,-2.998418719637543,0.0027138453445704424,0.023149482508892746
ENSG00000230533.6,23.035917450715615,4.170523857755868,1.391190606640703,2.9978090980835472,0.0027192794973557814,0.02318807100004992
ENSG00000034510.8,38490.05584111479,1.1024157219203765,0.3678471592466703,2.99693960985878,0.002727047298886856,0.023246526690076007
ENSG00000075035.12,39.624544345834245,-1.7286233121455807,0.576934787802003,-2.9962195878866353,0.0027334951434709116,0.023293695148660955
ENSG00000173253.18,119.86686029703172,-2.7050313851304817,0.9028723524537363,-2.996028594495133,0.002735207837698949,0.023295261826058955
ENSG00000307567.1,5.457836658269271,-3.6925765567713063,1.232572427796498,-2.9958292701489535,0.002736996283464024,0.02330014449736369
ENSG00000308204.1,16.629704465191256,-2.398947231294229,0.8010260895949326,-2.994842817800531,0.0027458630038266446,0.023352212544396816
ENSG00000102225.19,4418.83877252332,1.188798654840139,0.39694118333462947,2.9948987526395254,0.0027453595329638585,0.023352212544396816
ENSG00000148965.12,35.51779548433703,-2.251715755205418,0.7519553559185204,-2.9944806396849537,0.0027491250197279804,0.023372150660043854
ENSG00000180769.10,206.02359489789976,-1.8360047894102718,0.613180604296697,-2.9942316774943074,0.002751369390732615,0.023383426677127277
ENSG00000186684.16,112.59044689965091,2.2077461187197556,0.7373757415037794,2.994058516513375,0.0027529314076997426,0.023388897893769224
ENSG00000101280.10,105.57222635270423,-2.586295009101649,0.8639686776770648,-2.993505523898585,0.0027579251620575493,0.023423511771513115
ENSG00000127533.5,95.29840646264498,1.4393371950210405,0.48094024385604534,2.9927568204333133,0.002764699453139636,0.02347321992363989
ENSG00000267475.4,64.20385896451742,1.7961606680195925,0.6002845586749316,2.9921820277776896,0.0027699105038464737,0.023509626938844893
ENSG00000121690.13,107.93545283818005,1.6667101849382095,0.5570796197493385,2.991870687511699,0.00277273684849745,0.023525776238533826
ENSG00000237234.8,12.731804521798455,-2.2861185402026707,0.7642374463025727,-2.9913720549327323,0.0027772689195688953,0.023556382500945498
ENSG00000128422.20,5398.0681844696355,-1.8370797765703992,0.6142661921691814,-2.9906900298110988,0.0027834788018880866,0.023601194594837366
ENSG00000288730.2,49.461923402177966,2.906563069189892,0.9719504210151069,2.990443757567667,0.0027857242410037476,0.023612373425160222
ENSG00000129925.13,2819.335005746572,1.1487884954220298,0.3842610910428807,2.989604001550689,0.0027933933379817844,0.023669501567443123
ENSG00000159450.13,19.745608965585593,2.440148659090592,0.8162684992512567,2.9893946187178377,0.00279530853387541,0.02367785289868326
ENSG00000125378.18,800.4534628156969,-1.9751604921396126,0.6608414456796203,-2.988856865822519,0.0028002327817329494,0.02370239078617358
ENSG00000224875.3,22.014267474355716,3.079396352210864,1.0303210910073834,2.988773479537358,0.002800997065933119,0.02370239078617358
ENSG00000249201.3,5.632556678865652,-3.8093833860384385,1.2747941174861903,-2.9882342048693245,0.0028059444361462358,0.023720614249280045
ENSG00000175294.6,14.73137510547966,2.4134702981915326,0.808039000267363,2.986824023831729,0.002818919347151387,0.023822393726374576
ENSG00000114270.19,945.8444915359306,-1.4628145013588412,0.489816736696481,-2.986452670491915,0.002822345227217368,0.02384343458787847
ENSG00000267082.3,41.0339244497095,-1.4724366383259604,0.49306577500203247,-2.9862884689570897,0.002823861262576118,0.02384833230075474
ENSG00000286733.2,17.33742349164091,3.600628996027952,1.2058012599458747,2.986088268135974,0.002825710677150454,0.023856041318428646
ENSG00000081760.19,4174.077142610894,2.2671136856891345,0.7592769468981351,2.98588505149662,0.0028275890823028344,0.02386398989905086
ENSG00000266094.10,1980.7595313618647,1.6459349767887492,0.5512929253002525,2.9855906021146894,0.0028303128077722707,0.02387906509664376
ENSG00000015133.21,2383.8530174334064,1.1835321029156192,0.396468741288744,2.985183898908351,0.002834078847129322,0.02389500904178449
ENSG00000164107.10,113.08416912742481,-1.9804143124462803,0.6635523256506637,-2.9845638932910576,0.002839828855004361,0.023935566103843838
ENSG00000132837.17,115.43059928007341,-2.077470086575238,0.6961465778708065,-2.984242331448741,0.0028428152518536914,0.023950787013985862
ENSG00000138757.17,7056.96446640048,1.0067051788359582,0.33734880854839977,2.9841669907410546,0.002843515367684553,0.023950787013985862
ENSG00000116729.16,2698.9140329872794,-1.8157386812216476,0.6085090744562187,-2.9839138928934528,0.0028458684736728363,0.023957273208676452
ENSG00000244541.7,45.34070563963908,3.9123261425367803,1.3111975992328446,2.983780739703767,0.002847107141559563,0.023957273208676452
ENSG00000253133.2,6.514250304147216,-3.1902887917437464,1.0691740720072918,-2.9838815542489034,0.002846169261178769,0.023957273208676452
ENSG00000231475.3,213.14985523282542,3.3969692858275025,1.1386380057351564,2.983361936557058,0.0028510062999512497,0.02397424280820676
ENSG00000120254.18,735.0516387264186,1.372976538118567,0.46030307524949987,2.9827663814202574,0.0028565594583644972,0.02400508939755926
ENSG00000180448.13,2309.8999071769217,1.6779907508849488,0.5625583932308532,2.982785024765177,0.0028563854718626543,0.02400508939755926
ENSG00000173372.20,3938.218018161336,1.619015280397187,0.542823951008207,2.982578932617342,0.002858309336811135,0.02401187240036821
ENSG00000222041.13,393.97365258513474,1.0980611168706937,0.3683030439412059,2.9814065751951344,0.00286927578666288,0.02408017250810221
ENSG00000243466.1,3038.841589688705,2.7140864242355214,0.9106352589642664,2.9804319539773307,0.0028784217995056574,0.02414897287720968
ENSG00000156127.8,582.0658444459397,1.494495885413396,0.5014783504418661,2.9801802691911936,0.002880787972464483,0.024160866133237684
ENSG00000140297.15,40.73159299205902,2.5629587373814493,0.8601269241325132,2.9797448091353944,0.002884886072310004,0.02417931330957819
ENSG00000259347.10,28.892523287976253,-2.453744267406,0.8234652923994187,-2.97977861368785,0.002884567748390303,0.02417931330957819
ENSG00000203668.4,1309.3828818658671,1.4457577829738604,0.485284601492201,2.979195668950347,0.002890061598683915,0.02418811426739901
ENSG00000113615.15,1918.2440816225396,1.291528608209844,0.4334910044959222,2.9793665723506226,0.002888449963758742,0.02418811426739901
ENSG00000296343.1,65.30214745350477,-1.7444035600096748,0.5854706184685519,-2.979489499528787,0.002887291256357845,0.02418811426739901
ENSG00000117448.16,6519.312722708673,1.5145453344134054,0.5083829665583887,2.9791425638558593,0.002890562551782066,0.02418811426739901
ENSG00000287879.1,9.21337251964617,3.500960683460379,1.1751622401561332,2.9791296587228993,0.0028906843009682613,0.02418811426739901
ENSG00000226012.1,6.241918281805035,6.190406680306953,2.078379498350473,2.978477551967787,0.002896842483008232,0.024205861380838578
ENSG00000259225.10,20.79693566205709,2.50680241923368,0.8416349719422805,2.9784912732994147,0.002896712782124724,0.024205861380838578
ENSG00000138346.18,273.28603042354354,1.7047682221609581,0.5723718087138489,2.9784280011827744,0.0028973109059265583,0.024205861380838578
ENSG00000260455.3,18.980508964785415,-1.841060929925866,0.6181371553252699,-2.978401984195694,0.0028975568823437175,0.024205861380838578
ENSG00000164303.13,111.98480758805772,-2.1661536003191326,0.7273567876147637,-2.9781169808322616,0.00290025268201158,0.02422043805361212
ENSG00000128564.10,53.95239472286312,3.8308719788626995,1.2863927634754742,2.977995591729506,0.0029014015764723395,0.024222090971591927
ENSG00000136114.19,424.8820939906546,-1.0680878193242758,0.3588476581905203,-2.9764380369934145,0.002916180053331002,0.02433660770221562
ENSG00000308259.1,8.54649075439712,-2.5559110064828094,0.8587404419971767,-2.9763487096735717,0.002917029693175151,0.02433660770221562
ENSG00000300612.1,34.230023495555436,-2.7054023517414776,0.9093521992379596,-2.975087489763168,0.0029290499678206153,0.024420894183423535
ENSG00000153303.18,115.75404292242622,-3.1281685964401826,1.0515663427436996,-2.9747705582496167,0.002932077636880281,0.024438137921785875
ENSG00000123329.22,846.9541762383074,1.7964132146995035,0.6039374148425418,2.974502275484726,0.002934642792845131,0.024451516708066185
ENSG00000131016.19,2551.713293400556,-1.4085262195474813,0.47363638782915923,-2.9738555899457984,0.002940834425254023,0.02447739827371774
ENSG00000101986.14,1106.449275155053,1.7521072924954446,0.5892530925070483,2.9734375852672965,0.002944842914066351,0.024488440700027436
ENSG00000260895.1,8.203141116482685,-3.0611527211825162,1.0295363535807758,-2.973331354969335,0.0029458624121253257,0.02448892346581076
ENSG00000183287.17,114.90763092957866,-1.3260445095440059,0.44602278979686966,-2.9730420504923547,0.0029486405163933944,0.024504020421878027
ENSG00000102001.14,57.844225990062995,-1.463924159286108,0.49286610005036,-2.970226921950054,0.0029757984352946727,0.024642291577528855
ENSG00000109861.19,7492.186347235538,1.617438265878882,0.5444100940329629,2.9709924257593747,0.0029683910159465365,0.024642291577528855
ENSG00000076662.13,159.17513814278743,1.9074010440602953,0.6420956477619245,2.970587093540804,0.0029723111263851563,0.024642291577528855
ENSG00000271503.8,4710.801230364254,2.0818418985487868,0.7006869087688811,2.9711442764167217,0.0029669236299240927,0.024642291577528855
ENSG00000116396.16,1153.6639235980138,-1.113882837779273,0.37498663878488364,-2.9704600712940805,0.002973540574913534,0.024642291577528855
ENSG00000272763.2,13.86637049561216,3.2602039958813527,1.0975903256038353,2.97032865526376,0.002974813039209984,0.024642291577528855
ENSG00000111679.19,2607.3818996263913,1.4402972704519534,0.4849454126814783,2.9700193728772706,0.002977809693930431,0.0246499157341898
ENSG00000300260.1,17.22487537100445,4.033987501679528,1.3583093973396876,2.9698590833430742,0.0029793638317189577,0.02465476808242806
ENSG00000253838.1,7.52417610303723,4.9118763328259805,1.6539971963709148,2.9697005192047943,0.002980901968483721,0.02465948491044133
ENSG00000144230.19,44.99557705439762,-1.7758638507291706,0.5981361016666582,-2.968996263193057,0.0029877422974012107,0.02470804677178774
ENSG00000123243.17,3589.3060855165186,-2.373889119799793,0.7997062464946229,-2.9684513910018016,0.002993044378581053,0.024743860229418373
ENSG00000127129.12,203.76277298514202,2.323080270616032,0.783043951109129,2.966730369764743,0.0030098478404735796,0.02485857144769862
ENSG00000073737.19,166.87028944745964,1.8086835467230105,0.6097450705509074,2.9662946599779096,0.003014115590889787,0.02486169135772471
ENSG00000143320.11,2894.6091540536927,-1.429447107254775,0.48188553600954603,-2.9663623421692784,0.0030134522860766656,0.02486169135772471
ENSG00000266967.9,47.83092379616181,-1.1800766692014575,0.3978222326108742,-2.9663416784343917,0.0030136547824603306,0.02486169135772471
ENSG00000237773.9,40.821264474988055,-1.8484241647793966,0.6231682228087991,-2.9661720497364503,0.003015317545471833,0.024863435804698304
ENSG00000136378.17,611.5657120150995,1.6783167880063443,0.5659471289129969,2.9655010199094978,0.003021903433652407,0.02490161836252361
ENSG00000163154.8,326.2924080809823,1.6112517540269229,0.5433792398672955,2.9652434907532053,0.003024434461045561,0.024908667570217827
ENSG00000101331.19,275.60649259086574,-1.3595606983438417,0.4585032467074323,-2.9652149861686103,0.0030247147263430464,0.024908667570217827
ENSG00000262179.6,45.26875028038032,-2.455066883642605,0.8281324288360055,-2.964582472749392,0.003030939879065525,0.024951864789811887
ENSG00000177301.18,282.67396362659935,2.2672478671902314,0.764855510776334,2.9642825804954427,0.003033895479523058,0.02496812657800705
ENSG00000152192.8,10.935465797711212,4.809619974805883,1.6225874242115688,2.964166924406507,0.0030350360351059967,0.024969445365046784
ENSG00000112578.13,839.1996672212108,1.2567268918891215,0.4242703270348635,2.962089997365884,0.003055584569180552,0.025130382486792977
ENSG00000226031.6,21.271133085030513,-2.7732155599596005,0.936409915091509,-2.9615401495279907,0.0030610458102290567,0.025167171669575307
ENSG00000260473.3,14.1431820418603,-2.6262199051472725,0.8870364084093013,-2.9606675444774613,0.0030697310407870235,0.025227917276611285
ENSG00000288738.2,24.22743145541706,2.6466930096537156,0.8941097288444008,2.9601433965766764,0.003074958798022151,0.025244457143221672
ENSG00000204394.15,2848.5536033316434,1.041598894997266,0.3518854758486409,2.9600508304164754,0.0030758828793664397,0.025244457143221672
ENSG00000005059.18,945.2387844708902,1.0646656548488043,0.35966263220056727,2.9601786772641128,0.0030746066600868117,0.025244457143221672
ENSG00000151090.22,1141.4332831261295,-2.1866473853012343,0.7388856068561908,-2.9593855463025975,0.0030825318170929848,0.025286688538864864
ENSG00000171451.17,372.4111403978575,-1.3277055455694078,0.4489667120172974,-2.9572471856627427,0.0031039917373630005,0.02542179213581125
ENSG00000240891.9,195.8362293734527,2.0522923127736385,0.6941050195344057,2.9567461047181056,0.003109040089107139,0.025454953426437783
ENSG00000237080.3,13.323188443683092,-2.060556723226365,0.6969698377609123,-2.9564503534989646,0.003112023271824188,0.025463008273894597
ENSG00000140955.13,8.57113974819805,-2.3106868092692783,0.7815657359603476,-2.9564842763098174,0.003111680966838981,0.025463008273894597
ENSG00000118276.14,222.50632218471307,-1.0203702513055655,0.3452207806056577,-2.955703447270529,0.003119568785361103,0.02550835843721755
ENSG00000167634.13,11.17354243868184,3.279612993808276,1.1097275746050859,2.9553316226961184,0.00312333130523063,0.02551848282756308
ENSG00000273156.2,34.125248140952664,-1.4260691287434792,0.48284755336784363,-2.9534562592203284,0.00314237137653011,0.025634544651851707
ENSG00000157778.11,1507.5910179430223,1.1513274283325436,0.3898325874546755,2.953389391712679,0.003143052214193902,0.025634544651851707
ENSG00000134258.20,3211.185992086825,-1.362137323042611,0.4611873433792142,-2.953544459962738,0.0031414735318223614,0.025634544651851707
ENSG00000140743.10,1603.2265528342045,1.2286677585017742,0.4160537616219776,2.953146616706064,0.003145525253369411,0.025646502473934785
ENSG00000227544.11,15.606330513169858,-2.07653002062129,0.70325468009046,-2.952742554595136,0.003149645184481998,0.025661106885435676
ENSG00000142347.23,1583.2820034337615,1.4691796595792683,0.4975629056785007,2.952751587411494,0.0031495530296147445,0.025661106885435676
ENSG00000307342.1,13.337765925711869,2.2245259140428506,0.7533935290995543,2.9526745692939174,0.003150338865013441,0.025661106885435676
ENSG00000149485.21,913.339849371626,1.0831166854753773,0.3669547964621432,2.951635176642573,0.0031609615481161353,0.02573940268288558
ENSG00000181577.17,1230.9653847183672,5.941031841794434,2.0133996821670874,2.95074638901299,0.003170070919471586,0.025805329622838213
ENSG00000211793.2,23.92876595170949,2.869598510088997,0.9725391178500825,2.9506252832612,0.003171314008390759,0.02580720099288212
ENSG00000112029.11,499.81833084312285,1.2661054442804758,0.42928915127738404,2.949306872799087,0.003184875596176714,0.02590928339515078
ENSG00000134762.18,1585.1590446792259,-1.4644264395963869,0.4966132496615443,-2.948826759242598,0.0031898273104306054,0.02594128078671071
ENSG00000301902.1,8.936208038108171,-2.931355777888597,0.9949255307203952,-2.946306720831751,0.0032159333127288704,0.026143341040273195
ENSG00000168269.11,555.535235144618,-2.3589008653195407,0.8006504850357995,-2.9462304830978367,0.0032167261128426914,0.026143341040273195
ENSG00000168589.16,44.13267592848736,-2.0668802190227673,0.7017713592091525,-2.945233076128951,0.0032271146186801146,0.02620268933771157
ENSG00000122694.18,2777.021977987549,1.4456659391442843,0.49089783073984483,2.9449426104928675,0.0032301457100686578,0.026218942441414525
ENSG00000185432.14,4701.281612436794,-1.0961372342600764,0.3723196688057782,-2.9440755514634924,0.0032392091531846033,0.0262841339091319
ENSG00000144460.14,19.61216038628525,-2.412417879493183,0.8196058916429827,-2.9433876746020555,0.003246416066407109,0.026334224085176907
ENSG00000183598.4,15.515472073258504,2.4325468437768127,0.8265664295887506,2.9429538349229842,0.003250968931494797,0.026354369718047096
ENSG00000255648.1,4.521610878596004,-4.746049799960039,1.6126461378039196,-2.943019977354206,0.0032502744340878577,0.026354369718047096
ENSG00000280721.2,20.57618821433572,3.4095106257180565,1.1587288875703114,2.9424576035791357,0.0032561836884786935,0.0263798520131173
ENSG00000115009.14,23.797507283640957,2.26026918611366,0.7685973495894614,2.940771507110922,0.0032739593965819334,0.026506999297628234
ENSG00000211892.4,21581.75314400852,4.225025377553486,1.436934296760332,2.9403051949411316,0.003278891083589934,0.026538492148115413
ENSG00000162004.21,105.53182193818574,1.357073809046227,0.4616053835627356,2.939900307427395,0.0032831786353746074,0.026564753183490036
ENSG00000233760.4,36.6189645467756,-1.9716635768917083,0.6708094074194129,-2.939230659386023,0.0032902810757332868,0.026613766046364732
ENSG00000188163.8,4.869404934151405,-4.050549514533462,1.3782405963172621,-2.9389277353727374,0.003293498552389315,0.026631333850129602
ENSG00000002549.15,6873.109889638855,1.2256534991417787,0.4172520165214332,2.937441763277422,0.0033093232045235664,0.0267508001721421
ENSG00000140030.8,317.70219882765304,1.6230649356420244,0.5527866604849028,2.936150691875011,0.0033231284804541824,0.026821934202776846
ENSG00000188848.18,25.03760146818016,3.338435354463771,1.1370202973986598,2.936126436882116,0.003323388337480418,0.026821934202776846
ENSG00000231473.6,15.983320468372117,-2.052866471893603,0.6991181850337054,-2.9363654326837914,0.0033208286515787693,0.026821934202776846
ENSG00000226887.10,70.68976592622356,-1.577575930111945,0.5372603715388816,-2.93633406386046,0.003321164514638545,0.026821934202776846
ENSG00000211592.8,216717.78810007242,2.335957864916421,0.7956506495819979,2.935908952181007,0.0033257191972967666,0.02683224379928601
ENSG00000163535.20,512.1580223472348,1.7188275577491643,0.585510304172099,2.9356059927579845,0.00332896860127118,0.026849955428428822
ENSG00000211625.2,566.3442643140856,2.6386702524222367,0.8989387028308307,2.9353172180848937,0.0033320685574064817,0.026866450847008706
ENSG00000155719.19,34.03033287918197,2.106893866544436,0.7178174703942257,2.9351387413116723,0.0033339857951632354,0.026873402591329993
ENSG00000279254.1,12.21221771900721,-2.42814418936902,0.8273366377336692,-2.934892616408791,0.003336631372434136,0.02687889527465354
ENSG00000294256.1,12.330776354738601,-2.333038852193129,0.7949352772391013,-2.9348790008364367,0.0033367777809451727,0.02687889527465354
ENSG00000115241.13,3909.79703370879,1.0300420690258567,0.35105825681039976,2.9341058045023103,0.0033451015820364694,0.026920405180426824
ENSG00000196890.5,56.22205678385896,1.3044429024743627,0.44460707471615446,2.9339229550207753,0.003347072800334019,0.0269277609909374
ENSG00000178773.17,164.06560363081212,1.7956297080708292,0.6121147713030514,2.9334853400912824,0.003351794826890522,0.026938917882977222
ENSG00000143554.16,1311.0025171424454,-1.0104729206312393,0.344456180758526,-2.9335311051933504,0.003351300720668728,0.026938917882977222
ENSG00000172935.12,497.0098654762469,-1.76120812857055,0.6003977185781859,-2.9334024332092787,0.0033526901059651283,0.026938917882977222
ENSG00000183049.15,1400.923932968781,1.136898236062371,0.38756691898074325,2.933424346567771,0.0033524534509859986,0.026938917882977222
ENSG00000304103.1,5.4308934579505905,-5.786137385731714,1.9731715257126818,-2.9324046644357704,0.0033634817151942365,0.027008588514411222
ENSG00000176177.10,6.355019772922432,6.225632739593967,2.123350820530936,2.9319849924927954,0.003368030220910381,0.027036589270976463
ENSG00000060982.17,663.0346735544528,1.3693257639603686,0.46718951174106294,2.930985669728197,0.0033788836779914742,0.027106628712479004
ENSG00000286522.3,10.115839784872218,3.706213814481769,1.2651896638141746,2.9293740855490586,0.0033964538966484575,0.02723043034357345
ENSG00000211949.3,5197.562291653199,2.7899940252403663,0.9524028367861985,2.9294264123099016,0.0033958821025620377,0.02723043034357345
ENSG00000188747.11,943.1010560398216,-1.1070821445239358,0.37795161142854383,-2.9291637105064776,0.0033987536281502584,0.027240293789369173
ENSG00000112699.13,906.7580302767642,1.0193271562070672,0.34801341431459587,2.928988120226939,0.0034006741925903874,0.02724711304167026
ENSG00000143322.22,1640.4928106408108,1.0086861901455724,0.3444724444203785,2.9282057432571227,0.0034092436595243667,0.027307184041429292
ENSG00000212664.5,30.25198716174863,-1.3768265739910786,0.47030562407980664,-2.9275145851911892,0.003416830344808824,0.027359347913431486
ENSG00000159433.13,1101.1251419131063,-1.3344447667897419,0.45586356339135975,-2.9272898164140364,0.003419300890508707,0.027370525764345465
ENSG00000123689.8,1108.3863716231622,-2.8350865358429638,0.968610571046126,-2.9269622081255964,0.003422904709043753,0.027382162639464018
ENSG00000136848.20,4952.215569232746,-1.0086405482778504,0.34459495944434687,-2.9270322174888017,0.003422134288459397,0.027382162639464018
ENSG00000188676.17,15.407380311306781,2.5842475685356745,0.8831067718134972,2.9263138399774835,0.0034300472056700885,0.02742207544746479
ENSG00000131067.19,1402.4857504355682,-1.0416987304076188,0.35604899330096534,-2.9257173872335014,0.003436629774640318,0.027466080009370425
ENSG00000109576.16,704.6409038758453,2.0315280529147355,0.6944309545203037,2.925457224639513,0.003439504579863219,0.02747181597795423
ENSG00000184979.14,569.8163666062285,1.5748410835157058,0.538513738837718,2.924421365580585,0.0034509725783395564,0.027537507062307908
ENSG00000204618.11,505.87006725875165,-1.8867256792919012,0.6452369460133944,-2.924081906575658,0.0034547382944925746,0.02755029401973086
ENSG00000135773.15,371.9538930039823,4.605697856469879,1.5752690485381609,2.923753158702595,0.003458388753540398,0.027554781206017412
ENSG00000234380.4,73.57154528410841,2.8414336021258073,0.9718492769301844,2.923738968146529,0.0034585464063302445,0.027554781206017412
ENSG00000136449.18,40.06784805102311,-1.3720446749852377,0.4692553157842392,-2.9238766804212313,0.0034570167408068996,0.027554781206017412
ENSG00000050628.23,1216.0972468139405,-2.002132721727826,0.6851754927912288,-2.9220728744568083,0.003477101736062961,0.02769395194473411
ENSG00000115085.18,1178.3754139287385,1.6831044212001565,0.5760359629955312,2.9218738574022223,0.0034793242412153396,0.027702990855891188
ENSG00000184347.17,5417.21096609918,-1.7067698691721362,0.5841588676225858,-2.9217563299490106,0.00348063732562584,0.02770478541281743
ENSG00000181192.14,2319.2506751857863,1.5238219170939575,0.5215721370271474,2.9215937909939456,0.003482454047615702,0.02771058639388302
ENSG00000011465.20,66858.89877076574,-1.4940378128522773,0.5114482127256021,-2.921190798361135,0.0034869620787813032,0.027737792351230035
ENSG00000082212.15,2017.1805174570138,1.2694044936350584,0.43465027568522047,2.920519241898234,0.0034944861686958804,0.02778029251025367
ENSG00000127152.18,639.8161420735685,1.789854505977369,0.6128465419674485,2.9205590362496285,0.0034940399030144796,0.02778029251025367
ENSG00000179715.15,600.1568338459087,1.3916786513818868,0.47654201164901916,2.9203692798587513,0.003496168353632461,0.02778499348997579
ENSG00000136250.15,941.9911149227274,1.6456690169103465,0.5635802269607433,2.920026179387193,0.0035000198225728857,0.027798255347912058
ENSG00000072501.21,5353.697922352546,1.1230586930028619,0.3846040058026575,2.9200389909072078,0.0034998759376915676,0.027798255347912058
ENSG00000174442.14,537.3441651314445,1.1196034463120632,0.38344644512731135,2.9198430720627337,0.003502076870689424,0.02780592268495334
ENSG00000144451.21,625.0352088599807,-1.0322911890757962,0.35357969180542004,-2.9195432118988345,0.003505447909332365,0.027824014864008935
ENSG00000174059.19,4038.132936219551,-1.2402830462583705,0.4248792479032627,-2.9191424443039886,0.0035099579632971367,0.027842460069492796
ENSG00000167114.15,1207.9037172971937,1.0199361061356758,0.34944973228987475,2.9186919087109806,0.00351503438716674,0.027864309998902836
ENSG00000109084.15,628.8383832822796,1.7416908861813094,0.596716029937301,2.918793527910277,0.0035138888065360833,0.027864309998902836
ENSG00000151655.21,55.00548261989742,-2.0869769990918274,0.7151229005332422,-2.9183473183919033,0.00351892157722944,0.027870165265426326
ENSG00000130695.18,532.1528033016508,1.0496588132030393,0.3597006972008294,2.9181450616343674,0.0035212049787235163,0.02787958098012642
ENSG00000124942.15,69896.12433161195,-1.167250217862004,0.4003730837075398,-2.9154063181595995,0.003552257353551796,0.028116702005070788
ENSG00000183134.6,51.285991412825936,-1.7483912123392282,0.5998293070515369,-2.9148145843914355,0.003558999181539668,0.02816131349891174
ENSG00000107518.20,117.03580277767436,-3.2055493714745324,1.0998802844414408,-2.914452978946183,0.003563124805761106,0.02818066589860889
ENSG00000184465.19,676.1540684338682,-1.2078149756375431,0.4144291670485548,-2.9144063006936833,0.0035636576836174175,0.02818066589860889
ENSG00000254726.3,1838.9558451408698,2.6581466429139327,0.9123174116128367,2.9136204231976004,0.0035726401349882135,0.028242928888356545
ENSG00000282939.1,49.57474419084123,2.0041238713601266,0.6879944957286674,2.9129940483572074,0.0035798142414805692,0.028273317378217543
ENSG00000283083.3,4.464095905645379,-4.730193040735639,1.6238231954533833,-2.9129975812514086,0.0035797737411944084,0.028273317378217543
ENSG00000116194.15,416.82448232065286,-1.6038944014855596,0.5505914572665903,-2.9130390243395508,0.0035792986782895095,0.028273317378217543
ENSG00000260428.5,124.979579663135,1.3941137768438776,0.4787082983211404,2.9122406729382395,0.0035884602912923456,0.028315263965150973
ENSG00000289981.2,4.962577703866406,3.64160962064402,1.2507423684101622,2.9115585372493022,0.00359630514495734,0.02836837669470685
ENSG00000258768.2,35.75520676518889,-1.7929068225382425,0.6158273291018318,-2.911379111987691,0.003598371202144374,0.02837588634359732
ENSG00000160182.4,75.27430115112183,-2.9836640419435336,1.0250394466417307,-2.910779728252133,0.0036052808528272374,0.02840399276287119
ENSG00000173421.19,59.73352576972962,-1.312649544682973,0.450954022264622,-2.9108278890407675,0.0036047252133303855,0.02840399276287119
ENSG00000186918.16,2038.5274140717852,-1.0241086020852945,0.35185607612540754,-2.910589503988798,0.003607476265206137,0.02841250091251253
ENSG00000105352.13,17.599584424639886,2.192974541247029,0.753577254680987,2.9100858971325825,0.0036132943543214463,0.028449527202139585
ENSG00000255052.6,129.8390186197812,-1.4379323259013563,0.4941432789981668,-2.9099501845226774,0.003614863679401336,0.028453088003099945
ENSG00000245849.9,558.1564976304514,-1.0215319649065053,0.3510783001148919,-2.909698390849576,0.0036177769604935077,0.028467221798186636
ENSG00000102524.13,1499.0261964931738,2.119363464957415,0.7284482554047251,2.9094221164410623,0.0036209759431577626,0.028483594270590294
ENSG00000291250.2,56.47964759309912,3.819496773986315,1.3132133174746285,2.9085120621007627,0.0036315316690782714,0.028557808935811255
ENSG00000267452.4,18.5945890410397,3.624370590935335,1.246482881423332,2.907677790806677,0.0036412329647899245,0.028616428523963025
ENSG00000050165.21,3519.0524271048575,-1.1196360647852597,0.38509745175534826,-2.907409695083006,0.003644355506921184,0.028632134212458197
ENSG00000229487.1,5.035617315822445,-5.670845258522796,1.9514648663363245,-2.905942790130384,0.0036614838727789456,0.028757052088818163
ENSG00000297878.1,4.639957362162416,-4.05079439199107,1.3940112760253398,-2.905854824604328,0.0036625133279465324,0.028757052088818163
ENSG00000131187.13,120.20848419185809,1.9272174017539312,0.6632932771989645,2.9055283205830444,0.003666336686305186,0.02877473546154936
ENSG00000160223.20,278.17931122846215,1.3827835203930052,0.4759463775372967,2.9053346882226156,0.00366860583300451,0.028778275076211234
ENSG00000266964.8,8.674007494365055,-2.8748073265046443,0.9897265833360387,-2.9046479855220486,0.0036766634907191486,0.028830808021136748
ENSG00000273669.1,24.657630107215176,1.6365968145063452,0.5634555838997419,2.9045711166428902,0.0036775664583515878,0.028830808021136748
ENSG00000224041.3,355.257920040025,2.7030732596156324,0.9308305044160113,2.9039371258159385,0.0036850215501166117,0.028880364277852375
ENSG00000247934.4,96.42619921297529,-1.0892451709481568,0.37510543314859923,-2.9038373606192174,0.0036861959384938015,0.02888068186692575
ENSG00000182873.5,73.06576561028484,-1.1067692564530045,0.38115584741690767,-2.9037184237197913,0.0036875964516698326,0.02888277036300194
ENSG00000163814.10,927.6044262993255,1.4533994613689305,0.500593753335181,2.903351173852508,0.00369192396885366,0.028892150525567588
ENSG00000123612.18,437.6351014083717,-2.542180444461143,0.8755620953796264,-2.903483896660583,0.0036903594868762657,0.028892150525567588
ENSG00000309201.1,9.135608853809135,-6.522358527562233,2.246511069984305,-2.903328015921061,0.0036921970068204035,0.028892150525567588
ENSG00000121807.8,911.5092541402948,1.9776813944943956,0.6813624729187239,2.9025393576823872,0.0037015064558987587,0.028947212446483662
ENSG00000299251.1,8.981212215325511,3.1594876362624293,1.0884895238740369,2.9026348595598006,0.003700378001853272,0.028947212446483662
ENSG00000289551.3,10.973819085011908,-2.598771455231712,0.8955350030207566,-2.9019205798385506,0.003708825543554439,0.028977759331250037
ENSG00000211777.2,22.12221050448366,2.77010659914251,0.9546984943307478,2.901551239047863,0.003713200483597538,0.02900304493030141
ENSG00000175164.16,179.02621346977864,-1.9586663560952944,0.675285225439355,-2.900502309703199,0.0037256509248680004,0.029091371768029686
ENSG00000306193.1,7.396003992942628,-4.813696976119521,1.6601363888764942,-2.8995792203417787,0.0037366390673712886,0.029168229753298833
ENSG00000173457.13,4619.126247089886,1.3372689857996947,0.46125577552054775,2.8991918513985584,0.0037412589441404675,0.0291953451489589
ENSG00000275880.1,72.66046563423475,3.026321833846151,1.044153170517087,2.898350471269892,0.0037513113831915816,0.029264824576193806
ENSG00000140853.19,3119.9074302493696,1.7058501809838174,0.5886690349922394,2.8978085810243206,0.003757798639924241,0.02930504628623633
ENSG00000293323.2,6.745778240211449,-2.8406348835895465,0.9802973972041539,-2.897727660698832,0.00375876825476558,0.02930504628623633
ENSG00000175643.11,258.2909459626661,1.4846452439254414,0.5124001592906733,2.8974332209042792,0.0037622982517548564,0.029323592035020794
ENSG00000262966.2,5.228054475018791,3.953178118925601,1.3644893275019077,2.8971850781442434,0.0037652755395142304,0.02933781990424196
ENSG00000153563.18,1976.0510748232105,2.1662698323756078,0.7478033328566488,2.896844313464532,0.0037693676209925708,0.02935174646111335
ENSG00000234383.1,4.750738537982961,-4.082919989385249,1.4095792507524276,-2.896552277713937,0.003772877755626905,0.029370100645957485
ENSG00000250331.3,33.83518871270162,-2.4725442886753477,0.8536849511087402,-2.8963194038551134,0.003775678920348507,0.02938292630009069
ENSG00000278030.1,60.123085344480174,2.324357354562776,0.8026149849235288,2.895980511483019,0.0037797587244159567,0.029405691652290417
ENSG00000069020.20,1727.2427353665316,-1.1003710782663665,0.380056947851779,-2.8952794692639263,0.003788211039600444,0.029453456468151073
ENSG00000226004.3,53.94475804739998,3.760882400051487,1.2991484110107425,2.8948828079815034,0.0037930011047848464,0.029481700073230033
ENSG00000251615.3,350.23108077202005,-1.313291889591994,0.4538444840437657,-2.8937046406084534,0.0038072610764685556,0.02957448822163177
ENSG00000155561.17,3199.961348167534,1.326194282188841,0.4583255234704963,2.893564102969299,0.003808965324646027,0.029578706031725292
ENSG00000297460.1,12.29095289037687,2.491423724797046,0.8611404360327131,2.8931677349574625,0.003813775668782595,0.029607034458872746
ENSG00000172673.14,360.53679128280334,1.8880549496352552,0.6526217311393355,2.893031076882963,0.0038154354379988653,0.029610894589052132
ENSG00000307839.1,18.67680289733227,-2.3029352632615185,0.7960671099712445,-2.89289085607959,0.003817139160261544,0.02961509337527316
ENSG00000147488.15,13.207141921438653,2.1803259704901574,0.7537096169796192,2.892793088175648,0.0038183274768274567,0.02961529207133744
ENSG00000143412.12,142.0169835233743,-1.6120156746287415,0.5573741010601634,-2.892161066620387,0.0038260174742497438,0.02966373174778301
ENSG00000196159.15,1274.8035074366067,-1.4211786655880876,0.491402215358853,-2.8920884382872654,0.0038269020660050635,0.02966373174778301
ENSG00000258227.9,159.348539837046,2.379177123047084,0.8229844907311733,2.8909136804429028,0.0038412361070050303,0.029755494860600414
ENSG00000293189.2,23.11985963109582,-1.7264664277537558,0.5972214705719308,-2.8908311452707833,0.0038422450079115375,0.029755494860600414
ENSG00000198939.10,112.37484922864287,-1.3930816683086251,0.4819505382837334,-2.890507547246459,0.0038462029575559394,0.02977709286684113
ENSG00000299324.1,11.813766312575906,-2.8853023957265655,0.9984818535939248,-2.889689367254136,0.0038562267013503575,0.0298456245244895
ENSG00000236924.4,108.70234050126751,1.8359426452874748,0.6354551341423451,2.8891774519461424,0.0038625103776713044,0.02988517674048171
ENSG00000301321.1,4.770995612847788,-5.586574241185191,1.9338979810014862,-2.888763676299064,0.0038675962021272035,0.029915439679435774
ENSG00000140105.20,5410.108046173525,1.6985984797713287,0.5881836686480796,2.887870864683306,0.0038785907133193445,0.029991373424091385
ENSG00000102934.12,450.3974043511247,-1.695688757603884,0.5874805987966494,-2.886374054015067,0.003897086874129892,0.030121998421252162
ENSG00000230960.4,21.664235185830595,2.5759712962269528,0.8926269423395596,2.885831890168335,0.0039038061595350754,0.03015888586275945
ENSG00000211804.4,23.806144918163618,4.383065793462578,1.5189371083840366,2.885613742181613,0.003906512735208227,0.030160168935841898
ENSG00000105996.8,96.45937665169579,-2.157819798573663,0.7477907815401856,-2.8855929383474264,0.003906770938677165,0.030160168935841898
ENSG00000258484.6,79.27997201219904,-1.6151890086138048,0.5597542780960751,-2.8855322269400805,0.0039075245372493525,0.030160168935841898
ENSG00000174130.14,539.747204896152,1.4727654006264743,0.5104320940890393,2.885330718192588,0.003910026771569086,0.03017033986629391
ENSG00000278376.3,52.684224023579844,-1.4358487853073072,0.4976797454273265,-2.8850858378301765,0.003913069531685401,0.030175915779270472
ENSG00000084070.14,2470.5505558884875,1.1939892442238929,0.4138493455070979,2.8850818714256365,0.003913118833926048,0.030175915779270472
ENSG00000219438.11,398.70872841366327,2.2761007797862476,0.7889895389543554,2.8848301116929314,0.003916249351409705,0.030190916231766528
ENSG00000164483.18,162.49501679710804,1.7705451309599782,0.613826909043867,2.8844371350840317,0.003921140382873967,0.030219475549828383
ENSG00000172403.12,3912.2975400349633,-1.6800871926984469,0.5825093752057352,-2.884223437785977,0.003923802411781563,0.030230844292343677
ENSG00000231367.7,458.03036364370223,-2.0038216918610203,0.6947825688020295,-2.8840989711588274,0.0039253536498258116,0.030233650684824084
ENSG00000287620.2,40.10801999157445,-1.238397817053359,0.4294983836296609,-2.883358504373742,0.003934593668216351,0.03029565759466103
ENSG00000172954.16,545.2988668727946,1.1531834258584983,0.4001125402817439,2.8821476703691182,0.0039497457975738995,0.03035981281277308
ENSG00000284640.2,5.363910683668812,-4.283350770279348,1.4861799476919515,-2.882121224237633,0.003950077329572062,0.03035981281277308
ENSG00000172000.8,44.75514809658965,3.3357879026460235,1.1573049348465891,2.8823759427658633,0.003946885196579011,0.03035981281277308
ENSG00000231389.10,17650.2078774479,1.4829142449495472,0.5144794305802273,2.8823586654905213,0.003947101641338504,0.03035981281277308
ENSG00000142512.17,320.4543326146904,1.6270877917101514,0.5646013892352248,2.8818345521857585,0.003953672708120828,0.030378279803482837
ENSG00000112494.12,7.665372112733493,6.478424124002267,2.2481724327995813,2.881640228963612,0.00395611155742383,0.030378690828803852
ENSG00000170464.12,542.3573129507283,-1.0810027154125086,0.3751227428104787,-2.881730676507283,0.003954976227625085,0.030378690828803852
ENSG00000295262.1,24.783503283368674,-3.8584993566327754,1.3393729975848032,-2.880825105172745,0.003966356641630423,0.030439008743286682
ENSG00000211802.3,18.583505040833117,2.2644781442737862,0.7863099116545164,2.8798799439129255,0.003978266293399064,0.03050393150621431
ENSG00000169427.9,16.173498613436745,3.2823401444848255,1.1398870479840426,2.8795310467733075,0.003982670825193922,0.03052741757102449
ENSG00000307014.1,19.91999836876592,4.510318739604958,1.5670778136182946,2.8781715243551855,0.00399987592087242,0.030621467149928243
ENSG00000154978.15,3351.7716670257864,1.2892294506642685,0.4479203100968337,2.878256291583555,0.00399880120103666,0.030621467149928243
ENSG00000245498.8,98.59152034147459,-1.2375708870918485,0.4301006725909063,-2.8773981673564455,0.00400969303101907,0.03066993729522124
ENSG00000059378.15,2093.383011118199,1.377655202164448,0.4787721306520281,2.877475763445656,0.004008707028201296,0.03066993729522124
ENSG00000065621.17,618.9881755678977,-1.3752377107630938,0.47803125969777877,-2.8768782017154013,0.004016305845782741,0.03071129576641615
ENSG00000140057.11,64.52281774031749,-2.276000871588814,0.7911988102650961,-2.876648501059077,0.004019230282656656,0.030724434132517315
ENSG00000175544.15,150.4092127621117,-1.3842796915071047,0.48142631609495906,-2.875371879824829,0.004035518859247824,0.030839694228593256
ENSG00000162817.8,2760.550906679302,-1.246082906372793,0.4334170329918236,-2.8750206187588856,0.004040011145112001,0.03085550940844011
ENSG00000155816.22,48.80161247142448,-1.8937628371691129,0.6586886532592898,-2.8750500373712096,0.004039634735703257,0.03085550940844011
ENSG00000078814.21,108.55519191499903,-1.4507184238575892,0.504681110583864,-2.8745249097578816,0.004046358502466901,0.03088546521316585
ENSG00000183695.3,11.658371699933877,-3.456275283264792,1.2026936583393275,-2.8737785880048596,0.004055931931860415,0.030939994679969038
ENSG00000147573.19,106.28084338736005,3.641765810019806,1.267309057836289,2.8736209115695037,0.0040579571523627535,0.030946175637075357
ENSG00000185559.18,343.95064014721584,-3.319059083345823,1.1552017507197112,-2.873142359140289,0.0040641093753646315,0.030974545152577058
ENSG00000288079.2,19.834260730139498,-2.3230577238404013,0.8087430800657387,-2.87242980014317,0.004073285652511243,0.031035195589325118
ENSG00000225697.15,624.8894928971499,1.48859952237534,0.5183087141182497,2.872032597228768,0.00407840895851827,0.031064938571297506
ENSG00000266850.2,33.836113834976715,-1.336770468828698,0.465508692850612,-2.8716337403771868,0.004083559482251235,0.031094871023145353
ENSG00000141968.10,999.2887122626397,1.553523297713828,0.5412822896321378,2.870079674636356,0.004103683823562232,0.031238771867888104
ENSG00000182054.12,6486.0225916558275,1.511077261501308,0.5265132432817736,2.8699700924571543,0.004105106246906689,0.031240263285019505
ENSG00000120738.9,13418.99393057676,-1.5965549638763252,0.5566493126634852,-2.8681522235912666,0.004128768328166297,0.031382828435309984
ENSG00000090539.18,628.4072913613079,-1.3481361616864926,0.4700257763866346,-2.8682175093681255,0.004127916405365133,0.031382828435309984
ENSG00000125878.8,153.54861192187312,-2.048472377158066,0.7143117815828045,-2.8677566714900986,0.004133933352693759,0.03141271373104497
ENSG00000254288.2,13.057289135711017,2.4135641805317727,0.8420710983010729,2.866223749278746,0.004154005317503061,0.03154641307159227
ENSG00000265612.1,14.906091653177173,2.951687963284183,1.0297939344991975,2.8662899094658463,0.0041531371985912904,0.03154641307159227
ENSG00000147434.10,19.51271806990632,2.904683921146784,1.0134895742939563,2.8660224977354316,0.004156647045810559,0.031549722757044166
ENSG00000137878.18,4.8441226670218125,-5.608418056034015,1.9568787427745313,-2.866001829056717,0.004156918439505328,0.031549722757044166
ENSG00000163235.18,905.0872508512821,1.8036652882669144,0.6294128525393003,2.8656314865357695,0.004161784012269167,0.03157724175648137
ENSG00000163617.13,404.7879930496189,-1.0239323680795227,0.35741054408132905,-2.864863348425798,0.0041718923135027584,0.03163712235592213
ENSG00000130812.13,53.37508579646452,1.5082689323423335,0.5264752473800528,2.8648430099004103,0.0041721602604351,0.03163712235592213
ENSG00000158246.9,626.7247608569558,-1.3565562432410339,0.47359385663503784,-2.8643873315409722,0.0041781676234142195,0.03167226236232365
ENSG00000184840.14,7184.711799638108,1.0306760466840257,0.3598500554341374,2.864181986690476,0.004180877318513742,0.03167493342649123
ENSG00000304458.1,58.8765391336954,-1.130252585579152,0.394631799207602,-2.864068703659042,0.0041823728640461464,0.031676841873362886
ENSG00000300040.1,16.010410780360342,1.669147096013153,0.5829002198013239,2.8635211298806276,0.004189608695556672,0.031722212569715816
ENSG00000011590.16,60.82878925937568,1.723464836256366,0.6020380398114094,2.8627175066815505,0.00420024861834481,0.03177651355616251
ENSG00000254855.1,7.583973302360566,-3.219191807081269,1.124667119106663,-2.8623507813034603,0.00420511218040806,0.03180178513870953
ENSG00000254732.2,5.67337456163658,-3.336964079893813,1.1663118702619826,-2.8611250257997014,0.004221405413172295,0.03191066586664989
ENSG00000181619.12,75.38697142382159,-1.386604380736697,0.4846716985747918,-2.8609146868160367,0.004224207072303954,0.03191066586664989
ENSG00000273445.2,28.566015774360096,3.5387007146192633,1.2369225271221145,2.8608911528619183,0.004224520643176296,0.03191066586664989
ENSG00000180767.12,57.59568322579621,1.4189459103302589,0.4959693445600035,2.8609548672591227,0.004223671749244315,0.03191066586664989
ENSG00000115541.13,1531.5298925602751,1.1558327373842476,0.4040347555147552,2.860726018264627,0.004226721521803039,0.03191782504650021
ENSG00000109705.9,64.8388789213997,2.485100357067657,0.869045726077608,2.8595737629181217,0.004242107503537814,0.032024516959873045
ENSG00000164089.11,5.833006608059748,-5.875574934828032,2.0552319470713574,-2.8588378762798756,0.004251960306038772,0.03208938694966328
ENSG00000126218.14,347.7686997072587,-1.9680815430005498,0.6887131818806105,-2.8576214232265413,0.004268292941700275,0.032203107084729767
ENSG00000260329.3,96.59422228439065,-1.170061878596484,0.4095213580762647,-2.857144946219349,0.004274705824158715,0.03223712641983101
ENSG00000306767.1,5.4792412415318745,-5.779611708215872,2.0235715681003055,-2.856143958200437,0.004288206543833264,0.03229595176758636
ENSG00000260917.1,230.10098852373156,-1.0094733259241087,0.3534211823417956,-2.85628982177939,0.004286236820709562,0.03229595176758636
ENSG00000113231.15,138.54410685186988,-1.3028148464611702,0.4561445487739754,-2.8561447242170797,0.004288196197498851,0.03229595176758636
ENSG00000300101.1,10.016179869530834,-4.321663259998942,1.5133506851433,-2.855691877913758,0.004294316593613035,0.03233240850012344
ENSG00000293137.4,298.15666370699716,1.876012283489758,0.657013754368982,2.8553622675548747,0.004298776387157006,0.03235642238690192
ENSG00000226660.2,62.65512439270971,2.896237523946162,1.0144456386093081,2.854995293702067,0.004303746668031892,0.032365140649967615
ENSG00000124721.18,44.23453818165303,3.4986241296121072,1.2257843337318604,2.8541922370313384,0.0043146414215203864,0.03242593726954258
ENSG00000179088.17,10.31264721333321,3.481028112411969,1.2196510970162127,2.8541179694160483,0.004315650243168676,0.03242593726954258
ENSG00000268087.1,75.6053521849802,-1.3883129808222454,0.486415747217686,-2.8541694810734257,0.004314950506648908,0.03242593726954258
ENSG00000160867.17,558.7172696486241,2.0741628844335716,0.7267899817330193,2.853868292856435,0.00431904331816332,0.03244186150307812
ENSG00000293455.2,39.30173717553136,2.903411389496884,1.0173948082455333,2.8537705971821588,0.004320371649101303,0.03244227189689248
ENSG00000183960.11,128.35091872123357,-1.554007338329304,0.5445860710415061,-2.8535568957122006,0.004323278558088589,0.03245453231744016
ENSG00000179938.13,8.66518128302443,-2.53263808326269,0.8879728723314309,-2.8521570446325497,0.004342364154240247,0.03258820193655077
ENSG00000267530.6,45.99855680712836,-2.0287296961963306,0.7115152609917306,-2.851280650493186,0.00435435177607169,0.03265879941077455
ENSG00000105695.17,21.91060437276267,-3.617095396082263,1.2686273642447206,-2.851188219667409,0.004355617824129447,0.03265879941077455
ENSG00000141338.17,2693.4315841991574,-2.4897380822155104,0.8737075406690304,-2.8496241205713124,0.004377092341337979,0.032800505744695396
ENSG00000178163.10,1368.0238016235098,1.322062768419378,0.4641133647176751,2.848577241949501,0.004391519174708157,0.03289893673499749
ENSG00000187627.18,15.650725146495313,3.695884460028756,1.297941830647116,2.8474962226821026,0.004406461712344659,0.032991471568233635
ENSG00000226791.10,79.25911538705883,1.198887675685194,0.4212659690423941,2.8459162709260855,0.004428383713463014,0.0331361226691
ENSG00000099901.20,3451.17794854155,1.2268391924849507,0.4311030969563117,2.845813915851501,0.004429807304355557,0.03313704019067266
ENSG00000166159.12,25.90037409968973,4.116317420429212,1.4465276170735635,2.8456542217678766,0.004432029214980101,0.033143927226881434
ENSG00000308554.1,66.36094341065325,-1.2036373103973461,0.4231112931881037,-2.84472981405921,0.0044449108584102915,0.03323050322118243
ENSG00000280163.1,4.551342571297337,-5.521380696858323,1.941121675391026,-2.8444279237395445,0.004449125050824669,0.03325224887604318
ENSG00000272970.6,81.75228299930066,-1.313802157167422,0.4619252959559877,-2.8441875096890157,0.00445248366391545,0.03325783325618487
ENSG00000167972.16,3045.422796224826,1.4992644669378206,0.5271630412500229,2.8440242384646788,0.004454765892271252,0.03326512519555586
ENSG00000180096.14,766.3461186327972,1.8381332550091471,0.6463628029750046,2.84381039030835,0.004457756695616436,0.03326795218108592
ENSG00000229321.3,26.62126902782885,-1.6681752571638697,0.5866751027765624,-2.843439664081332,0.004462945850757088,0.03329692260241177
ENSG00000127561.18,57.83466196113607,2.2964732330898343,0.8077063268978744,2.843203224505877,0.004466258217382418,0.03331187790774453
ENSG00000279833.1,66.28194917513686,-1.446060506880837,0.5086309884328001,-2.8430444463017404,0.004468483848155417,0.03331872133968578
ENSG00000144401.16,748.7897866804349,1.2396423361661069,0.4360488364432079,2.8428979338133407,0.004470538439008387,0.033324285800404634
ENSG00000144619.17,378.66333631234284,-1.379053603555929,0.4851491619842689,-2.842535268772958,0.00447562788765109,0.03335246282222379
ENSG00000111331.16,3325.737404984122,1.6021470422081698,0.5637751471007807,2.84181920832663,0.004485692118688875,0.033417684690004196
ENSG00000270959.3,73.02061814284976,-1.2702945794769283,0.4471393072389643,-2.840936949428259,0.004498120463448518,0.03349783337502791
ENSG00000146233.10,268.06072217900055,-1.3825993149820275,0.48678297019318884,-2.840278727157027,0.004507413124942452,0.03355006420380164
ENSG00000198178.13,53.86202963506208,2.4232813339641486,0.8533498351257878,2.839727898473134,0.0045152029871438695,0.03359822824584911
ENSG00000131435.15,2171.1424546244843,-1.7822904213335786,0.6277610498164923,-2.839122340984009,0.004523780901083459,0.03364240097269979
ENSG00000222017.2,12.680300382110017,2.8713759145573445,1.0118157650319946,2.837844609454715,0.0045419288300877535,0.03375765078236509
ENSG00000160838.16,9.573643787239387,-2.5564546684036054,0.9011077780337248,-2.837013208322266,0.00455377281140519,0.03383580725767257
ENSG00000085662.16,2933.412897346038,1.1237263647310882,0.39612004159683256,2.836832895909889,0.004556345196255236,0.033845047679736694
ENSG00000075884.16,581.4507236690762,1.5789209142466973,0.5567715909579138,2.835850355673135,0.00457038551804698,0.03393944301171272
ENSG00000109265.17,203.5985266640008,2.167747551793567,0.7645305612089304,2.8353968589113947,0.004576879112456272,0.03397775805111445
ENSG00000301998.1,4.402652980428707,-4.709599860510463,1.6614125092646808,-2.8346962805732514,0.004586927080770177,0.034042429975028314
ENSG00000159307.22,222.54659186089168,-2.03386324494156,0.7177900166771469,-2.833507289996716,0.004604025783006572,0.034159376847934866
ENSG00000233308.3,6.210404144063172,3.0409802435072617,1.0733508201969788,2.8331652487573336,0.004608955308756776,0.03418599320598248
ENSG00000307568.1,15.29692916409607,3.500585297467114,1.235853707281596,2.8325240089840884,0.004618209789790071,0.034230149588929774
ENSG00000116985.13,288.6603586514346,2.0168238310236934,0.7120791747664323,2.832302786674288,0.004621406409644961,0.034230149588929774
ENSG00000232859.12,177.20867306996732,-1.1669099333140858,0.4120385994996994,-2.8320403348884238,0.004625201386017641,0.034236705755087284
ENSG00000169122.14,449.6102769223203,-1.245654090339794,0.4399657540380879,-2.8312523847752873,0.004636611875415757,0.034308921800774723
ENSG00000169429.14,812.2432968028991,2.8541448514941283,1.0082590058826268,2.8307655422285256,0.004643674689722677,0.03433960451904316
ENSG00000241362.2,14.020426904891288,-2.260396163617301,0.7985264971702198,-2.8307090267230772,0.004644495212912869,0.03433960451904316
ENSG00000165379.16,155.7990678391929,-2.0985298908134924,0.7413839043602186,-2.830557661788504,0.0046466934589698815,0.03434588772298951
ENSG00000027644.6,66.20080792247512,-1.9430062956193856,0.6866818668460236,-2.829558183243931,0.004661232371885959,0.03444335646774217
ENSG00000225746.15,16.44406757503462,-2.1120531248286136,0.7465321737575701,-2.829152177323954,0.004667150090871152,0.034467086101646595
ENSG00000305198.1,4.662781814729368,-5.549444414782168,1.9619041736939011,-2.8286011565659677,0.004675192346697803,0.03450646892574319
ENSG00000293742.1,20.142072237135316,-2.502977468247002,0.8848702105875276,-2.8286379610237975,0.004674654787657148,0.03450646892574319
ENSG00000109686.23,3628.1195819749255,-1.388618718136338,0.4911240344193252,-2.8274297750020634,0.00469233059082764,0.034612902542418424
ENSG00000187605.18,1869.3617038642437,1.3165372150508536,0.46567577767533663,2.82715416640959,0.004696371220105417,0.0346326784445006
ENSG00000185900.13,1238.1673124959486,1.0130908837304031,0.35839375768751164,2.8267537087343215,0.004702247844371787,0.0346659782471762
ENSG00000288743.2,33.81939798181044,-1.5241787697260416,0.539282125264745,-2.826310567919881,0.004708758592211383,0.034703932321243094
ENSG00000146938.18,307.933235286759,-1.3484026141061582,0.47711406701747483,-2.8261640293594015,0.004710913372199758,0.034709769888140014
ENSG00000205413.9,1442.3352540013725,1.518950482874371,0.5375044119547409,2.8259311906862457,0.00471433899035922,0.03471770079002231
ENSG00000105270.17,643.9483774318657,-1.0600639651542711,0.37515122034821397,-2.825697765744501,0.0047177754972177605,0.03473019066174381
ENSG00000261210.8,8.548361660382316,3.1389656762104865,1.1112353257796823,2.824753320371701,0.004731702882559558,0.03482265360348873
ENSG00000165443.13,23.936386239186476,-2.859199381765928,1.012390325857627,-2.82420654241615,0.0047397830135291665,0.03487204307845217
ENSG00000104888.12,76.75814595985402,-2.1837092649252887,0.7732719794133777,-2.8239860269887216,0.00474304526113335,0.03488596761372439
ENSG00000188783.8,3397.005972743853,-1.24187141445159,0.43987863174362646,-2.823213779512226,0.004754485715217831,0.034960018952746356
ENSG00000237181.3,65.99006277117245,1.789282010773142,0.6338437732145821,2.822906978637142,0.004759037742291831,0.03497245361279627
ENSG00000233079.4,20.97370353879141,-2.906760634608973,1.029692202969685,-2.8229412888878116,0.004758528482767776,0.03497245361279627
ENSG00000070808.19,18.095423317320524,2.1692674575066277,0.7689923404229386,2.8209220605676655,0.004788583551987455,0.03515684902922523
ENSG00000158125.12,797.540062842132,-2.7161347347804705,0.963334511695295,-2.8195135768577035,0.0048096496279296545,0.03527399529887597
ENSG00000102034.20,1118.4536918288177,1.0540602925002336,0.3740444080156603,2.818008423363738,0.004832254210999615,0.03542957599550121
ENSG00000291141.2,13.289635457706401,2.3163982360419304,0.8226218866040745,2.815872363431057,0.004864498844745165,0.03562497126926513
ENSG00000177432.8,326.04138242125646,-1.1675584868824656,0.41466876093322586,-2.8156412946440343,0.004867998557335745,0.03564035391028996
ENSG00000303657.1,19.52564775872466,-1.7110041790165065,0.6078169070422123,-2.8149993183682187,0.004877733735125752,0.03570136665729542
ENSG00000273272.3,5.682553049019621,4.501044565257851,1.5997053122105296,2.8136710748544975,0.004897931673502202,0.03580804180705356
ENSG00000188573.8,79.05725030580928,-2.578975107501598,0.9169454656192975,-2.8125719622374485,0.004914702503669845,0.035899738305412855
ENSG00000125347.17,2746.9071488429545,1.601247219118205,0.5693402319671694,2.8124610368489464,0.0049163979430362145,0.03590182683689089
ENSG00000267023.6,6.849254190716296,-2.8483308705884975,1.0131239963248972,-2.8114336260130104,0.004932126566747045,0.035985733538130615
ENSG00000286001.1,12.492637898690953,2.642825137181197,0.9399736511227557,2.8115949144153802,0.004929654396294322,0.035985733538130615
ENSG00000282057.1,24.365354362936156,-1.474104025171864,0.5243237079894949,-2.811438816726934,0.004932046987896716,0.035985733538130615
ENSG00000278192.1,7.673787842276015,-3.6883689231153247,1.3119713338035588,-2.811318226307819,0.004933896059900307,0.03598833520667833
ENSG00000144642.24,909.1182704092058,-1.5269194541692497,0.5432316869904749,-2.8108070474099995,0.004941741180593904,0.036035238938135504
ENSG00000256948.2,11.943255676362627,3.227020012245809,1.1485831649503797,2.8095658292059507,0.00496083727399262,0.03616413457523355
ENSG00000170779.13,822.8189060656598,1.2079064728305409,0.42995308522754483,2.8093913367112564,0.004963527177796726,0.03617058843876376
ENSG00000198216.15,16.794506967700688,2.1495624322376448,0.7651971566687438,2.809161552031481,0.004967071455142849,0.036178517882168575
ENSG00000069188.18,270.1965575774603,-1.255120624900632,0.44682434200565885,-2.80897996574398,0.00496987392283189,0.036188581671941424
ENSG00000280334.1,22.58559008885636,-1.7170845607363263,0.6115391113505922,-2.807808247855353,0.0049879917529642905,0.03629975369707241
ENSG00000298058.1,45.99310696766944,2.8118492066123597,1.0014966787308113,2.8076470609725774,0.0049904887924352576,0.036307552137137517
ENSG00000089820.19,1926.3314680060678,1.1598169563816383,0.41313593172658675,2.8073495121436323,0.00499510126333642,0.03633073223256481
ENSG00000118729.17,305.5117884972939,-1.6070460967800966,0.5725090751537637,-2.8070229215990654,0.005000168363422556,0.03635720479153181
ENSG00000181143.18,311.4307383603948,2.3552906184905407,0.8391049229913002,2.806908354314303,0.005001946992515439,0.03635975794702076
ENSG00000002745.14,10.76163033628163,4.426839256386061,1.5771985957894235,2.8067735212320093,0.005004040975975241,0.03636460134067485
ENSG00000295124.1,6.139813188032395,6.1723601781454045,2.199390385577656,2.806395907984417,0.005009909600745811,0.03639686464363849
ENSG00000167261.16,134.3810324898855,1.5816336927859422,0.5636632941494256,2.8059902236008565,0.0050162214229177915,0.0364323284468603
ENSG00000117143.16,3864.532037885089,1.2172207164066473,0.433918058732886,2.80518566100046,0.005028760447628302,0.03650258118026232
ENSG00000198554.14,359.9046789698156,1.3034068415695341,0.46467172052195443,2.805005736319501,0.0050315684295317575,0.03651255825316336
ENSG00000309024.1,5.048662335574288,-4.8868952699787584,1.742392619649442,-2.8047038393459047,0.005036283148427465,0.03653636231090742
ENSG00000056558.13,1440.775913236753,1.3450995936578027,0.4796647954509253,2.8042491473515287,0.0050433916022850364,0.036567101480729336
ENSG00000180878.3,8.325225057336203,-2.64258573684934,0.9427169147630122,-2.803159353000105,0.0050604659040886235,0.03667002191836169
ENSG00000131504.19,4573.453512660646,1.0632955682775722,0.3794622023450006,2.8021119408115434,0.005076925415226322,0.03677883027623141
ENSG00000112902.14,2039.5098699236146,-1.1715264019171412,0.4182954866413873,-2.800714899707998,0.005098954473450033,0.03692791282150861
ENSG00000254533.1,13.78464879743266,-2.884294301066051,1.02995978291338,-2.800395072618696,0.005104009762668052,0.0369540172441495
ENSG00000100379.20,607.4692763741342,1.0890845581179391,0.3890105338998649,2.7996274219100714,0.005116161986033829,0.03703080773677177
ENSG00000290099.2,27.39137098902629,2.3927013731633737,0.8548934686693632,2.7988298669395615,0.005128815299152119,0.03708386795560834
ENSG00000258457.6,55.77650841119447,-1.197807558045611,0.42797119856523846,-2.7988041299536683,0.00512922409044043,0.03708386795560834
ENSG00000222020.6,55.872237046000905,-1.5663271654976163,0.5596869716779831,-2.7985771417934764,0.005132830713459432,0.037099412912180815
ENSG00000204583.12,17.45355759344294,-2.109986562631798,0.7540333666375539,-2.7982668353800038,0.005137764891498205,0.037124541716695256
ENSG00000237541.4,1395.5045075977175,1.9332684653269359,0.6910653969181428,2.797518836782292,0.005149676432338944,0.03720005910609905
ENSG00000114670.16,398.2149700410237,-1.5359753912625342,0.5492822502621973,-2.7963317411573803,0.00516863163543308,0.03731582097112131
ENSG00000197561.9,37.24264208502417,-2.406064965608861,0.8604197326272435,-2.7963851529323676,0.005167777418764399,0.03731582097112131
ENSG00000270460.2,35.2140108813889,4.089693890629176,1.4626436721810552,2.7960972097399046,0.005172384016246036,0.03733233020056752
ENSG00000173207.15,1675.7099055004298,1.0389504071852385,0.3715917955759405,2.795945495984216,0.005174812668584353,0.037339278606660635
ENSG00000290738.2,32.19127107428343,-2.3288565697418995,0.8332201432062236,-2.7950075243986308,0.005189850725167798,0.0374265820557047
ENSG00000070882.15,1144.8708434751488,1.3951973523049894,0.49928614414537587,2.7943842797663403,0.005199864736794348,0.037477129143574144
ENSG00000109436.10,6116.67711113809,-1.5388314562061547,0.5507043977203552,-2.7942966545685097,0.005201274057655161,0.037477129143574144
ENSG00000184905.11,123.57883099919974,-1.890049438285493,0.6764589782686687,-2.794034078936895,0.005205499262651606,0.03748636463641477
ENSG00000228748.3,10.871073475164367,-1.905625091380876,0.6822071535027214,-2.793323232681808,0.00521695332827792,0.03754761746950181
ENSG00000167670.18,854.2559444903565,1.2329516972833454,0.4414397680483576,2.793023616187388,0.005221787950966059,0.03755611646992093
ENSG00000244040.8,17.300119711541363,2.6434255868239047,0.9464548358830027,2.792975942013862,0.00522255759634329,0.03755611646992093
ENSG00000180879.16,10931.264108254278,1.3143571573607036,0.47057130870732206,2.793109424735848,0.0052204029276287835,0.03755611646992093
ENSG00000181896.13,1044.431527623895,1.0200218560053917,0.365381385419761,2.791663441840531,0.005243786712240035,0.03768749755854005
ENSG00000238198.3,22.824887638573742,-1.603176790408833,0.5742666858965405,-2.791693876349394,0.0052432935657927005,0.03768749755854005
ENSG00000235576.4,106.66878372020517,1.8565641285379004,0.6653091272398602,2.790528571643304,0.005262205553312016,0.03773469528389931
ENSG00000230479.2,41.19698113609522,2.271671276541065,0.8141933006305636,2.7900883915180055,0.005269365353040994,0.03774353343850033
ENSG00000166448.17,280.2670411840105,-2.266789222570152,0.8124000685572599,-2.790237606202741,0.005266937299365971,0.03774353343850033
ENSG00000261934.4,87.77054422178338,-1.4981167471954304,0.5369373250196104,-2.79011474410112,0.005268936464596795,0.03774353343850033
ENSG00000131153.11,358.24958685842125,1.4522386996146623,0.5205368453169432,2.78988646563612,0.005272652744700841,0.03775234353151395
ENSG00000295404.1,13.168322279326675,-4.339640550625476,1.5558610424540302,-2.7892211657801025,0.005283497064015303,0.03779161856712547
ENSG00000162897.17,15.273263273397209,4.095582621500618,1.4688429431056216,2.788305339739861,0.005298457888422588,0.037866728640856266
ENSG00000196550.13,51.17108887779701,2.398375564664687,0.860129852507325,2.7883877738614617,0.005297109689140205,0.037866728640856266
ENSG00000272180.2,4.233673302133077,-4.644492218273009,1.665913136245632,-2.7879558166760248,0.005304177736079963,0.037886448047573504
ENSG00000089127.16,1731.2872495128827,1.4268087134151468,0.5117761012883649,2.7879549471404457,0.005304191972739473,0.037886448047573504
ENSG00000241360.3,225.53090740703965,1.3781217932416598,0.49441227522868075,2.7873939671183057,0.005313383936429847,0.03794146404395981
ENSG00000289582.2,15.866587505230896,2.6781189180496927,0.9609882170024285,2.78683845510972,0.005322500478504565,0.03795930052107631
ENSG00000155754.17,21.59332125125545,-1.6742091356095905,0.6007666475164849,-2.7867877528331837,0.0053233332598360715,0.03795930052107631
ENSG00000123496.10,29.69954351677452,-2.2472427282269862,0.8063542124485502,-2.7869175773300405,0.005321201136663591,0.03795930052107631
ENSG00000159496.16,60.055014967822444,1.962820785571443,0.7044096982905032,2.786476095282213,0.005328454798563575,0.03797455852664041
ENSG00000066855.18,1408.6729868931782,1.4914984440120493,0.5352507333904928,2.786541616793872,0.005327377699519186,0.03797455852664041
ENSG00000169291.12,794.6060195320092,-1.294515544202451,0.46468789104136077,-2.7857742135295473,0.005340005279140586,0.038046230619577584
ENSG00000211750.2,11.002829753058004,2.878108583578465,1.0331798482147334,2.78568013937907,0.0053415551227135915,0.03804663046158777
ENSG00000157184.9,651.5567022613276,1.1458614442481165,0.41155164932419713,2.7842469982314944,0.005365215980359857,0.03818312831398322
ENSG00000170577.10,92.53365317252282,1.7670717944203986,0.6347324310893425,2.7839633014933693,0.005369910959977585,0.03820586649765057
ENSG00000136457.12,90.32678499924123,-1.6659679249127173,0.5985822478027616,-2.7831896636227493,0.005382732976000535,0.038286398109944046
ENSG00000080839.14,614.0697285675151,1.2935607951051593,0.4647993702515262,2.7830519529429414,0.005385018243070573,0.03829195970665845
ENSG00000186652.12,14.657316136429287,-2.0846758139617405,0.7491832627728684,-2.7825979537315915,0.005392558428735722,0.038322043813499684
ENSG00000236036.3,6.333231103105877,-5.2447145384503395,1.8848883921571105,-2.782506677993897,0.005394075520158488,0.038322043813499684
ENSG00000198774.6,378.90974741174796,-1.5877383800036384,0.5706163420718156,-2.7824972103652295,0.005394232903400515,0.038322043813499684
ENSG00000104213.15,1474.7357003015454,-1.3549400942089527,0.4869619932652285,-2.7824350009816303,0.0053952671318444455,0.038322043813499684
ENSG00000273355.3,35.49815248660445,-1.4918444093882812,0.5362200906344131,-2.782149411118202,0.005400017349541611,0.03834509113748937
ENSG00000231246.4,214.87803819060747,-1.9329934398241213,0.6948742118979224,-2.7817890011265516,0.005406017440333262,0.03837140201554519
ENSG00000204860.5,26.61576549202708,-2.063364496513863,0.7418403033566038,-2.7814133138598165,0.0054122782733572895,0.03839986626357871
ENSG00000214711.11,33.71693161110674,1.7642736763266287,0.6343342520082955,2.7812997181548322,0.005414172635750101,0.03839986626357871
ENSG00000305521.1,5.147843170023664,5.9118223759566,2.1256112969564644,2.781233984040913,0.005415269114631335,0.03839986626357871
ENSG00000204625.11,4.756604382011605,-4.013997648998765,1.4434937338981921,-2.780751696205054,0.005423320057650911,0.03843555514424773
ENSG00000101194.20,425.7980636186973,1.4362337352803358,0.5164885713203847,2.78076576139653,0.005423085111245046,0.03843555514424773
ENSG00000279759.1,56.42216398395988,-1.3204443316926322,0.4748866955229357,-2.7805460631795236,0.005426756022293695,0.03844920796768921
ENSG00000164619.11,129.1215954682053,-2.177880351767151,0.783294406128559,-2.7804109600773836,0.0054290145575402494,0.03845321744408903
ENSG00000119888.13,9708.518722643646,1.8970469551548814,0.6824110032515874,2.7799184745200964,0.005437254685909408,0.03849147140211188
ENSG00000196358.14,125.70562852356157,1.1956504248283628,0.4301673160314982,2.779500859941701,0.005444250938944905,0.03853029054344698
ENSG00000101935.14,557.5251019586367,1.1250252469334043,0.4049771811462743,2.7779966361291226,0.00546951844649273,0.038689629639199835
ENSG00000304304.1,6.539755407581676,-6.03502383745444,2.1724506442998246,-2.777979722250267,0.005469803161664584,0.038689629639199835
ENSG00000276772.1,10.031816937226683,-2.6274084095734875,0.946065823840795,-2.77719408455836,0.005483042731384092,0.03877251010857418
ENSG00000286125.4,8.859662468127432,-2.2007655946448303,0.7924989771513601,-2.7769948707763494,0.005486404476836805,0.03878551441285325
ENSG00000271303.4,88.45635177898663,1.1418953266496543,0.41123734085020225,2.776730644860391,0.0054908661763868275,0.038806285343715004
ENSG00000234511.13,18.938524568642904,2.5901978389183506,0.9328655945959374,2.776603461338149,0.0054930149554223715,0.03881070289308272
ENSG00000211890.4,35636.27455223561,-2.1645021180723,0.7795817740333584,-2.7764914344696843,0.005494908289855922,0.03881331365804775
ENSG00000177994.17,10.449437716784704,-2.4994669708768242,0.9003136593497818,-2.776217982388462,0.005499532300047786,0.0388244421326267
ENSG00000197780.12,1734.740919108686,1.2324977800066859,0.44394375337625397,2.776247600362363,0.005499031297556324,0.0388244421326267
ENSG00000211445.14,10149.360699668106,-1.903822946588784,0.6859222843908538,-2.775566547279492,0.005510562066090485,0.038869987921736564
ENSG00000307615.1,50.81971831407387,-2.3861623061235706,0.8596752627152503,-2.7756554243365934,0.005509056070033526,0.038869987921736564
ENSG00000277245.1,8.20368506394679,-3.333437609331344,1.2012136233323771,-2.7750581117152198,0.005519184504705277,0.0389200300441163
ENSG00000186204.17,142.06569044227632,-2.5926240382549954,0.9346715191836007,-2.773834427435589,0.005539986616334052,0.03903182116906509
ENSG00000151135.12,2104.0379291247245,1.17197461093279,0.4225632156429338,2.773489427255564,0.005545864244901992,0.039043313483111845
ENSG00000174788.11,163.23176813469894,-1.6924036726837313,0.610252078683776,-2.7732862071260738,0.00554932905712905,0.039046121661362995
ENSG00000137265.18,1174.0954850035837,2.0021216812192324,0.7219279524623721,2.7732984633582056,0.0055491200385190415,0.039046121661362995
ENSG00000118526.9,6.321650941764521,-5.989867647372198,2.159969248111164,-2.7731263547433276,0.0055520558411424085,0.0390545192846557
ENSG00000304564.1,103.89697398559697,-2.767378117291776,0.9981184560945568,-2.7725948762835104,0.005561130569070739,0.03909675868749677
ENSG00000285077.4,17.020063528441238,2.0756887614494186,0.7487192994655042,2.772319029215905,0.005565845793436105,0.03911717624903766
ENSG00000125879.5,11.38335452703594,4.399687194784595,1.5870624327218952,2.7722206159457135,0.005567528905199234,0.03911717624903766
ENSG00000298430.1,8.344139525827696,-2.750496034724527,0.9926852967049496,-2.770763346505012,0.005592505646779625,0.0392696872033351
ENSG00000153237.21,68.7965365736551,-1.8261139253190883,0.6590781756574016,-2.7707091400767743,0.005593436660268531,0.0392696872033351
ENSG00000115850.11,8.589410712372716,3.222792662752728,1.1634939169459704,2.769926525453752,0.0056068939206431224,0.03934247797595068
ENSG00000117971.14,12.093603794216934,2.247797575291097,0.8115581935677663,2.7697306158777666,0.005610267204500679,0.039355305966906305
ENSG00000235703.8,135.1561876300155,-1.2305099615855015,0.4443106263093493,-2.7694812789122096,0.005614563079971956,0.0393745969741095
ENSG00000267123.7,13.633183679535541,2.3851711331517276,0.8614733521810617,2.768711448953119,0.005627845364191565,0.03944602346486609
ENSG00000232869.2,69.08203660687566,1.9484408266292939,0.7039239110836046,2.767970793363032,0.005640651036791988,0.039508105023377975
ENSG00000170801.12,2045.9452790224013,1.1314215752136023,0.40878738413694965,2.767750716187855,0.005644461155566184,0.03951898573211277
ENSG00000186827.13,412.88056915338433,1.3380579516228683,0.4834843932916189,2.7675308038656876,0.005648270739211829,0.0395347908761925
ENSG00000181374.9,170.9874726149565,1.9987708487357225,0.7223515597485167,2.767033339599329,0.005656896967917019,0.03957342012354144
ENSG00000305008.1,7.4346545199462994,4.895255404346154,1.7692955494643186,2.7667821839196214,0.005661256620487644,0.039579083592734834
ENSG00000172548.16,50.59343304131168,2.9437170187438433,1.0639742949187236,2.766718174303931,0.0056623682074486955,0.039579083592734834
ENSG00000127616.24,5706.544035228758,1.1340609572564195,0.41004879443104864,2.7656731897723366,0.005680543207683446,0.03968434340178416
ENSG00000053702.16,207.61609808205222,-1.2744234908699943,0.46085429660848715,-2.765350133976649,0.005686172627308228,0.03971277844534353
ENSG00000144395.19,91.65839189175635,1.8831714101064732,0.68112281164766,2.764804493261671,0.0056956921354588885,0.0397535016563657
ENSG00000059804.20,1497.70121802142,1.196589579561875,0.43281213648192357,2.764685827177239,0.005697764342590661,0.0397535016563657
ENSG00000130477.17,34.67993441102096,1.7458586380021976,0.6314916691517002,2.7646582263665596,0.005698246419354999,0.0397535016563657
ENSG00000169241.21,1098.6467281360183,1.1660356032180963,0.42185606734770037,2.764060288498901,0.005708699058983431,0.03979372570644964
ENSG00000228793.4,261.12447104445863,4.24037330189781,1.5341977460816605,2.7639027059762795,0.005711456659903566,0.03980205542664945
ENSG00000254461.1,18.4272574836032,-1.7917938271598772,0.6484739691008794,-2.763092911260927,0.005725646547038421,0.03985732254703898
ENSG00000107186.19,2275.3353431295036,-1.0446842275873391,0.37807862462119524,-2.7631401501050994,0.005724817916843575,0.03985732254703898
ENSG00000255569.1,8.002326213462972,3.699193283013182,1.3387597469305692,2.763149468375097,0.005724654475152566,0.03985732254703898
ENSG00000138606.21,343.3952251089962,-1.13835266423579,0.4120793669695771,-2.762459748002457,0.005736763492201498,0.03991289344710854
ENSG00000171160.20,331.8933477854066,-1.1997561675779849,0.4343595437455883,-2.762126871283165,0.005742615873996438,0.03992089763279565
ENSG00000296226.1,4.307143682481619,3.5518996842198858,1.2866602250548724,2.7605576165754306,0.005770277881743231,0.04006945145198523
ENSG00000265996.1,10.507745223925793,-2.372954962446087,0.8597082808460862,-2.7601862344640105,0.005776841969774041,0.04009028671381366
ENSG00000233170.4,21.358206291816764,-1.7605165383462211,0.6378404066273738,-2.760120745023158,0.005778000177708372,0.04009028671381366
ENSG00000155099.10,492.0037208130009,-1.1037974924968248,0.3998894201913177,-2.7602568029150127,0.005775594171761934,0.04009028671381366
ENSG00000260230.5,222.10969802713498,-1.8742305455661987,0.6790811515141901,-2.759950767867888,0.005781007271258028,0.0401002277250036
ENSG00000173762.10,533.7832220078352,1.8695519624060433,0.6775004228216672,2.759484569204689,0.005789262111806292,0.04014655465554535
ENSG00000078098.17,1342.2653098888109,1.6470805509763362,0.5969196061865923,2.7593004717983276,0.005792524795630129,0.04015520936946979
ENSG00000135406.16,16.357559221315903,-2.4405697705491334,0.8846997120872255,-2.758641985754947,0.005804208451986235,0.04021735404802541
ENSG00000229619.6,119.84404783081284,-1.0846083239353699,0.3932089972182014,-2.7583507285147237,0.005809383064492129,0.040242261636029106
ENSG00000079215.17,1593.999749577789,1.4013449893877186,0.5080755005373533,2.758143204908761,0.0058130725631782435,0.04024592858296087
ENSG00000223552.4,63.3673398026411,1.7078035582684712,0.6192731506271356,2.7577548881926903,0.005819982002555231,0.040271872205130205
ENSG00000148848.16,2902.0248641082962,1.2806267123461308,0.46435938133168314,2.757835340105691,0.005818549889012181,0.040271872205130205
ENSG00000109943.11,180.8004147097124,1.8580276039982966,0.6737720842273205,2.7576500236412675,0.005821849159201413,0.04027385114992373
ENSG00000178789.11,63.000803213881184,1.5582413616040642,0.5651281168579184,2.757324074172422,0.005827656272692001,0.040303077089801236
ENSG00000102245.10,176.50039869037585,1.9563077405289713,0.7095487055759088,2.7571155089926127,0.005831374807698104,0.04030906579998282
ENSG00000134321.14,1023.5429450189212,2.0010062053178976,0.7259690702198663,2.756324322070463,0.005845500435528019,0.040354798656590654
ENSG00000198901.16,9.542689532028438,2.495582114469171,0.9053828190278723,2.756383335337341,0.00584444576574635,0.040354798656590654
ENSG00000253368.6,436.9691321768402,-1.4283029308715853,0.5181636732655346,-2.756470599087418,0.005842886525034917,0.040354798656590654
ENSG00000177173.5,12.811371695120046,2.388853641037279,0.8667181819028014,2.7562057551311163,0.005847619951737994,0.040354798656590654
ENSG00000069482.9,306.6649030366119,2.5367377586506232,0.9203766894430268,2.7561951402590936,0.005847809738191516,0.040354798656590654
ENSG00000196569.15,2462.0496848500743,-1.562064429382994,0.5667700952739508,-2.756081244244129,0.005849846468365928,0.04035791966298715
ENSG00000235532.3,45.546967984918055,2.990388014219815,1.0853979556924256,2.7551074686814827,0.00586728600114213,0.04044536988771075
ENSG00000213430.6,116.9622273689641,1.1130300893240428,0.4041140454381514,2.7542474751583192,0.005882726745007459,0.040530870077423016
ENSG00000285571.1,6.087093401513764,-3.207218573144875,1.1648463645616371,-2.753340415284583,0.005899052220274118,0.04060939435205461
ENSG00000143543.17,371.26680119748,1.0492537087499074,0.38108075225776866,2.7533631718040086,0.005898642144257262,0.04060939435205461
ENSG00000138709.22,1063.885704588282,1.034966204821332,0.37592659426809494,2.75310717731036,0.005903256686329934,0.04061638332185568
ENSG00000206384.12,673.3477506287475,-1.7059057186126585,0.6196124007815874,-2.7531820158228046,0.005901907315153336,0.04061638332185568
ENSG00000100583.6,63.78931553293273,-1.3458057290383185,0.48888612282181737,-2.752800020729612,0.005908797767100168,0.04063255613547742
ENSG00000072818.14,1468.9979847994018,1.656381558414829,0.6016978199938996,2.7528462018220745,0.005907964364493949,0.04063255613547742
ENSG00000225731.2,29.396788882041598,-2.484918622425425,0.9027877037420534,-2.7524949798556646,0.00591430531954998,0.04065945230614239
ENSG00000116221.17,2892.6066783835713,1.112045563039897,0.4040466728858799,2.7522700659732604,0.005918369131630027,0.040676411265987165
ENSG00000261889.1,51.02651736916338,-1.9373646903006319,0.7039774938853971,-2.7520264598345556,0.0059227735198584385,0.04069570119350264
ENSG00000185031.6,4.942668744886614,-5.63937207866383,2.0504464343665543,-2.7503142652960864,0.0059538133570552765,0.04088691831155431
ENSG00000143839.17,15.33071718309895,4.104591767210637,1.4926501872260949,2.749868524009977,0.005961918072694319,0.04092051070590057
ENSG00000213585.13,6365.751098476325,1.1111718473262524,0.40410468980150205,2.7497128228629686,0.0059647514594390215,0.040928928993365116
ENSG00000167895.18,1401.7499927491917,1.6883294974336234,0.6141048236108992,2.7492529492055575,0.005973127140782237,0.04096432994153591
ENSG00000294508.1,4.951351506165973,-3.551464244654369,1.2917898310830824,-2.749258555222327,0.0059730249745949164,0.04096432994153591
ENSG00000279036.1,9.23778472137963,-3.4608325084174445,1.2590086641719198,-2.7488551960789858,0.0059803799659498835,0.04100303044756648
ENSG00000186086.19,12.521566957419497,-4.01400948173278,1.4604620467733882,-2.7484517592230255,0.005987744536262194,0.041032981154793036
ENSG00000308044.1,13.555057988835422,-2.6079025470345103,0.9490337487927072,-2.7479555393600044,0.005996814027469386,0.041082530955802235
ENSG00000215784.8,36.458627327945045,2.5911979493588633,0.9431416450584998,2.747411232379777,0.006006776647809011,0.04112865806353315
ENSG00000124571.20,1748.993844198211,1.2528647532811392,0.4561758329333984,2.746451396218653,0.006024381167686306,0.04117172329544886
ENSG00000309050.1,11.361700377133054,3.219829325989901,1.1723015717290306,2.7465879118808707,0.006021874478340054,0.04117172329544886
ENSG00000224429.11,74.66909516907283,1.3046115634726219,0.47500028127682387,2.7465490335411222,0.006022588263496583,0.04117172329544886
ENSG00000000938.15,679.1091196087958,1.129990511811289,0.4113915234743331,2.7467520532950154,0.006018861771383525,0.04117172329544886
ENSG00000262185.4,22.73589557450135,-1.5991706738098501,0.5822541322393319,-2.7465166587302487,0.006023182705566154,0.04117172329544886
ENSG00000172296.15,399.4469434251723,-1.1195105404190828,0.4076882451976811,-2.7459966128683724,0.006032738645749384,0.041206727285031525
ENSG00000211598.2,11180.397684065592,2.409513643906987,0.8777333090917585,2.745154614674758,0.006048239482151774,0.04129140957362175
ENSG00000131746.15,1414.8586040399273,-1.4557759958135037,0.5303089262521169,-2.7451470713532844,0.006048378513571621,0.04129140957362175
ENSG00000185507.23,1996.2466292236547,1.3673930531966452,0.4983421799507989,2.7438838376708294,0.006071701902380703,0.04142975943039513
ENSG00000090339.11,1535.6917194555049,1.3131154727566685,0.47856272423227314,2.743873281946925,0.006071897136102432,0.04142975943039513
ENSG00000233725.8,27.182764120600066,-2.136478936577121,0.778704299244011,-2.7436331591481866,0.006076339862534695,0.04144896964076626
ENSG00000156709.17,1375.1012214707623,1.017143211449905,0.3707825416666443,2.7432338288580413,0.006083734713126544,0.041477196701832496
ENSG00000255435.8,16.236053392568962,-1.7869321896487194,0.6515977647825983,-2.7423853890059284,0.006099473147380361,0.04156224733465093
ENSG00000189238.7,12.246766303900637,2.620255197752201,0.9555861332380661,2.742039787531549,0.006105894508086478,0.04159487537188304
ENSG00000173269.16,3607.8050018869626,-1.2309856025346313,0.4489618476733155,-2.74184902105613,0.006109441603720402,0.041607910986193146
ENSG00000287315.1,93.91074940824954,-1.4409606355997184,0.5257702137304678,-2.7406661655017532,0.006131476980255317,0.041724512467027304
ENSG00000212807.3,14.774391011826634,-2.2504455193661377,0.8211155229571798,-2.740717300363953,0.006130522912359072,0.041724512467027304
ENSG00000146416.20,1478.7098878143831,-1.031696346836482,0.37648841814956563,-2.7403136380854756,0.006138058032354526,0.04173584520611376
ENSG00000241839.12,2235.2635496580247,1.0459735161518766,0.3817420562349884,2.7400007388968644,0.006143904624911398,0.04175071235755269
ENSG00000004799.10,3680.06431841151,-1.432309434339093,0.5227533599953509,-2.7399334828796342,0.006145161973556791,0.04175071235755269
ENSG00000232653.10,147.30803136063676,-1.4481211571108763,0.5286072781300061,-2.739502872971651,0.006153217701988428,0.041786934209133667
ENSG00000232046.9,13.65133449024336,-3.142444314836164,1.14709806120005,-2.7394731288697836,0.006153774497210961,0.041786934209133667
ENSG00000233907.1,10.508930144704822,-3.3214535704101205,1.2125178750756327,-2.7393027671471972,0.006156964460621965,0.04179255456190729
ENSG00000108691.11,1833.9436208197542,1.0450281763169977,0.38150105687178,2.7392536861784498,0.006157883760780419,0.04179255456190729
ENSG00000091704.11,21.375218428789104,-3.0731908550609033,1.121952307743266,-2.7391457139942306,0.006159906544804894,0.041795146404561924
ENSG00000162889.13,6804.317064005145,1.130940711293616,0.4129182696799815,2.738897245137915,0.0061645637095645665,0.041804473441512
ENSG00000211935.3,967.3594830892889,3.903167068010717,1.4252641907996475,2.7385568887553657,0.006170948310311839,0.04183663146445378
ENSG00000291049.2,74.41570040992238,-1.4409302408547806,0.5262062211259426,-2.738337524348476,0.006175066428935072,0.0418512767389092
ENSG00000182732.19,123.66497305705857,-2.002207699710754,0.7312688220718822,-2.7379913368082054,0.0061815704272130305,0.041875207540304014
ENSG00000134256.15,135.55401667772185,1.6429264880283878,0.6002226041573357,2.7371952949604834,0.006196549468765342,0.04196551755355544
ENSG00000189134.4,51.45071593224893,-1.7448126305738032,0.6375082412937192,-2.736925607476054,0.0062016315584576395,0.04198667570646126
ENSG00000294538.1,9.099135954873907,-2.4791930184401627,0.9063163664145789,-2.735460938709451,0.006229297906743551,0.04213129234802575
ENSG00000121797.12,201.46136677917303,1.2566558937535124,0.45954848992661024,2.7345447135604775,0.0062466610676900815,0.04223751103136025
ENSG00000306205.1,7.251836876054759,2.6690726835177605,0.9762147296281676,2.73410408848716,0.006255026751475236,0.04228285201348878
ENSG00000173950.17,762.8401041502925,1.375345716793754,0.5031443503814736,2.7335012621149284,0.006266488318344262,0.04234909099404263
ENSG00000042832.13,32.504810969366375,1.5419341236007282,0.5643235857092803,2.7323581056119077,0.00628827513940669,0.04246252812190557
ENSG00000271936.1,41.6518534929442,2.612363564836018,0.9562866138243258,2.7317788695052476,0.0062993405026969705,0.042514706397507825
ENSG00000273604.2,341.4707351652865,1.0095507410885995,0.3695949411363798,2.7315058425436547,0.006304562313493018,0.04252741172854361
ENSG00000122224.21,374.1978219186819,2.063935167243705,0.7555912474485911,2.731549861400599,0.006303720162072149,0.04252741172854361
ENSG00000265666.1,75.88561145270205,-1.0820583628180551,0.3962723599665486,-2.7305925725160276,0.0063220574963956215,0.04262284978578424
ENSG00000246228.8,53.81134241906986,-1.7318046401858456,0.6342546036618827,-2.7304565551235007,0.006324666867456119,0.04262915844958317
ENSG00000196230.16,16614.07223673455,1.1205534657935288,0.41045155005973555,2.730050515415151,0.006332462140008336,0.04267040824554294
ENSG00000205517.15,255.09004264622874,-1.4607074867632888,0.5351071197858099,-2.7297478070334282,0.006338279251680371,0.04269831018766219
ENSG00000150637.11,329.4830494926658,1.738788818445586,0.6370520629589825,2.7294296958544506,0.006344397539195962,0.04272822573264419
ENSG00000115687.16,943.4881214330214,1.393578807382031,0.5108153930843647,2.7281456789456455,0.006369147319732116,0.042804367118970114
ENSG00000125869.12,315.2328706830612,1.9408793180591435,0.7114147110440836,2.7281967717685762,0.0063681608340165,0.042804367118970114
ENSG00000255794.13,7.374764656390151,-3.041574770171965,1.1148553697219077,-2.728223635798304,0.006367642206113846,0.042804367118970114
ENSG00000282556.6,38.050660109236574,-1.516828420050839,0.55615781396441,-2.7273345477942077,0.006384826841541699,0.042898423761780165
ENSG00000290021.1,114.45315967517944,-1.556474591799241,0.5707441859197612,-2.72709671022047,0.006389430927202306,0.04290959642037552
ENSG00000186439.18,63.35147289596414,-3.4663380480296087,1.2712708590924868,-2.7266715218376825,0.006397669214985628,0.042928090773155674
ENSG00000294563.1,5.751271853368828,3.45343825524094,1.2666777133056997,2.7263748457595924,0.006403423157258224,0.04294407352251822
ENSG00000166482.14,7886.173263792007,-2.0075045943227323,0.7363686281449292,-2.7262223261467122,0.006406383040613427,0.04295125192244882
ENSG00000226194.7,14.28956006652474,-2.2281641914994412,0.8173312246979182,-2.726145929788698,0.0064078660949827455,0.04295125192244882
ENSG00000196096.4,6.86621382673135,-3.142696858821789,1.1529612678311074,-2.725761000396546,0.006415343288030725,0.04299005758732717
ENSG00000120436.4,12.197793240135644,2.3319230364207693,0.8556994621237352,2.725165948606814,0.0064269175242231075,0.043056290441737706
ENSG00000101251.14,9.035418910659658,-5.117259910438926,1.878006906907102,-2.7248355113169227,0.0064333529054730176,0.043088070432632984
ENSG00000289516.2,39.80675285550812,-1.6770140695594256,0.6154868542215324,-2.724695187325345,0.0064360875173679255,0.043095053931356056
ENSG00000163491.20,448.7954590190289,-2.2208804742971804,0.8152353264715791,-2.724220114343395,0.006445353430394022,0.04314575485560214
ENSG00000297011.1,24.447455563627287,2.476684486610176,0.9091878483769791,2.724062459734131,0.006448431006784484,0.04315501475927682
ENSG00000305992.1,38.881446779363635,-1.531824320605138,0.5623835924525766,-2.723806919623655,0.006453422214728873,0.04317707308415002
ENSG00000130518.20,296.1661389628492,-1.4223877000310512,0.5226295713304816,-2.7215981989117353,0.006496707991557473,0.043432453872168084
ENSG00000172830.15,1900.695095199416,-1.03008562400202,0.3785444074746213,-2.7211751214976805,0.006505029064385629,0.04347667155575081
ENSG00000186766.9,29.794257762652375,-1.8518966837089954,0.6807379156792277,-2.7204253517467247,0.006519799062873975,0.04356395643506375
ENSG00000101230.7,1258.5393533282665,-1.9077582704671303,0.7013642368195406,-2.720067791192484,0.00652685340059315,0.043598788259236035
ENSG00000242540.3,6.867799920225268,4.9840596538058906,1.8323831911948227,2.7199876520128887,0.006528435413636145,0.043598788259236035
ENSG00000302989.1,152.12027584117257,-5.004944442613914,1.8404161234627712,-2.7194634837240144,0.00653879143301403,0.0436565023827786
ENSG00000242866.11,8.938647289481148,-2.9217470857802104,1.0744801119058633,-2.719219326077381,0.006543620310009231,0.04367729374115438
ENSG00000187775.17,121.76109885060252,2.776105264364153,1.0212841449815986,2.7182496448274667,0.006562830055074013,0.04379403833712082
ENSG00000185610.7,30.58720363007722,-1.9856941145374436,0.730679250359526,-2.717600251492561,0.006575723117159015,0.04385709440093146
ENSG00000165181.18,55.19844350786864,3.181323324833526,1.1708228369702205,2.717168835778732,0.006584301037300448,0.04389131947685938
ENSG00000218713.1,10.568005114816145,-4.262012801119541,1.5688259163358438,-2.7166894406448328,0.0065938447435806265,0.04394343785027267
ENSG00000188316.18,17.653538090556154,-2.003299678055538,0.737434619372664,-2.716579375890633,0.006596037646639402,0.043946553726798905
ENSG00000111913.22,901.4687725057761,1.585199023288889,0.5836326658850679,2.7160903012256257,0.006605789783247942,0.04399135503220289
ENSG00000298390.1,6.060922741094682,-2.5453534812295833,0.9371682971204449,-2.716004680323127,0.0066074983948372495,0.04399135503220289
ENSG00000214944.12,999.5762372304806,-1.159972017904842,0.42729174177856266,-2.7147073170114755,0.00663343665893065,0.04411495173358292
ENSG00000142178.11,195.5870530575615,2.9153077116515034,1.074096964019403,2.7141941643164724,0.00664372139393421,0.04417181613805749
ENSG00000267254.9,221.2199345642729,-1.0284961853090666,0.37903569494683864,-2.7134546931083037,0.0066585672774818255,0.04425896845635167
ENSG00000299363.1,13.13584647814939,-2.4251925759036297,0.8939766545753091,-2.712814214433527,0.006671449848321255,0.0443330287207385
ENSG00000187987.12,459.48656349492234,-1.022299088971403,0.37688260155603315,-2.7125133523029246,0.006677509112635913,0.044361720033372284
ENSG00000301123.1,5.1641980041775755,-3.6276781224319032,1.3379295029322058,-2.711412009737049,0.006699732015239325,0.044497750758842464
ENSG00000263740.2,27.79896696239354,1.432098729431663,0.528281205171768,2.7108644324494247,0.006710805761622086,0.044536460019352825
ENSG00000254153.3,19.934777276709365,-2.3903267070522074,0.8817265705706971,-2.710961410071911,0.006708843368964539,0.044536460019352825
ENSG00000223865.14,8695.99802272032,1.4711125573492074,0.5426562780680045,2.7109472732661373,0.006709129402465446,0.044536460019352825
ENSG00000167207.17,310.73474130741334,1.4500774811347474,0.5349533001336816,2.7106618106148366,0.006714907585264271,0.04455207374427357
ENSG00000308356.1,7.77993033215521,3.8430858593320885,1.4180696795033871,2.710082526183023,0.0067266469029515245,0.04460672305781783
ENSG00000151468.13,2209.2503635408557,-1.2625826976553818,0.4659921852075545,-2.709450367913409,0.00673947876683644,0.04468018315202784
ENSG00000263400.9,66.8389880018605,-1.4654520804329823,0.5409977915543843,-2.708794940220502,0.006752806192236464,0.04474524623372918
ENSG00000171016.14,271.5982662466647,-1.2434767510215685,0.4591442445589565,-2.7082485858360785,0.006763933825264011,0.04480732339747715
ENSG00000133142.21,3752.7196175531176,-1.3153670621657123,0.48574520113907543,-2.7079362988685602,0.006770301592321455,0.04483784499688502
ENSG00000290538.2,4.92249590772739,-4.010576015017935,1.4814043864238402,-2.7072796947088835,0.006783707822923227,0.04490328013453158
ENSG00000289120.3,4.387895021117298,4.896284403602494,1.8088563167361311,2.7068398735159156,0.006792701219781815,0.04495112828502536
ENSG00000129744.5,12.516574600915444,3.38974413589838,1.2525286332692638,2.706320674722385,0.006803331506557611,0.04497072926868194
ENSG00000188620.12,22.43218640214745,4.12806255982774,1.5253712841141371,2.706267387369313,0.00680442337891503,0.04497072926868194
ENSG00000160401.16,96.49177110547059,1.5018140875729673,0.5550662372961441,2.7056484193465824,0.0068171177449113,0.04503081070555906
ENSG00000153086.16,22.32188344553948,-1.9132704625470867,0.7076529159525844,-2.70368484240837,0.006857529549184994,0.04526865469165515
ENSG00000137691.15,71.72563760950436,-1.3188716005059888,0.48790769529037126,-2.7031170306118684,0.006869255570777548,0.0453281887676878
ENSG00000291225.2,11.890367333161732,-2.3165109551857226,0.8572230636137657,-2.7023432447326923,0.006885264215948931,0.045391433982883714
ENSG00000152455.18,441.8926929702605,1.3123507946715889,0.4856404932266284,2.7023092451624886,0.006885968391891275,0.045391433982883714
ENSG00000260025.3,254.71367282229437,-1.6044191130916872,0.5937830941924298,-2.7020289543166687,0.006891776050784656,0.04541796320557205
ENSG00000301622.1,15.174393736405412,-1.7954369681785158,0.664639066990815,-2.701371401936155,0.0069054178869782535,0.04549609389529827
ENSG00000099812.11,517.4057362195865,2.5093678507188635,0.9289691959922776,2.7012390309007874,0.006908167039167407,0.045502436683380665
ENSG00000134853.14,3790.9771910943828,-1.0012673364733473,0.3707935896499984,-2.7003361558069794,0.006926944669195112,0.04561432463005912
ENSG00000183508.7,2814.0749119980314,1.8078471636505495,0.6696032028877704,2.6998783098018655,0.006936484274025176,0.04565353771154916
ENSG00000232434.4,187.4757875673393,1.2803219731088888,0.47421293401291026,2.699888343986064,0.006936275076977362,0.04565353771154916
ENSG00000230074.6,213.4593726989713,-1.078865835320145,0.39961497832282256,-2.699763256743095,0.006938883355445364,0.04565752982344326
ENSG00000135636.18,1538.5753000956438,1.2284442323212148,0.45525160767864215,2.6983852700381066,0.006967675051336321,0.04581147424692499
ENSG00000183160.11,2415.8994807639356,1.1738955229743908,0.43508984551811997,2.698053137913333,0.0069746306583286415,0.045845372257622925
ENSG00000141194.7,4.493896073692029,3.231454643148155,1.1980132140926172,2.697344741389751,0.006989486943099218,0.04589564885993302
ENSG00000144583.5,5.34919052185936,5.976299150457036,2.2154890566646324,2.6975078628707903,0.006986063490642081,0.04589564885993302
ENSG00000100092.25,318.4145603006203,1.1527690364673333,0.4273997685035203,2.697168134890645,0.00699319510606953,0.04590816302749923
ENSG00000137496.21,858.9808671221609,1.299856025101607,0.481949788892322,2.6970776936931555,0.006995094761524278,0.04590880151269902
ENSG00000172322.15,200.28734280949328,2.120195560358326,0.7861461696421622,2.6969482803985367,0.006997813805238567,0.045914815928189474
ENSG00000263503.1,7.940269046243272,-2.3401606452030452,0.8677625637073408,-2.696775296695423,0.007001449769293262,0.04591501726922468
ENSG00000103852.15,822.1788140845972,-1.0324713949592723,0.38284308580503096,-2.696852661680496,0.0069998234162379465,0.04591501726922468
ENSG00000290546.2,12.401590333769894,-3.7633504585240454,1.395806928058084,-2.6961826760380143,0.007013918996313684,0.04597311650929126
ENSG00000099622.16,13878.841092562754,-1.1494730749563278,0.42635353997638287,-2.696056129896332,0.00701658421398494,0.04597875392704153
ENSG00000184160.8,306.8891276533493,-1.3857576751049532,0.514046986306441,-2.6957801757811604,0.007022399302026967,0.04600502382251257
ENSG00000282828.3,4.325516166219731,-5.438474228862515,2.0177895031822417,-2.6952634158744186,0.0070333004511826695,0.04605980009044376
ENSG00000249574.1,19.03532163320245,-2.4873887747314245,0.9229978961124955,-2.6949018900344925,0.007040935939902834,0.04609089676825112
ENSG00000119514.9,184.39519246515928,1.317713489105663,0.48908443539603114,2.6942453976043175,0.0070548202073653695,0.0461699191936802
ENSG00000117308.17,1330.9073112414933,1.636993206306302,0.6076554401501029,2.6939497256898295,0.007061081447542872,0.04619902531476098
ENSG00000159189.15,7469.447886232257,1.5261481089731435,0.5666450181318369,2.693305438393648,0.007074742360945916,0.046276518406690656
ENSG00000137310.15,693.841022976549,1.1748035615740824,0.4364033665723168,2.692013058472601,0.007102216436856924,0.04644430163367977
ENSG00000162851.10,837.8369645751619,1.0581873125288481,0.393104100512505,2.6918755392000455,0.007105145523561705,0.04645153019266945
ENSG00000073861.5,201.6581699327849,1.7372331590822228,0.6454190981844703,2.691635813022837,0.007110254155756129,0.04647300066750433
ENSG00000211679.2,31548.657826260805,2.0731688904084784,0.7703089355255691,2.69134732157039,0.007116406361644461,0.04650127922971937
ENSG00000153956.19,685.5182631476482,-1.0497286465086728,0.39009369665945576,-2.690965415483413,0.007124558025970032,0.04654260514990579
ENSG00000246465.2,29.91781339676246,3.328045400957115,1.2368273779084695,2.690792151274165,0.007128259059053077,0.04655484269054896
ENSG00000143867.9,721.2315025262262,-1.231172769341049,0.45758824580599033,-2.6905690446057595,0.00713302730070725,0.046574042136968564
ENSG00000254366.8,24.041119483267423,-2.4193289284782793,0.8992309569341959,-2.6904422160093864,0.007135739161173353,0.04657980834808982
ENSG00000151917.20,98.47638963191032,1.20604232567872,0.448518177794596,2.688948598714411,0.007167745523515534,0.046740820847277056
ENSG00000267108.1,9.741691893559363,-2.1920613663205373,0.8151870849851938,-2.689028576011299,0.007166028449578003,0.046740820847277056
ENSG00000180061.11,88.05314924622797,1.473826480726143,0.5480855678853811,2.6890444979466386,0.00716568665738917,0.046740820847277056
ENSG00000250903.12,360.5363672509396,-1.0623177278721214,0.3950991049155964,-2.6887373690686047,0.007172282297908045,0.04675843419759811
ENSG00000240038.8,607.8492780098134,-1.2992412000302913,0.48326369821714676,-2.6884725768218125,0.007177973126496602,0.046783560262281206
ENSG00000134326.13,793.7873317053754,1.8560616483425698,0.6906191333447368,2.6875329088458346,0.007198200890159195,0.04690339597678302
ENSG00000259363.7,189.65506810266294,-1.508676855244474,0.5614588313475621,-2.6870658559657628,0.007208273926688191,0.04695701922932862
ENSG00000277135.1,9.58137017182902,-3.220372871955365,1.1987044787871355,-2.6865444560729257,0.007219534021473612,0.047006326958321666
ENSG00000204815.12,70.04187102932605,-1.2475431244873694,0.4643828340957893,-2.6864540049515178,0.007221488999984619,0.047007039692974255
ENSG00000143184.6,65.43231405317744,2.00751995531924,0.7473209054467327,2.6862890368618646,0.00722505578537544,0.04701824116231422
ENSG00000238099.4,10.707730528828133,-2.3881460482254977,0.8892305799683067,-2.6856319407173497,0.007239278598477337,0.04709876505282663
ENSG00000136327.7,22.606818784671784,-2.60458443770666,0.9699654996616728,-2.6852341022594595,0.007247901998749839,0.04714282732639355
ENSG00000267069.4,6.481091816721185,-4.409946265742904,1.6425895844824376,-2.6847523613955158,0.007258356375544201,0.047150702072735515
ENSG00000122986.16,361.7297915558125,1.3122231690452824,0.48878186523099015,2.684680554637901,0.007259915829930228,0.047150702072735515
ENSG00000228668.1,14.79810098660587,2.289054925484942,0.8526403063283908,2.684666568651896,0.007260219603834505,0.047150702072735515
ENSG00000233532.7,11.721719667896968,2.1642438001286743,0.8062547031595972,2.684317736873114,0.007267799878362997,0.047187899745547775
ENSG00000138074.17,3648.758971287549,1.4694128389953371,0.5475331802259267,2.683696426194699,0.007281318836197727,0.04725158524249485
ENSG00000137976.9,11.759830752445405,3.7874986897413474,1.4112832571550868,2.6837267930013686,0.007280657567637727,0.04725158524249485
ENSG00000077984.8,611.4099230541817,1.8637638344247431,0.6945356295599054,2.683467564660034,0.007286304266237057,0.04727189403090272
ENSG00000114812.15,623.1094089669524,-1.6265117487874947,0.6062396460710321,-2.682951798564687,0.007297550743837492,0.047320752290296524
ENSG00000251442.9,98.57459154433164,1.3085745754996916,0.48780153262731935,2.682596277325441,0.0073053120869663235,0.047359023712679874
ENSG00000169435.16,713.8962023799472,-1.4809728416806,0.5522435169973592,-2.681738754911779,0.007324063045294662,0.04745642580175537
ENSG00000260947.1,27.706449156177648,-2.6902689909576876,1.0033318579958082,-2.6813351629555524,0.007332903097803317,0.047489543555593254
ENSG00000189367.17,5.780129975876251,-3.411549820827206,1.2723257603983138,-2.6813493265743418,0.007332592703812254,0.047489543555593254
ENSG00000285714.2,8.25558374500408,5.031541963867733,1.8766889275208871,2.681074039539636,0.007338627698281529,0.04750246152552194
ENSG00000310430.1,33.7542356648539,2.464726265376372,0.9193829252733875,2.6808484230261964,0.007343577110439058,0.047522421895323484
ENSG00000260855.1,40.23669810313034,-1.6905542704731247,0.6307324498018877,-2.68030330610725,0.007355547852881616,0.04754069230740689
ENSG00000226508.2,11.12889812238095,-2.3087375863887987,0.8613168331607739,-2.6804742430452984,0.007351792202897303,0.04754069230740689
ENSG00000281392.4,38.86730498345158,-1.2745768219144469,0.47553431287289105,-2.680304632938523,0.007355518694487333,0.04754069230740689
ENSG00000162654.11,3214.0628077070564,1.7749042802134578,0.6622048508638148,2.680294893488291,0.007355732730693359,0.04754069230740689
ENSG00000276728.3,10.656745713635495,-1.8082867752270564,0.6746124630437571,-2.6804823128649584,0.007351614943680642,0.04754069230740689
ENSG00000246523.11,31.318266594061654,-1.565451782330456,0.584163112590775,-2.6798196404213988,0.007366183782900583,0.04759616111980232
ENSG00000277972.4,48.8619323423095,1.2653672702620424,0.47223890338581653,2.679506625120727,0.007373074419623027,0.0476286022171489
ENSG00000103546.21,26.681663063321643,-2.6322056324922714,0.9831134512033907,-2.677417981892417,0.007419201470972068,0.04789013701650521
ENSG00000134851.15,4974.739534483817,1.060427415723792,0.3961335928826281,2.676943926939289,0.007429706803873522,0.04794579731478654
ENSG00000232721.4,11.61080689887864,-2.5116302819801044,0.9386007138263774,-2.675930504826684,0.007452209585712054,0.048066657472188336
ENSG00000211790.2,21.91063342671427,2.652047472571573,0.991048676001414,2.6760012265712256,0.007450637245519985,0.048066657472188336
ENSG00000253978.3,9.61593273992391,-2.7589546691443942,1.0311424952592418,-2.6756289085445553,0.007458918247262702,0.04808557496229519
ENSG00000299260.1,4.393187807005516,-5.472989295589668,2.0455867445715157,-2.6755107355450147,0.007461548345934329,0.04809035878524628
ENSG00000141337.14,395.8934472209171,-1.0931996692517152,0.4086415022405072,-2.6752047045096976,0.007468363343621283,0.0481210920908659
ENSG00000230303.7,24.506474834320972,-2.2767457749961495,0.851079519449638,-2.6751269687096193,0.007470095329091272,0.0481210920908659
ENSG00000295427.1,12.242778664074581,2.1303084324855006,0.7963964109965687,2.6749347474076943,0.0074743796451804565,0.048134092783658634
ENSG00000188536.15,11.578991659782158,-2.85317864755832,1.066661925424899,-2.6748668716395514,0.0074758930176339194,0.048134092783658634
ENSG00000166510.16,130.06345745844015,-1.7634332149001677,0.6593659446777014,-2.6744378127719886,0.00748546576503163,0.04817400466601982
ENSG00000172733.13,30.35528812497966,-1.5789971583004208,0.5904375932766556,-2.674282898447771,0.007488924763941486,0.04818146063711887
ENSG00000066248.17,407.0903354174709,1.791816642096029,0.6700629831703725,2.6741018189336923,0.007492969808269715,0.04819531161273685
ENSG00000309594.1,4.10394601307271,-3.872233136293627,1.4484734327245568,-2.6733200960476124,0.007510454818820394,0.04827994567843954
ENSG00000141431.15,37.659764014989996,-2.740664167073463,1.0252144583390144,-2.6732593798118183,0.007511814405545754,0.04827994567843954
ENSG00000224126.2,12.358206099374414,2.8092505699886803,1.0511052460725199,2.6726634468674884,0.0075251705365529985,0.048329202908860676
ENSG00000213300.5,57.36996636343583,1.1042586015707745,0.4131948788573769,2.67248859575516,0.007529093362054827,0.048342207467834256
ENSG00000283247.2,4.402204032733991,-5.477932386243596,2.049934990544708,-2.6722468817355045,0.007534519291912949,0.04835496309375152
ENSG00000240065.11,3471.4598739805547,1.6967247483090375,0.6352406750030514,2.670995128422605,0.007562674438031639,0.04850890974845225
ENSG00000285567.3,8.786940305545235,-3.1028916564175555,1.1620320060371545,-2.6702290817266388,0.007579951287392226,0.04854637647502323
ENSG00000260941.1,31.215022627594113,-1.7200354332069052,0.6441174221837057,-2.670375577446098,0.007576644597698403,0.04854637647502323
ENSG00000139985.10,11.305808533449804,2.695282263867441,1.0093234968564722,2.6703849382897262,0.007576433349448186,0.04854637647502323
ENSG00000214575.12,66.72450933423964,-2.0515052131404974,0.7682045591261298,-2.6705194453339156,0.007573398481941517,0.04854637647502323
ENSG00000150893.12,32.016237790782796,-1.9810749278518134,0.7418457999817201,-2.6704672694792224,0.007574575590545843,0.04854637647502323
ENSG00000214128.13,77.9738649066671,-2.848705061878512,1.0672192620923064,-2.669278154044525,0.007601447025839473,0.048664315668406
ENSG00000152213.6,228.77698595376094,1.258215847153909,0.47139000671534087,2.669161053967167,0.007604097850899292,0.048664315668406
ENSG00000186462.10,292.5303425547943,-1.909456836083172,0.7155287930099032,-2.668595386708281,0.007616914682488237,0.048721856825127544
ENSG00000205704.11,14.17971907679329,2.785422164414232,1.0440870807015639,2.6678063696972436,0.00763482449457135,0.04881190128042843
ENSG00000211637.2,1508.5581985367533,2.737208818767139,1.026071108418993,2.6676599665541,0.0076381518326066634,0.0488209197812608
ENSG00000086967.12,28.284934547755455,2.6346356337726937,0.9876814816240876,2.6674952226910724,0.007641897558638213,0.048832607304584524
ENSG00000268621.7,6.359745347604843,5.4617674243841945,2.0479640397393455,2.6669254529876123,0.0076548649193659965,0.04889093890701387
ENSG00000106633.18,25.07189552300429,-1.6206929058104822,0.6077546241841184,-2.6666895508794934,0.007660239574754598,0.04891300130573436
ENSG00000131409.14,177.7631037767557,-1.8920088771895345,0.709577387819427,-2.666388345609193,0.007667106975476433,0.04894458189783465
ENSG00000276368.2,5.200149117890758,3.4636001107745726,1.2992781036305145,2.6657881027136456,0.007680808812713691,0.04900748528773308
ENSG00000290615.2,93.28363989946511,-2.6328011849185557,0.9877323876590249,-2.6655005118931308,0.007687381465933864,0.04903713832176344
ENSG00000211778.2,27.820084771267457,2.403980214558449,0.9019862927566102,2.66520703680708,0.0076940937953592,0.04906766726629799
ENSG00000272690.7,63.03523977920122,-1.1655751774240055,0.43737365568011194,-2.664941434599089,0.007700173147017698,0.049094145238470034
ENSG00000275993.4,723.3870472362809,1.4460856174713395,0.5427456405893055,2.664389189568064,0.00771282723035732,0.04913792455838702
ENSG00000278175.7,75.45641311358759,-1.2881188053798793,0.4834781305382408,-2.664275225739493,0.007715440903847015,0.04914139440655289
ENSG00000271420.1,7.119185016114003,-2.6967679832887614,1.0122253594079562,-2.664197214804105,0.007717230482753388,0.04914139440655289
ENSG00000290848.2,18.456004315648453,-1.7757849232891625,0.6666374199930084,-2.6637942456152355,0.0077264805624554286,0.049187999601675136
ENSG00000253445.2,20.319172466424053,-2.212262569754641,0.8306466475908665,-2.6633016291233953,0.007737801975202261,0.04924776464527156
ENSG00000126453.13,986.3034448303674,1.3105471428434836,0.4921765199183529,2.6627583596651263,0.007750304739747826,0.04931501674397124
ENSG00000213085.11,41.647142680205036,1.6955420200680897,0.6368838963191455,2.662246651026085,0.0077620977183067725,0.04937772002572223
ENSG00000293636.1,10.803881431058066,-1.8217520552291024,0.6844471195622079,-2.661640327150982,0.007776092037308855,0.04943824411792981
ENSG00000112706.13,32.73335435072017,-1.3794929251925068,0.5182980734326085,-2.6615821973952887,0.00777743489382218,0.04943824411792981
ENSG00000304815.1,8.602882160548791,4.269315826681697,1.6044027736467477,2.661000028675905,0.007790895048834366,0.04949909897452236
ENSG00000237594.2,15.912662612562963,3.2938267327311515,1.2379503878209557,2.660709803184404,0.00779761306168879,0.04952942700605365
ENSG00000163170.14,342.89279547412787,1.1473692837931473,0.43124301570467094,2.6606095449877447,0.007799935000484008,0.049531823584474735
ENSG00000152128.15,139.2704665346624,1.0131164871162692,0.3808106505523592,2.6604205676673214,0.007804313322212832,0.04954547153780483
ENSG00000084710.16,672.4769914742316,2.582832501553939,0.9709813892395298,2.6600226638502384,0.007813539358104724,0.049581131288063136
ENSG00000159399.12,4321.700595693045,1.766502368439985,0.664188092271084,2.659641732509409,0.007822381013967827,0.04961251663515302
ENSG00000091656.19,530.8220660294862,-1.1065233782457635,0.4162021196923141,-2.658620237359155,0.007846134820207438,0.049750784168659114
ENSG00000101307.18,97.49889636741594,2.60205366811628,0.9789229077113408,2.6580782282434425,0.007858764899567564,0.04981846708732838
ENSG00000206557.8,36.96403173222097,3.206990889473884,1.2070131984327928,2.6569642267689346,0.007884780936880949,0.04994609680260996
ENSG00000129204.18,32.619839236295455,-2.5818902937039123,0.9717970772589702,-2.656820394013055,0.007888145578601824,0.04994791161695965
ENSG00000185686.18,576.7350135698565,5.062106617903611,1.9055778820696998,2.65646797516642,0.007896395056311139,0.049969957386161744
ENSG00000102383.16,187.92757117728843,-1.2603457504941895,0.4744419304783809,-2.6564805290784057,0.007896101059615107,0.049969957386161744
